LO_ID,Subject,Subject_Name,Priority,BK_Only,ECQB_2026_Change,File_Hits,First_File,DB_Rows,Coverage_Status_Suggested,LO_Text
010.01.01.01.01,010,Air Law and ATC Procedures,LOW,Y,,4,agent_tasklist.md,0,DRAFT_DONE,"Explain the circumstances that led to the establishment of the Convention on International Civil Aviation, Chicago, 7 December 1944."
010.01.01.02.01,010,Air Law and ATC Procedures,LOW,Y,,3,agent_tasklist.md,0,DRAFT_DONE,"Recall the general contents of relevant parts of the following chapters: general principles and application of the Convention; flight over territory of Contracting States; nationality of aircraft; international standards and recommended practices (SARPs), especially notification of differences and validity of endorsed certificates and licences."
010.01.01.02.02,010,Air Law and ATC Procedures,LOW,Y,,3,agent_tasklist.md,0,DRAFT_DONE,General principles - Describe the application of the following terms in civil aviation: sovereignty; territory and high seas according to the UN Convention on the High Seas.
010.01.01.02.03,010,Air Law and ATC Procedures,MED,N,,3,agent_tasklist.md,0,DRAFT_DONE,Explain the following terms and how they apply to international air traffic: right of non-scheduled flight (including the two technical freedoms of the air); scheduled air services; cabotage; landing at customs airports; Rules of the Air; search of aircraft.
010.01.01.02.04,010,Air Law and ATC Procedures,LOW,Y,,3,agent_tasklist.md,0,DRAFT_DONE,Explain the duties of Contracting States in relation to: documents carried on board the aircraft: certificate of registration; certificates of airworthiness; licences of personnel; recognition of certificates and licences; cargo restrictions; photographic apparatus.
010.01.01.03.01,010,Air Law and ATC Procedures,LOW,Y,,3,agent_tasklist.md,0,DRAFT_DONE,Describe the objectives of ICAO.
010.01.01.03.02,010,Air Law and ATC Procedures,LOW,Y,,3,agent_tasklist.md,0,DRAFT_DONE,"Recognise the organisation and duties of the ICAO Assembly, Council and Air Navigation Commission (ANC)."
010.01.01.03.03,010,Air Law and ATC Procedures,LOW,Y,,3,agent_tasklist.md,0,DRAFT_DONE,Describe the annexes to the Convention.
010.01.02.01.01,010,Air Law and ATC Procedures,MED,N,,3,agent_tasklist.md,0,DRAFT_DONE,Explain the two technical freedoms of the air.
010.01.02.02.01,010,Air Law and ATC Procedures,MED,N,,3,agent_tasklist.md,0,DRAFT_DONE,Explain the three commercial freedoms of the air.
010.01.02.03.01,010,Air Law and ATC Procedures,MED,N,,3,agent_tasklist.md,0,DRAFT_DONE,Describe the measures and actions to be taken by the pilot-in-command (PIC) of an aircraft in order to suppress unlawful acts against the safety of the aircraft.
010.01.02.05.01,010,Air Law and ATC Procedures,MED,N,,3,agent_tasklist.md,0,DRAFT_DONE,Explain the legal significance of the issue of a passenger ticket or of baggage/cargo documents (that the issue is a form of contract).
010.01.02.05.02,010,Air Law and ATC Procedures,MED,N,,3,agent_tasklist.md,0,DRAFT_DONE,Describe the consequences for an airline or the PIC when a document of carriage is not issued (that the contract is unaffected).
010.01.02.05.03,010,Air Law and ATC Procedures,LOW,Y,,3,agent_tasklist.md,0,DRAFT_DONE,"Explain the consequences for an airline operator of Regulation (EC) No 261/2004 on passenger rights in the event of delay, cancellation or denial of boarding."
010.01.02.05.04,010,Air Law and ATC Procedures,MED,N,,3,agent_tasklist.md,0,DRAFT_DONE,"Explain the liability limit in relation to destruction, loss, damage or delay of baggage."
010.01.03.01.01,010,Air Law and ATC Procedures,MED,N,,3,agent_tasklist.md,0,DRAFT_DONE,Describe the objectives of IATA.
010.01.04.01.01,010,Air Law and ATC Procedures,LOW,Y,,3,agent_tasklist.md,0,DRAFT_DONE,Describe the objectives of EASA.
010.01.04.01.02,010,Air Law and ATC Procedures,MED,N,,3,agent_tasklist.md,0,DRAFT_DONE,Describe the role of EASA in European civil aviation.
010.01.04.01.03,010,Air Law and ATC Procedures,MED,N,,3,agent_tasklist.md,0,DRAFT_DONE,"State that the structure of the regulatory material related to EASA involves: hard law (regulations, delegated acts, implementing acts, and implementing rules); soft law (certification specifications, acceptable means of compliance, and guidance material)."
010.01.04.01.04,010,Air Law and ATC Procedures,MED,N,,3,agent_tasklist.md,0,DRAFT_DONE,"State the meaning of the terminology associated with the structure of the regulatory material related to EASA, specifically: regulations, delegated acts, implementing acts, and implementing rules, as applicable until 11 September 2023; and certification specifications, acceptable means of compliance, and guidance material."
010.01.04.02.01,010,Air Law and ATC Procedures,LOW,Y,,3,agent_tasklist.md,0,DRAFT_DONE,Describe the Single European Sky (SES) regulations.
010.02.02.01.01,010,Air Law and ATC Procedures,MED,N,,3,agent_tasklist.md,0,DRAFT_DONE,State the issuing authority of a CofA.
010.02.02.01.02,010,Air Law and ATC Procedures,MED,N,,3,agent_tasklist.md,0,DRAFT_DONE,State the necessity to hold a CofA.
010.02.02.01.03,010,Air Law and ATC Procedures,LOW,Y,,3,agent_tasklist.md,0,DRAFT_DONE,Explain the prerequisites for the issue of a CofA according to Commission Regulation (EU) No 748/2012.
010.02.02.01.04,010,Air Law and ATC Procedures,MED,N,,3,agent_tasklist.md,0,DRAFT_DONE,State who shall determine an aircraft’s continuing airworthiness.
010.02.02.01.05,010,Air Law and ATC Procedures,MED,N,,3,agent_tasklist.md,0,DRAFT_DONE,Describe how a CofA can be renewed or may remain valid.
010.02.03.01.01,010,Air Law and ATC Procedures,LOW,Y,,3,agent_tasklist.md,0,DRAFT_DONE,Recall the definition of the following terms: aircraft; heavier-than-air aircraft; State of Registry.
010.02.04.01.01,010,Air Law and ATC Procedures,MED,N,,3,agent_tasklist.md,0,DRAFT_DONE,"State the location of nationality marks, common marks and registration marks."
010.02.04.01.02,010,Air Law and ATC Procedures,MED,N,,3,agent_tasklist.md,0,DRAFT_DONE,"Explain who is responsible for assigning nationality marks, common marks and registration marks."
010.04.01.01.01,010,Air Law and ATC Procedures,LOW,Y,,3,agent_tasklist.md,0,DRAFT_DONE,Describe the relationship and differences between ICAO Annex 1 and the Aircrew Regulation.
010.04.02.01.01,010,Air Law and ATC Procedures,MED,N,,3,agent_tasklist.md,0,DRAFT_DONE,"Define the following: Category, class and type of aircraft, cross-country, dual instruction time, flight time, student pilot-in-command (SPIC), instrument time, instrument flight time, instrument ground time, night, private pilot, proficiency check, renewal, revalidation, skill test, solo flight time."
010.04.02.01.02,010,Air Law and ATC Procedures,MED,N,,3,agent_tasklist.md,0,DRAFT_DONE,"Define the following: multi-crew cooperation (MCC), multi-pilot aircraft, rating."
010.04.02.02.01,010,Air Law and ATC Procedures,LOW,Y,,3,agent_tasklist.md,0,DRAFT_DONE,Explain the structure of Part-FCL.
010.04.02.02.02,010,Air Law and ATC Procedures,MED,N,,3,agent_tasklist.md,0,DRAFT_DONE,"Explain the requirements to act as a flight crew member of a civil aircraft registered in a Member State, and know the general principles of the licensing system (light aircraft pilot licence (LAPL), private pilot licence (PPL), commercial pilot licence (CPL), multi-crew pilot licence (MPL), airline transport pilot licence (ATPL))."
010.04.02.02.03,010,Air Law and ATC Procedures,LOW,Y,,3,agent_tasklist.md,0,DRAFT_DONE,List the two factors that are relevant to the exercise of the privileges of a licence.
010.04.02.02.04,010,Air Law and ATC Procedures,LOW,Y,,3,agent_tasklist.md,0,DRAFT_DONE,State the circumstances in which a language proficiency endorsement is required.
010.04.02.02.05,010,Air Law and ATC Procedures,LOW,Y,,3,agent_tasklist.md,0,DRAFT_DONE,List the restrictions for licence holders with an age of 60 years or more.
010.04.02.02.06,010,Air Law and ATC Procedures,LOW,Y,,3,agent_tasklist.md,0,DRAFT_DONE,Explain the term ‘competent authority’.
010.04.02.02.07,010,Air Law and ATC Procedures,MED,N,,3,agent_tasklist.md,0,DRAFT_DONE,Describe the obligation to carry and present documents  (e.g. a flight crew licence) under Part-FCL.
010.04.02.03.01,010,Air Law and ATC Procedures,LOW,Y,,3,agent_tasklist.md,0,DRAFT_DONE,State the requirements for the issue of a CPL.
010.04.02.03.02,010,Air Law and ATC Procedures,MED,N,,3,agent_tasklist.md,0,DRAFT_DONE,State the privileges of a CPL.
010.04.02.04.01,010,Air Law and ATC Procedures,LOW,Y,,3,agent_tasklist.md,0,DRAFT_DONE,State the requirements for the issue of an ATPL.
010.04.02.04.02,010,Air Law and ATC Procedures,MED,N,,3,agent_tasklist.md,0,DRAFT_DONE,State the privileges of an ATPL.
010.04.02.04.03,010,Air Law and ATC Procedures,LOW,Y,,3,agent_tasklist.md,0,DRAFT_DONE,State the requirements for the issue of an MPL.
010.04.02.04.04,010,Air Law and ATC Procedures,MED,N,,3,agent_tasklist.md,0,DRAFT_DONE,State the privileges of an MPL.
010.04.02.05.01,010,Air Law and ATC Procedures,MED,N,,3,agent_tasklist.md,0,DRAFT_DONE,"State the requirements for class ratings, their validity and privileges."
010.04.02.05.02,010,Air Law and ATC Procedures,MED,N,,3,agent_tasklist.md,0,DRAFT_DONE,"State the requirements for type ratings, their validity and privileges."
010.04.02.05.03,010,Air Law and ATC Procedures,MED,N,,3,agent_tasklist.md,0,DRAFT_DONE,"State the requirements for instrument ratings, their validity and privileges (instrument rating (IR), competency-based instrument rating (CB-IR) and basic instrument rating (BIR)."
010.04.02.05.04,010,Air Law and ATC Procedures,MED,N,,3,agent_tasklist.md,0,DRAFT_DONE,"State the requirements for other ratings, their validity and privileges according to Part-FCL."
010.04.03.01.01,010,Air Law and ATC Procedures,LOW,Y,,3,agent_tasklist.md,0,DRAFT_DONE,Describe the relevant content of Part-MED - Medical requirements (administrative parts and requirements related to licensing only).
010.04.03.01.02,010,Air Law and ATC Procedures,MED,N,,3,agent_tasklist.md,0,DRAFT_DONE,State the requirements for the issue of a medical certificate.
010.04.03.01.03,010,Air Law and ATC Procedures,MED,N,,3,agent_tasklist.md,0,DRAFT_DONE,"Name the class of medical certificate required when exercising the privileges of a CPL, MPL or ATPL."
010.04.03.01.04,010,Air Law and ATC Procedures,MED,N,,3,agent_tasklist.md,0,DRAFT_DONE,State the actions to be taken in case of a decrease in medical fitness.
010.05.01.01.01,010,Air Law and ATC Procedures,MED,N,,3,agent_tasklist.md,0,DRAFT_DONE,Explain the scope and purpose of ICAO Annex 2.
010.05.01.01.02,010,Air Law and ATC Procedures,MED,N,,3,agent_tasklist.md,0,DRAFT_DONE,Explain the scope and main content of SERA.
010.05.02.01.01,010,Air Law and ATC Procedures,MED,N,,3,agent_tasklist.md,0,DRAFT_DONE,"Explain the principle of territorial application of the various Rules of the Air, e.g. ICAO, SERA, national rules."
010.05.02.01.02,010,Air Law and ATC Procedures,MED,N,,3,agent_tasklist.md,0,DRAFT_DONE,Explain the necessity to comply with the Rules of the Air.
010.05.02.01.03,010,Air Law and ATC Procedures,MED,N,,3,agent_tasklist.md,0,DRAFT_DONE,State the responsibilities of the PIC.
010.05.02.01.04,010,Air Law and ATC Procedures,MED,N,,3,agent_tasklist.md,0,DRAFT_DONE,Identify under what circumstances departure from the Rules of the Air may be allowed.
010.05.02.01.05,010,Air Law and ATC Procedures,MED,N,,3,agent_tasklist.md,0,DRAFT_DONE,Explain the duties of the PIC concerning pre-flight actions in case of an instrument flight rule (IFR) flight.
010.05.02.01.06,010,Air Law and ATC Procedures,MED,N,,3,agent_tasklist.md,0,DRAFT_DONE,State that the PIC of an aircraft has final authority as to the disposition of the aircraft while in command.
010.05.02.01.07,010,Air Law and ATC Procedures,MED,N,,3,agent_tasklist.md,0,DRAFT_DONE,"Explain when the use of psychoactive substances, taking into consideration their effects, by flight crew members is prohibited."
010.05.03.01.01,010,Air Law and ATC Procedures,MED,N,,3,agent_tasklist.md,0,DRAFT_DONE,Describe the rules for the avoidance of collisions.
010.05.03.01.02,010,Air Law and ATC Procedures,MED,N,,3,agent_tasklist.md,0,DRAFT_DONE,"Describe the lights, including their angles, to be displayed by aircraft."
010.05.03.01.03,010,Air Law and ATC Procedures,MED,N,,3,agent_tasklist.md,0,DRAFT_DONE,Interpret marshalling signals.
010.05.03.01.04,010,Air Law and ATC Procedures,MED,N,,3,agent_tasklist.md,0,DRAFT_DONE,"State the basic requirements for minimum height (HGT) for the flight over congested areas of cities, towns or settlements, or over an open-air assembly of persons."
010.05.03.01.05,010,Air Law and ATC Procedures,MED,N,,3,agent_tasklist.md,0,DRAFT_DONE,Define when the cruising levels shall be expressed in terms of flight levels (FLs).
010.05.03.01.06,010,Air Law and ATC Procedures,MED,N,,3,agent_tasklist.md,0,DRAFT_DONE,Define under what circumstances cruising levels shall be expressed in terms of altitude (ALT).
010.05.03.01.07,010,Air Law and ATC Procedures,MED,N,,3,agent_tasklist.md,0,DRAFT_DONE,"Explain the limitation for proximity to other aircraft and the right-of-way rules, including holding at runway (RWY) holding positions and lighted stop bars."
010.05.03.01.08,010,Air Law and ATC Procedures,MED,N,,3,agent_tasklist.md,0,DRAFT_DONE,Describe the meaning of light signals displayed to aircraft and by aircraft.
010.05.03.01.09,010,Air Law and ATC Procedures,MED,N,,3,agent_tasklist.md,0,DRAFT_DONE,Describe the requirements when carrying out simulated instrument flights.
010.05.03.01.10,010,Air Law and ATC Procedures,MED,N,,3,agent_tasklist.md,0,DRAFT_DONE,Explain the basic rules for an aircraft operating on and in the vicinity of an aerodrome (AD).
010.05.03.01.11,010,Air Law and ATC Procedures,MED,N,,3,agent_tasklist.md,0,DRAFT_DONE,Explain the requirements for the submission of an air traffic service (ATS) flight plan.
010.05.03.01.12,010,Air Law and ATC Procedures,MED,N,,3,agent_tasklist.md,0,DRAFT_DONE,Explain the actions to be taken in case of flight plan change or delay.
010.05.03.01.13,010,Air Law and ATC Procedures,MED,N,,3,agent_tasklist.md,0,DRAFT_DONE,"State the actions to be taken in case of inadvertent changes to track, true airspeed (TAS) and time estimate affecting the current flight plan."
010.05.03.01.14,010,Air Law and ATC Procedures,MED,N,,3,agent_tasklist.md,0,DRAFT_DONE,Explain the procedures for closing a flight plan.
010.05.03.01.15,010,Air Law and ATC Procedures,MED,N,,3,agent_tasklist.md,0,DRAFT_DONE,State for which flights an air traffic control (ATC) clearance shall be obtained.
010.05.03.01.16,010,Air Law and ATC Procedures,MED,N,,3,agent_tasklist.md,0,DRAFT_DONE,State how a pilot may request ATC clearance.
010.05.03.01.17,010,Air Law and ATC Procedures,MED,N,,3,agent_tasklist.md,0,DRAFT_DONE,State the action to be taken if an ATC clearance is not satisfactory to a PIC.
010.05.03.01.18,010,Air Law and ATC Procedures,MED,N,,3,agent_tasklist.md,0,DRAFT_DONE,Describe the required actions to be carried out if the continuation of a controlled visual flight rule (VFR) flight in visual meteorological conditions (VMC) is not practicable any more.
010.05.03.01.19,010,Air Law and ATC Procedures,MED,N,,3,agent_tasklist.md,0,DRAFT_DONE,Describe the provisions for transmitting a position report to the appropriate ATS unit including time of transmission and normal content of the message.
010.05.03.01.20,010,Air Law and ATC Procedures,MED,N,,3,agent_tasklist.md,0,DRAFT_DONE,Describe the necessary action when an aircraft experiences a communication (COM) failure.
010.05.03.01.21,010,Air Law and ATC Procedures,MED,N,,3,agent_tasklist.md,0,DRAFT_DONE,State what information an aircraft being subjected to unlawful interference shall give to the appropriate ATS unit.
010.05.04.01.01,010,Air Law and ATC Procedures,MED,N,,3,agent_tasklist.md,0,DRAFT_DONE,Describe the VFR as contained in Commission Implementing Regulation (EU) No 923/2012.
010.05.05.01.01,010,Air Law and ATC Procedures,MED,N,,3,agent_tasklist.md,0,DRAFT_DONE,Describe the IFR as contained in Commission Implementing Regulation (EU) No 923/2012.
010.05.06.01.01,010,Air Law and ATC Procedures,MED,N,,3,agent_tasklist.md,0,DRAFT_DONE,List the circumstances in which interception of a civil aircraft may occur.
010.05.06.01.02,010,Air Law and ATC Procedures,MED,N,,3,agent_tasklist.md,0,DRAFT_DONE,State what primary action should be carried out by an intercepted aircraft.
010.05.06.01.03,010,Air Law and ATC Procedures,MED,N,,3,agent_tasklist.md,0,DRAFT_DONE,State which frequency should primarily be tried in order to contact an intercepting aircraft.
010.05.06.01.04,010,Air Law and ATC Procedures,MED,N,,3,agent_tasklist.md,0,DRAFT_DONE,State on which mode and code a transponder on board the intercepted aircraft should be operated.
010.05.06.01.05,010,Air Law and ATC Procedures,MED,N,,3,agent_tasklist.md,0,DRAFT_DONE,Recall the interception signals and phrases.
010.06.02.01.01,010,Air Law and ATC Procedures,LOW,Y,,3,agent_tasklist.md,0,DRAFT_DONE,"Recall all definitions included in ICAO Doc 8168, Volume I, Part I, Section 1, Chapter 1."
010.06.02.01.02,010,Air Law and ATC Procedures,LOW,Y,,3,agent_tasklist.md,0,DRAFT_DONE,"Interpret all abbreviations and acronyms as shown in ICAO Doc 8168, Volume I, Part I, Section 1, Chapter 2."
010.06.03.01.01,010,Air Law and ATC Procedures,LOW,Y,,3,agent_tasklist.md,0,DRAFT_DONE,State the factors dictating the design of instrument departure procedures.
010.06.03.01.02,010,Air Law and ATC Procedures,MED,N,,3,agent_tasklist.md,0,DRAFT_DONE,Explain in which situations the criteria for omnidirectional departures are applied.
010.06.03.02.01,010,Air Law and ATC Procedures,MED,N,,3,agent_tasklist.md,0,DRAFT_DONE,Explain the terms ‘straight departure’ and ‘turning departure’.
010.06.03.03.01,010,Air Law and ATC Procedures,MED,N,,3,agent_tasklist.md,0,DRAFT_DONE,Explain what is the meaning of an ‘omnidirectional departure’.
010.06.04.01.01,010,Air Law and ATC Procedures,MED,N,,3,agent_tasklist.md,0,DRAFT_DONE,State the general criteria (except ‘Speeds for procedure calculations’) of the approach procedure design: instrument approach areas; accuracy of fixes; fixes formed by intersections; intersection fix-tolerance factors; other fix-tolerance factors; descent gradient.
010.06.04.01.02,010,Air Law and ATC Procedures,MED,N,,3,agent_tasklist.md,0,DRAFT_DONE,Name the five possible segments of an instrument approach procedure.
010.06.04.01.03,010,Air Law and ATC Procedures,MED,N,,3,agent_tasklist.md,0,DRAFT_DONE,State the reasons for establishing aircraft categories for the approach.
010.06.04.01.04,010,Air Law and ATC Procedures,MED,N,,3,agent_tasklist.md,0,DRAFT_DONE,State the maximum angle between the final approach track and the extended RWY centre line to still consider a non-precision approach as being a ‘straight-in approach’.
010.06.04.01.05,010,Air Law and ATC Procedures,MED,N,,3,agent_tasklist.md,0,DRAFT_DONE,State the minimum obstacle clearance (MOC) provided by the minimum sector altitudes (MSAs) established for an aerodrome.
010.06.04.01.06,010,Air Law and ATC Procedures,LOW,Y,,3,agent_tasklist.md,0,DRAFT_DONE,State that a pilot shall apply wind corrections when carrying out an instrument approach procedure.
010.06.04.01.07,010,Air Law and ATC Procedures,MED,N,,3,agent_tasklist.md,0,DRAFT_DONE,State the most significant factor influencing the conduct of instrument approach procedures.
010.06.04.01.08,010,Air Law and ATC Procedures,MED,N,,3,agent_tasklist.md,0,DRAFT_DONE,"Explain why a pilot should not descend below obstacle clearance altitude/height (OCA/H), which are established for: precision approach procedures; non-precision approach procedures; visual (circling) procedures; APV approach procedures."
010.06.04.01.09,010,Air Law and ATC Procedures,MED,N,,3,agent_tasklist.md,0,DRAFT_DONE,Describe in general terms the relevant factors for the calculation of operational minima.
010.06.04.01.10,010,Air Law and ATC Procedures,MED,N,,3,agent_tasklist.md,0,DRAFT_DONE,"State the following acronyms in plain language: DA, DH, OCA, OCH, MDA, MDH, MOC, DA/H, OCA/H, MDA/H."
010.06.04.01.11,010,Air Law and ATC Procedures,MED,N,,3,agent_tasklist.md,0,DRAFT_DONE,"Explain the relationship between the terms: DA, DH, OCA, OCH, MDA, MDH, MOC, DA/H, OCA/H, and MDA/H."
010.06.04.02.01,010,Air Law and ATC Procedures,MED,N,,3,agent_tasklist.md,0,DRAFT_DONE,Describe how the vertical cross section for each of the five approach segments is broken down into the various areas.
010.06.04.02.02,010,Air Law and ATC Procedures,MED,N,,3,agent_tasklist.md,0,DRAFT_DONE,State within which area of the cross section the minimum obstacle clearance (MOC) is provided for the whole width of the area.
010.06.04.02.03,010,Air Law and ATC Procedures,MED,N,,3,agent_tasklist.md,0,DRAFT_DONE,"Define the terms ‘IAF’, ‘IF’, ‘FAF’, ‘FAP’, ‘MAPt’ and ‘TP’."
010.06.04.02.04,010,Air Law and ATC Procedures,LOW,Y,,3,agent_tasklist.md,0,DRAFT_DONE,"State the accuracy of facilities providing track (VHF omnidirectional radio range (VOR), instrument landing system (ILS), non-directional beacon (NDB))."
010.06.04.02.05,010,Air Law and ATC Procedures,MED,N,,3,agent_tasklist.md,0,DRAFT_DONE,State the optimum descent gradient (preferred for a precision approach) in degrees and per cent.
010.06.04.03.01,010,Air Law and ATC Procedures,MED,N,,3,agent_tasklist.md,0,DRAFT_DONE,"Name the five standard segments of an instrument approach procedure, and state the beginning and end for each of them."
010.06.04.03.02,010,Air Law and ATC Procedures,MED,N,,3,agent_tasklist.md,0,DRAFT_DONE,Describe where an arrival route normally ends.
010.06.04.03.03,010,Air Law and ATC Procedures,MED,N,,3,agent_tasklist.md,0,DRAFT_DONE,State the main task of the initial approach segment.
010.06.04.03.04,010,Air Law and ATC Procedures,MED,N,,3,agent_tasklist.md,0,DRAFT_DONE,Describe the maximum angle of interception between the initial approach segment and the intermediate approach segment (provided at the intermediate fix) for a precision approach and a non-precision approach.
010.06.04.03.05,010,Air Law and ATC Procedures,MED,N,,3,agent_tasklist.md,0,DRAFT_DONE,Describe the main task of the intermediate approach segment.
010.06.04.03.06,010,Air Law and ATC Procedures,MED,N,,3,agent_tasklist.md,0,DRAFT_DONE,State the main task of the final approach segment.
010.06.04.03.07,010,Air Law and ATC Procedures,MED,N,,3,agent_tasklist.md,0,DRAFT_DONE,Name the two possible aims of a final approach.
010.06.04.03.08,010,Air Law and ATC Procedures,MED,N,,3,agent_tasklist.md,0,DRAFT_DONE,Explain the term ‘final approach point’ in case of an ILS approach.
010.06.04.03.09,010,Air Law and ATC Procedures,MED,N,,3,agent_tasklist.md,0,DRAFT_DONE,State what happens if an ILS glide path (GP) becomes inoperative during the approach.
010.06.04.04.01,010,Air Law and ATC Procedures,MED,N,,3,agent_tasklist.md,0,DRAFT_DONE,Name the three phases of a missed approach procedure and describe their geometric limits.
010.06.04.04.02,010,Air Law and ATC Procedures,MED,N,,3,agent_tasklist.md,0,DRAFT_DONE,State the main task of a missed approach procedure.
010.06.04.04.03,010,Air Law and ATC Procedures,MED,N,,3,agent_tasklist.md,0,DRAFT_DONE,Define the term ‘missed approach point (MAPt)’.
010.06.04.04.04,010,Air Law and ATC Procedures,MED,N,,3,agent_tasklist.md,0,DRAFT_DONE,Describe how an MAPt may be established in an approach procedure.
010.06.04.04.05,010,Air Law and ATC Procedures,MED,N,,3,agent_tasklist.md,0,DRAFT_DONE,"State the pilot’s action if, upon reaching the MAPt, the required visual reference is not established."
010.06.04.04.06,010,Air Law and ATC Procedures,MED,N,,3,agent_tasklist.md,0,DRAFT_DONE,Describe what a pilot is expected to do in the event a missed approach is initiated prior to arriving at the MAPt.
010.06.04.04.07,010,Air Law and ATC Procedures,MED,N,,3,agent_tasklist.md,0,DRAFT_DONE,State whether the pilot is obliged to cross the MAPt at the height (HGT)/altitude (ALT) required by the procedure or whether they are allowed to cross the MAPt at a HGT/ALT greater than that required by the procedure.
010.06.04.05.01,010,Air Law and ATC Procedures,MED,N,,3,agent_tasklist.md,0,DRAFT_DONE,Describe what is meant by ‘visual manoeuvring (circling)’.
010.06.04.05.02,010,Air Law and ATC Procedures,MED,N,,3,agent_tasklist.md,0,DRAFT_DONE,Describe how a prominent obstacle in the visual manoeuvring (circling) area outside the final approach and missed approach area has to be considered for the visual circling.
010.06.04.05.03,010,Air Law and ATC Procedures,MED,N,,3,agent_tasklist.md,0,DRAFT_DONE,State for which category of aircraft the obstacle clearance altitude/height (OCA/H) within an established visual manoeuvring (circling) area is determined.
010.06.04.05.04,010,Air Law and ATC Procedures,MED,N,,3,agent_tasklist.md,0,DRAFT_DONE,Describe how the minimum descent altitude/height (MDA/H) is specified for visual manoeuvring (circling) if the OCA/H is known.
010.06.04.05.05,010,Air Law and ATC Procedures,MED,N,,3,agent_tasklist.md,0,DRAFT_DONE,State the conditions to be fulfilled before descending below MDA/H in a visual manoeuvring (circling) approach.
010.06.04.05.06,010,Air Law and ATC Procedures,MED,N,,3,agent_tasklist.md,0,DRAFT_DONE,Explain why there can be no single procedure designed that will cater for conducting a circling approach in every situation.
010.06.04.05.07,010,Air Law and ATC Procedures,MED,N,,3,agent_tasklist.md,0,DRAFT_DONE,State how the pilot is expected to act after initial visual contact during a visual manoeuvring (circling).
010.06.04.05.08,010,Air Law and ATC Procedures,MED,N,,3,agent_tasklist.md,0,DRAFT_DONE,Describe what the pilot is expected to do if visual reference is lost while circling to land from an instrument approach.
010.06.05.01.01,010,Air Law and ATC Procedures,MED,N,,3,agent_tasklist.md,0,DRAFT_DONE,Explain why deviations from the in-flight procedures of a holding established in accordance with ICAO Doc 8168 are dangerous.
010.06.05.01.02,010,Air Law and ATC Procedures,MED,N,,3,agent_tasklist.md,0,DRAFT_DONE,"State that if for any reason a pilot is unable to conform to the procedures for normal conditions laid down for any particular holding pattern, this pilot should advise ATC as early as possible."
010.06.05.01.03,010,Air Law and ATC Procedures,MED,N,,3,agent_tasklist.md,0,DRAFT_DONE,Describe the shape and terminology associated with the holding pattern.
010.06.05.01.04,010,Air Law and ATC Procedures,MED,N,,3,agent_tasklist.md,0,DRAFT_DONE,State the bank angle and rate of turn to be used whilst flying in a holding pattern.
010.06.05.01.05,010,Air Law and ATC Procedures,MED,N,,3,agent_tasklist.md,0,DRAFT_DONE,Explain why a pilot in a holding pattern should attempt to maintain tracks and how this can be achieved.
010.06.05.01.06,010,Air Law and ATC Procedures,MED,N,,3,agent_tasklist.md,0,DRAFT_DONE,Describe where outbound timing begins in a holding pattern.
010.06.05.01.07,010,Air Law and ATC Procedures,MED,N,,3,agent_tasklist.md,0,DRAFT_DONE,State where the outbound leg in a holding terminates if the outbound leg is based on DME.
010.06.05.01.08,010,Air Law and ATC Procedures,MED,N,,3,agent_tasklist.md,0,DRAFT_DONE,Describe the three heading entry sectors for entries into a holding pattern.
010.06.05.01.09,010,Air Law and ATC Procedures,MED,N,,3,agent_tasklist.md,0,DRAFT_DONE,"Describe the terms ‘parallel entry’, ‘offset entry’ and ‘direct entry’."
010.06.05.01.10,010,Air Law and ATC Procedures,MED,N,,3,agent_tasklist.md,0,DRAFT_DONE,Determine the correct entry procedure for a given holding pattern.
010.06.05.01.11,010,Air Law and ATC Procedures,MED,N,,3,agent_tasklist.md,0,DRAFT_DONE,State the still-air time for flying the outbound entry heading with or without DME.
010.06.05.01.12,010,Air Law and ATC Procedures,MED,N,,3,agent_tasklist.md,0,DRAFT_DONE,Describe what the pilot is expected to do when clearance is received specifying the time of departure from the holding point.
010.06.05.02.01,010,Air Law and ATC Procedures,LOW,Y,,3,agent_tasklist.md,0,DRAFT_DONE,"Describe the layout of the basic holding area, entry area and buffer area of a holding pattern."
010.06.05.02.02,010,Air Law and ATC Procedures,LOW,Y,,3,agent_tasklist.md,0,DRAFT_DONE,"State which obstacle clearance is provided by a minimum permissible holding level referring to the holding area, the buffer area (general only) and over high terrain or in mountainous areas."
010.06.06.01.01,010,Air Law and ATC Procedures,MED,N,,3,agent_tasklist.md,0,DRAFT_DONE,Describe the two main objectives of altimeter settings.
010.06.06.01.02,010,Air Law and ATC Procedures,MED,N,,3,agent_tasklist.md,0,DRAFT_DONE,Define the terms ‘QNH’ and ‘QFE’.
010.06.06.01.03,010,Air Law and ATC Procedures,MED,N,,3,agent_tasklist.md,0,DRAFT_DONE,"Describe the different terms for ALT or flight levels (FLs) respectively, which are the references during climb or descent to change the altimeter settings from QNH to 1013.2 hPa and vice versa."
010.06.06.01.04,010,Air Law and ATC Procedures,MED,N,,3,agent_tasklist.md,0,DRAFT_DONE,Define the term ‘flight level (FL)’.
010.06.06.01.05,010,Air Law and ATC Procedures,MED,N,,3,agent_tasklist.md,0,DRAFT_DONE,State where FL zero shall be located.
010.06.06.01.06,010,Air Law and ATC Procedures,MED,N,,3,agent_tasklist.md,0,DRAFT_DONE,State the interval by which consecutive FLs shall be separated.
010.06.06.01.07,010,Air Law and ATC Procedures,MED,N,,3,agent_tasklist.md,0,DRAFT_DONE,Describe how FLs are defined.
010.06.06.01.08,010,Air Law and ATC Procedures,MED,N,,3,agent_tasklist.md,0,DRAFT_DONE,Define the term ‘transition altitude (TA)’.
010.06.06.01.09,010,Air Law and ATC Procedures,MED,N,,3,agent_tasklist.md,0,DRAFT_DONE,State how TAs shall normally be specified.
010.06.06.01.10,010,Air Law and ATC Procedures,MED,N,,3,agent_tasklist.md,0,DRAFT_DONE,Explain how the HGT of the TA is calculated and expressed in practice.
010.06.06.01.11,010,Air Law and ATC Procedures,MED,N,,3,agent_tasklist.md,0,DRAFT_DONE,State where TAs shall be published.
010.06.06.01.12,010,Air Law and ATC Procedures,MED,N,,3,agent_tasklist.md,0,DRAFT_DONE,Define the term ‘transition level (TRL)’.
010.06.06.01.13,010,Air Law and ATC Procedures,MED,N,,3,agent_tasklist.md,0,DRAFT_DONE,State when the TRL is normally passed on to the aircraft.
010.06.06.01.14,010,Air Law and ATC Procedures,MED,N,,3,agent_tasklist.md,0,DRAFT_DONE,State how the vertical position of the aircraft shall be expressed at or below the TA and TRL.
010.06.06.01.15,010,Air Law and ATC Procedures,MED,N,,3,agent_tasklist.md,0,DRAFT_DONE,Define the term ‘transition layer’.
010.06.06.01.16,010,Air Law and ATC Procedures,MED,N,,3,agent_tasklist.md,0,DRAFT_DONE,Describe when the vertical position of an aircraft passing through the transition layer shall be expressed in terms of FLs and when in terms of ALT.
010.06.06.01.17,010,Air Law and ATC Procedures,MED,N,,3,agent_tasklist.md,0,DRAFT_DONE,State when the QNH altimeter setting shall be made available to departing aircraft.
010.06.06.01.18,010,Air Law and ATC Procedures,MED,N,,3,agent_tasklist.md,0,DRAFT_DONE,Explain when the vertical separation of an aircraft during en-route flight shall be assessed in terms of ALT and when in terms of FLs.
010.06.06.01.19,010,Air Law and ATC Procedures,MED,N,,3,agent_tasklist.md,0,DRAFT_DONE,"Explain when, in air-ground communications during an en-route flight, the vertical position of an aircraft shall be expressed in terms of ALT and when in terms of FLs."
010.06.06.01.20,010,Air Law and ATC Procedures,MED,N,,3,agent_tasklist.md,0,DRAFT_DONE,Describe why QNH altimeter-setting reports should be provided from sufficient locations.
010.06.06.01.21,010,Air Law and ATC Procedures,MED,N,,3,agent_tasklist.md,0,DRAFT_DONE,State how a QNH altimeter setting shall be made available to aircraft approaching a controlled aerodrome (AD) for landing.
010.06.06.01.22,010,Air Law and ATC Procedures,MED,N,,3,agent_tasklist.md,0,DRAFT_DONE,State under which circumstances the vertical position of an aircraft above the TRL may be referenced in ALT.
010.06.06.02.01,010,Air Law and ATC Procedures,MED,N,,3,agent_tasklist.md,0,DRAFT_DONE,State on which setting at least one altimeter shall be set prior to take-off.
010.06.06.02.02,010,Air Law and ATC Procedures,MED,N,,3,agent_tasklist.md,0,DRAFT_DONE,State where during the climb the altimeter setting shall be changed from QNH to 1013.2 hPa.
010.06.06.02.03,010,Air Law and ATC Procedures,MED,N,,3,agent_tasklist.md,0,DRAFT_DONE,Describe when a pilot of an aircraft intending to land at an AD shall obtain the TRL.
010.06.06.02.04,010,Air Law and ATC Procedures,MED,N,,3,agent_tasklist.md,0,DRAFT_DONE,Describe when a pilot of an aircraft intending to land at an AD shall obtain the actual QNH altimeter setting.
010.06.06.02.05,010,Air Law and ATC Procedures,MED,N,,3,agent_tasklist.md,0,DRAFT_DONE,State where the altimeter settings shall be changed from 1013.2 hPa to QNH during descent for landing.
010.06.07.01.01,010,Air Law and ATC Procedures,LOW,Y,,3,agent_tasklist.md,0,DRAFT_DONE,Describe the difference between independent and dependent parallel approaches.
010.06.07.01.02,010,Air Law and ATC Procedures,MED,N,,3,agent_tasklist.md,0,DRAFT_DONE,Describe the following different operations: simultaneous instrument departures; segregated parallel approaches/departures; semi-mixed and mixed operations.
010.06.07.01.03,010,Air Law and ATC Procedures,MED,N,,3,agent_tasklist.md,0,DRAFT_DONE,Describe the terms ‘normal operating zone (NOZ)’ and ‘no transgression zone (NTZ)’.
010.06.07.01.04,010,Air Law and ATC Procedures,MED,N,,3,agent_tasklist.md,0,DRAFT_DONE,State the aircraft avionics requirements for conducting parallel instrument approaches.
010.06.07.01.05,010,Air Law and ATC Procedures,MED,N,,3,agent_tasklist.md,0,DRAFT_DONE,State where guidance material may be located for simultaneous operations on parallel or near-parallel instrument runways.
010.06.07.01.06,010,Air Law and ATC Procedures,MED,N,,3,agent_tasklist.md,0,DRAFT_DONE,"State the radar requirements for simultaneous, independent, and parallel instrument approaches, and how weather conditions effect these."
010.06.07.01.07,010,Air Law and ATC Procedures,MED,N,,3,agent_tasklist.md,0,DRAFT_DONE,"State the maximum angle of interception for an ILS localiser course (CRS) or microwave landing system (MLS) final approach track in case of simultaneous, independent, and parallel instrument approaches."
010.06.07.01.08,010,Air Law and ATC Procedures,MED,N,,3,agent_tasklist.md,0,DRAFT_DONE,Describe the special conditions for tracks on missed approach procedures and departures in case of simultaneous or parallel operations.
010.06.08.01.01,010,Air Law and ATC Procedures,MED,N,,3,agent_tasklist.md,0,DRAFT_DONE,State when and where the pilot shall operate the transponder.
010.06.08.01.02,010,Air Law and ATC Procedures,MED,N,,3,agent_tasklist.md,0,DRAFT_DONE,State the modes and codes that the pilot shall operate in the absence of any ATC directions or regional air navigation agreements.
010.06.08.01.03,010,Air Law and ATC Procedures,MED,N,,3,agent_tasklist.md,0,DRAFT_DONE,State when the pilot shall operate Mode C.
010.06.08.01.04,010,Air Law and ATC Procedures,MED,N,,3,agent_tasklist.md,0,DRAFT_DONE,State when the pilot shall ‘SQUAWK IDENT’.
010.06.08.01.05,010,Air Law and ATC Procedures,HIGH,N,"Loss of comms — SERA 2024/404: 7601 added, 20-min rule replaces 7-min",3,agent_tasklist.md,0,DRAFT_DONE,State the transponder code to indicate: a state of emergency; a COM failure; unlawful interference.
010.06.08.01.06,010,Air Law and ATC Procedures,MED,N,,3,agent_tasklist.md,0,DRAFT_DONE,Describe the consequences of a transponder failure in flight.
010.06.08.01.07,010,Air Law and ATC Procedures,MED,N,,3,agent_tasklist.md,0,DRAFT_DONE,State the primary action of the pilot in the case of an unserviceable transponder before departure when no repair or replacement at the given AD is possible.
010.06.08.02.01,010,Air Law and ATC Procedures,MED,N,,3,agent_tasklist.md,0,DRAFT_DONE,Describe the main reason for using ACAS.
010.06.08.02.02,010,Air Law and ATC Procedures,MED,N,,3,agent_tasklist.md,0,DRAFT_DONE,State whether the ‘use of ACAS indications’ described in ICAO Doc 8168 is absolutely mandatory.
010.06.08.02.03,010,Air Law and ATC Procedures,MED,N,,3,agent_tasklist.md,0,DRAFT_DONE,Explain the pilots’ reaction required to allow ACAS to fulfil its role of assisting pilots in the avoidance of potential collisions.
010.06.08.02.04,010,Air Law and ATC Procedures,MED,N,,3,agent_tasklist.md,0,DRAFT_DONE,Explain why pilots shall not manoeuvre their aircraft in response to traffic advisories (TAs) only.
010.06.08.02.05,010,Air Law and ATC Procedures,MED,N,,3,agent_tasklist.md,0,DRAFT_DONE,Explain the significance of TAs in view of possible resolution advisories (RAs).
010.06.08.02.06,010,Air Law and ATC Procedures,MED,N,,3,agent_tasklist.md,0,DRAFT_DONE,State why a pilot should follow RAs immediately.
010.06.08.02.07,010,Air Law and ATC Procedures,MED,N,,3,agent_tasklist.md,0,DRAFT_DONE,List the reasons which may force a pilot to disregard an RA.
010.06.08.02.08,010,Air Law and ATC Procedures,MED,N,,3,agent_tasklist.md,0,DRAFT_DONE,Explain the importance of instructing ATC immediately that an RA has been followed.
010.06.08.02.09,010,Air Law and ATC Procedures,MED,N,,3,agent_tasklist.md,0,DRAFT_DONE,Explain the duties of a pilot with regard to ATC when an RA situation is resolved.
010.06.09.01.01,010,Air Law and ATC Procedures,MED,N,,3,agent_tasklist.md,0,DRAFT_DONE,Describe the subject matter and scope of that Regulation.
010.06.09.01.02,010,Air Law and ATC Procedures,LOW,Y,,3,agent_tasklist.md,0,DRAFT_DONE,State that Reg. (EU) 965/2012 covers all types of commercial and non-commercial operations.
010.06.09.02.01,010,Air Law and ATC Procedures,MED,N,,3,agent_tasklist.md,0,DRAFT_DONE,Recall the definitions in the Regulation not already given in ICAO PAN-OPS.
010.06.09.03.01,010,Air Law and ATC Procedures,MED,N,,3,agent_tasklist.md,0,DRAFT_DONE,Describe the scope of these Parts.
010.06.09.03.02,010,Air Law and ATC Procedures,LOW,Y,,3,agent_tasklist.md,0,DRAFT_DONE,"Explain the main content of these Parts, except the operational procedures."
010.07.01.01.01,010,Air Law and ATC Procedures,LOW,Y,,3,agent_tasklist.md,0,DRAFT_DONE,Recall the definitions given in ICAO Annex 11.
010.07.01.02.01,010,Air Law and ATC Procedures,LOW,Y,,3,agent_tasklist.md,0,DRAFT_DONE,State the objectives of ATS.
010.07.01.02.02,010,Air Law and ATC Procedures,LOW,Y,,3,agent_tasklist.md,0,DRAFT_DONE,Describe the three basic types of ATS.
010.07.01.02.03,010,Air Law and ATC Procedures,LOW,Y,,3,agent_tasklist.md,0,DRAFT_DONE,Describe the three basic types of ATC services.
010.07.01.02.04,010,Air Law and ATC Procedures,MED,N,,3,agent_tasklist.md,0,DRAFT_DONE,State on which frequencies a pilot can expect ATC to contact them in case of an emergency.
010.07.01.02.05,010,Air Law and ATC Procedures,MED,N,,3,agent_tasklist.md,0,DRAFT_DONE,Describe the procedure for the transfer of an aircraft from one ATC unit to another.
010.07.01.03.01,010,Air Law and ATC Procedures,MED,N,,3,agent_tasklist.md,0,DRAFT_DONE,Describe the purpose for establishing flight information regions (FIRs) including upper flight information regions (UIRs).
010.07.01.03.02,010,Air Law and ATC Procedures,MED,N,,3,agent_tasklist.md,0,DRAFT_DONE,Describe the various rules and services that apply to the various classes of airspace.
010.07.01.03.03,010,Air Law and ATC Procedures,MED,N,,3,agent_tasklist.md,0,DRAFT_DONE,Explain which airspace shall be included in an FIR or UIR.
010.07.01.03.04,010,Air Law and ATC Procedures,MED,N,,3,agent_tasklist.md,0,DRAFT_DONE,State the designation for those portions of the airspace where flight information service (FIS) and alerting service shall be provided.
010.07.01.03.05,010,Air Law and ATC Procedures,MED,N,,3,agent_tasklist.md,0,DRAFT_DONE,State the designations for those portions of the airspace where ATC services shall be provided.
010.07.01.03.06,010,Air Law and ATC Procedures,MED,N,,3,agent_tasklist.md,0,DRAFT_DONE,Identify whether or not control areas (CTAs) and control zones (CTRs) designated within an FIR shall form part of that FIR.
010.07.01.03.07,010,Air Law and ATC Procedures,MED,N,,3,agent_tasklist.md,0,DRAFT_DONE,State the lower limit of a CTA as far as ICAO Standards are concerned.
010.07.01.03.08,010,Air Law and ATC Procedures,MED,N,,3,agent_tasklist.md,0,DRAFT_DONE,State whether or not the lower limit of a CTA has to be established uniformly.
010.07.01.03.09,010,Air Law and ATC Procedures,MED,N,,3,agent_tasklist.md,0,DRAFT_DONE,Explain why a UIR or upper CTA should be delineated to include the upper airspace within the lateral limits of a number of lower FIRs or CTAs.
010.07.01.03.10,010,Air Law and ATC Procedures,MED,N,,3,agent_tasklist.md,0,DRAFT_DONE,Describe in general the lateral limits of CTRs.
010.07.01.03.11,010,Air Law and ATC Procedures,MED,N,,3,agent_tasklist.md,0,DRAFT_DONE,State the minimum extension (in NM) of the lateral limits of a CTR.
010.07.01.03.12,010,Air Law and ATC Procedures,MED,N,,3,agent_tasklist.md,0,DRAFT_DONE,State the upper limits of a CTR located within the lateral limits of a CTA.
010.07.01.04.01,010,Air Law and ATC Procedures,MED,N,,3,agent_tasklist.md,0,DRAFT_DONE,Name all classes of airspace in which ATC services shall be provided.
010.07.01.04.02,010,Air Law and ATC Procedures,MED,N,,3,agent_tasklist.md,0,DRAFT_DONE,"Name the ATS units providing ATC services (area control service, approach control service, aerodrome control service)."
010.07.01.04.03,010,Air Law and ATC Procedures,MED,N,,3,agent_tasklist.md,0,DRAFT_DONE,Describe which unit(s) may be assigned with the task to provide specified services on the apron.
010.07.01.04.04,010,Air Law and ATC Procedures,MED,N,,3,agent_tasklist.md,0,DRAFT_DONE,State the purpose of clearances issued by an ATC unit.
010.07.01.04.05,010,Air Law and ATC Procedures,MED,N,,3,agent_tasklist.md,0,DRAFT_DONE,List the various (five possible) parts of an ATC clearance.
010.07.01.04.06,010,Air Law and ATC Procedures,MED,N,,3,agent_tasklist.md,0,DRAFT_DONE,"Explain why the movement of persons, vehicles and towed aircraft on the manoeuvring area of an AD shall be controlled by the aerodrome control tower (TWR) (as necessary)."
010.07.01.05.01,010,Air Law and ATC Procedures,LOW,Y,,3,agent_tasklist.md,0,DRAFT_DONE,State for which aircraft FIS shall be provided.
010.07.01.05.02,010,Air Law and ATC Procedures,LOW,Y,,3,agent_tasklist.md,0,DRAFT_DONE,State whether or not FIS shall include the provision of pertinent significant meteorological information (SIGMET) and air meteorological information report (AIRMET) information.
010.07.01.05.03,010,Air Law and ATC Procedures,LOW,Y,,3,agent_tasklist.md,0,DRAFT_DONE,State which information FIS shall include in addition to SIGMET and AIRMET information.
010.07.01.05.04,010,Air Law and ATC Procedures,LOW,Y,,3,agent_tasklist.md,0,DRAFT_DONE,Indicate which other information the FIS shall include in addition to the special information given in Annex 11.
010.07.01.05.05,010,Air Law and ATC Procedures,LOW,Y,,3,agent_tasklist.md,0,DRAFT_DONE,State the meaning of the acronym ‘ATIS’ in plain language.
010.07.01.05.06,010,Air Law and ATC Procedures,MED,N,,3,agent_tasklist.md,0,DRAFT_DONE,"List the basic information concerning automatic terminal information service (ATIS) broadcasts (e.g. frequencies used, number of ADs included, updating, identification, acknowledgment of receipt, language and channels, ALT- setting)."
010.07.01.05.07,010,Air Law and ATC Procedures,MED,N,,3,agent_tasklist.md,0,DRAFT_DONE,State the content of an ATIS message.
010.07.01.05.08,010,Air Law and ATC Procedures,MED,N,,3,agent_tasklist.md,0,DRAFT_DONE,State the reasons and circumstances when an ATIS message shall be updated.
010.07.01.06.01,010,Air Law and ATC Procedures,MED,N,,3,agent_tasklist.md,0,DRAFT_DONE,State who provides the alerting service.
010.07.01.06.02,010,Air Law and ATC Procedures,MED,N,,3,agent_tasklist.md,0,DRAFT_DONE,State who is responsible for initiating the appropriate emergency phase.
010.07.01.06.03,010,Air Law and ATC Procedures,MED,N,,3,agent_tasklist.md,0,DRAFT_DONE,State the aircraft to which alerting service shall be provided.
010.07.01.06.04,010,Air Law and ATC Procedures,MED,N,,3,agent_tasklist.md,0,DRAFT_DONE,State which unit shall be notified by the responsible ATS unit immediately when an aircraft is considered to be in a state of emergency.
010.07.01.06.05,010,Air Law and ATC Procedures,MED,N,,3,agent_tasklist.md,0,DRAFT_DONE,Name the three stages of emergency and describe the basic conditions for each kind of emergency.
010.07.01.06.06,010,Air Law and ATC Procedures,LOW,Y,,3,agent_tasklist.md,0,DRAFT_DONE,"State the meaning of the expressions ‘INCERFA’, ‘ALERFA’ and ‘DETRESFA’."
010.07.01.06.07,010,Air Law and ATC Procedures,LOW,Y,,3,agent_tasklist.md,0,DRAFT_DONE,State the information to be provided to those aircraft that operate in the vicinity of an aircraft that is either in a state of emergency or unlawful interference.
010.07.01.07.01,010,Air Law and ATC Procedures,MED,N,,3,agent_tasklist.md,0,DRAFT_DONE,State the meaning of the acronym ‘RNP’.
010.07.01.07.02,010,Air Law and ATC Procedures,MED,N,,3,agent_tasklist.md,0,DRAFT_DONE,State the factors that RNP is based on.
010.07.01.07.03,010,Air Law and ATC Procedures,LOW,Y,,3,agent_tasklist.md,0,DRAFT_DONE,Describe the reason for establishing a system of route designators and navigation specifications.
010.07.01.07.04,010,Air Law and ATC Procedures,MED,N,,3,agent_tasklist.md,0,DRAFT_DONE,State whether or not a prescribed RNP type is considered an integral part of the ATS route designator.
010.07.01.07.05,010,Air Law and ATC Procedures,MED,N,,3,agent_tasklist.md,0,DRAFT_DONE,Explain the composition of an ATS route designator.
010.07.02.01.01,010,Air Law and ATC Procedures,MED,N,,3,agent_tasklist.md,0,DRAFT_DONE,"State which ATS units provide clearances that do, and do not, include the prevention of collision with terrain."
010.07.02.02.01,010,Air Law and ATC Procedures,LOW,Y,,3,agent_tasklist.md,0,DRAFT_DONE,"Recall all definitions given in ICAO Doc 4444 except the following: accepting unit/controller, AD taxi circuit, aeronautical fixed service (AFS), aeronautical fixed station, air-taxiing, allocation, approach funnel, assignment, data convention, data processing, discrete code, D-value, flight status, ground effect, receiving unit/controller, sending unit/controller, transfer of control point, transferring unit/controller, unmanned free balloon."
010.07.02.03.01,010,Air Law and ATC Procedures,LOW,Y,,3,agent_tasklist.md,0,DRAFT_DONE,Explain when and where ATFM services shall be implemented.
010.07.02.04.01,010,Air Law and ATC Procedures,LOW,Y,,3,agent_tasklist.md,0,DRAFT_DONE,"Describe who is responsible for the provision of flight information and alerting services within an FIR, within controlled airspace and at controlled ADs."
010.07.02.05.01,010,Air Law and ATC Procedures,MED,N,,3,agent_tasklist.md,0,DRAFT_DONE,State which information the issue of an ATC clearance is based on.
010.07.02.05.02,010,Air Law and ATC Procedures,MED,N,,3,agent_tasklist.md,0,DRAFT_DONE,Describe what a PIC should do if an ATC clearance is not suitable.
010.07.02.05.03,010,Air Law and ATC Procedures,MED,N,,3,agent_tasklist.md,0,DRAFT_DONE,State who bears the responsibility for adhering to the applicable rules and regulations whilst flying under the control of an ATC unit.
010.07.02.05.04,010,Air Law and ATC Procedures,LOW,Y,,3,agent_tasklist.md,0,DRAFT_DONE,State the two primary purposes of clearances issued by ATC units.
010.07.02.05.05,010,Air Law and ATC Procedures,MED,N,,3,agent_tasklist.md,0,DRAFT_DONE,State why clearances must be issued ‘early enough’ to aircraft.
010.07.02.05.06,010,Air Law and ATC Procedures,MED,N,,3,agent_tasklist.md,0,DRAFT_DONE,Explain what is meant by the expression ‘clearance limit’.
010.07.02.05.07,010,Air Law and ATC Procedures,MED,N,,3,agent_tasklist.md,0,DRAFT_DONE,"Explain the meaning of the phrases ‘cleared via flight planned route’, ‘cleared via (designation) departure’ and ‘cleared via (designation) arrival’ in an ATC clearance."
010.07.02.05.08,010,Air Law and ATC Procedures,MED,N,,3,agent_tasklist.md,0,DRAFT_DONE,List which items of an ATC clearance shall always be read back by the flight crew.
010.07.02.06.01,010,Air Law and ATC Procedures,MED,N,,3,agent_tasklist.md,0,DRAFT_DONE,Explain the reason for speed control by ATC
010.07.02.06.02,010,Air Law and ATC Procedures,LOW,Y,,3,agent_tasklist.md,0,DRAFT_DONE,Define the maximum speed changes that ATC may impose.
010.07.02.06.03,010,Air Law and ATC Procedures,MED,N,,3,agent_tasklist.md,0,DRAFT_DONE,State within what distance from the THR the PIC should not expect any kind of speed control.
010.07.02.07.01,010,Air Law and ATC Procedures,MED,N,,3,agent_tasklist.md,0,DRAFT_DONE,Explain how the change from IFR to VFR can be initiated by the PIC.
010.07.02.07.02,010,Air Law and ATC Procedures,MED,N,,3,agent_tasklist.md,0,DRAFT_DONE,Describe the expected reaction of the appropriate ATC unit upon a request to change from IFR to VFR.
010.07.02.08.01,010,Air Law and ATC Procedures,MED,N,,3,agent_tasklist.md,0,DRAFT_DONE,State the wake-turbulence categories of aircraft.
010.07.02.08.02,010,Air Law and ATC Procedures,MED,N,,3,agent_tasklist.md,0,DRAFT_DONE,State the wake-turbulence separation minima.
010.07.02.08.03,010,Air Law and ATC Procedures,MED,N,,3,agent_tasklist.md,0,DRAFT_DONE,Describe how a ‘heavy’ aircraft shall indicate this in the initial radiotelephony contact with ATS.
010.07.02.09.01,010,Air Law and ATC Procedures,MED,N,,3,agent_tasklist.md,0,DRAFT_DONE,Define the following terms: TRL; transition layer; and TA.
010.07.02.09.02,010,Air Law and ATC Procedures,MED,N,,3,agent_tasklist.md,0,DRAFT_DONE,"Describe how the vertical position of an aircraft in the vicinity of an AD shall be expressed at or below the TA, at or above the TRL, and while climbing or descending through the transition layer."
010.07.02.09.03,010,Air Law and ATC Procedures,MED,N,,3,agent_tasklist.md,0,DRAFT_DONE,Describe when the HGT of an aircraft using QFE during an NDB approach is referred to the landing THR instead of the AD elevation.
010.07.02.09.04,010,Air Law and ATC Procedures,MED,N,,3,agent_tasklist.md,0,DRAFT_DONE,State in which margin altimeter settings provided to aircraft shall be rounded up or down.
010.07.02.09.05,010,Air Law and ATC Procedures,MED,N,,3,agent_tasklist.md,0,DRAFT_DONE,Describe the expression ‘lowest usable FL’.
010.07.02.09.06,010,Air Law and ATC Procedures,MED,N,,3,agent_tasklist.md,0,DRAFT_DONE,Determine how the vertical position of an aircraft on an en-route flight is expressed at or above the lowest usable FL and below the lowest usable FL.
010.07.02.09.07,010,Air Law and ATC Procedures,MED,N,,3,agent_tasklist.md,0,DRAFT_DONE,State who establishes the TRL to be used in the vicinity of an AD.
010.07.02.09.08,010,Air Law and ATC Procedures,MED,N,,3,agent_tasklist.md,0,DRAFT_DONE,Decide how and when a flight crew member shall be informed about the TRL.
010.07.02.09.09,010,Air Law and ATC Procedures,MED,N,,3,agent_tasklist.md,0,DRAFT_DONE,State whether or not the pilot can request TRL to be included in the approach clearance.
010.07.02.10.01,010,Air Law and ATC Procedures,MED,N,,3,agent_tasklist.md,0,DRAFT_DONE,Describe when position reports shall be made by an aircraft flying on routes defined by designated significant points.
010.07.02.10.02,010,Air Law and ATC Procedures,MED,N,,3,agent_tasklist.md,0,DRAFT_DONE,List the six items that are normally included in a voice position report.
010.07.02.10.03,010,Air Law and ATC Procedures,LOW,Y,,3,agent_tasklist.md,0,DRAFT_DONE,"State the requirements for using a simplified position report with FL, next position (and time-over) and ensuing significant points omitted."
010.07.02.10.04,010,Air Law and ATC Procedures,MED,N,,3,agent_tasklist.md,0,DRAFT_DONE,State the item of a position report which must be forwarded on to ATC with the initial call after changing to a new frequency.
010.07.02.10.05,010,Air Law and ATC Procedures,MED,N,,3,agent_tasklist.md,0,DRAFT_DONE,Indicate the item of a position report which may be omitted if secondary surveillance radar (SSR) Mode C is used.
010.07.02.10.06,010,Air Law and ATC Procedures,MED,N,,3,agent_tasklist.md,0,DRAFT_DONE,Explain in which circumstances the airspeed should be included in a position report.
010.07.02.10.07,010,Air Law and ATC Procedures,MED,N,,3,agent_tasklist.md,0,DRAFT_DONE,Explain the meaning of the acronym ‘ADS’.
010.07.02.10.08,010,Air Law and ATC Procedures,MED,N,,3,agent_tasklist.md,0,DRAFT_DONE,Describe which expression shall precede the level figures in a position report if the level is reported in relation to 1013.2 hPa (standard pressure).
010.07.02.11.01,010,Air Law and ATC Procedures,MED,N,,3,agent_tasklist.md,0,DRAFT_DONE,List the occasions when special air-reports shall be made.
010.07.02.12.01,010,Air Law and ATC Procedures,MED,N,,3,agent_tasklist.md,0,DRAFT_DONE,Explain the general provisions for the separation of controlled air traffic.
010.07.02.12.02,010,Air Law and ATC Procedures,LOW,Y,,3,agent_tasklist.md,0,DRAFT_DONE,Name the different kinds of separation used in aviation.
010.07.02.12.03,010,Air Law and ATC Procedures,MED,N,,3,agent_tasklist.md,0,DRAFT_DONE,State the difference between the type of separation provided within the various classes of airspace and the various types of flight.
010.07.02.12.04,010,Air Law and ATC Procedures,MED,N,,3,agent_tasklist.md,0,DRAFT_DONE,State who is responsible for the avoidance of collision with other aircraft when operating in VMC.
010.07.02.12.05,010,Air Law and ATC Procedures,MED,N,,3,agent_tasklist.md,0,DRAFT_DONE,Describe how vertical separation is obtained.
010.07.02.12.06,010,Air Law and ATC Procedures,MED,N,,3,agent_tasklist.md,0,DRAFT_DONE,State the required vertical separation minimum.
010.07.02.12.07,010,Air Law and ATC Procedures,MED,N,,3,agent_tasklist.md,0,DRAFT_DONE,Describe how the cruising levels of aircraft flying to the same destination and in the expected approach sequence are correlated with each other.
010.07.02.12.08,010,Air Law and ATC Procedures,MED,N,,3,agent_tasklist.md,0,DRAFT_DONE,Name the conditions that must be adhered to when two aircraft are cleared to maintain a specified vertical separation between them during climb or descent.
010.07.02.12.09,010,Air Law and ATC Procedures,MED,N,,3,agent_tasklist.md,0,DRAFT_DONE,State the two main methods for horizontal separation.
010.07.02.12.10,010,Air Law and ATC Procedures,MED,N,,3,agent_tasklist.md,0,DRAFT_DONE,Describe how lateral separation of aircraft at the same level may be obtained.
010.07.02.12.11,010,Air Law and ATC Procedures,MED,N,,3,agent_tasklist.md,0,DRAFT_DONE,Explain the term ‘geographical separation’.
010.07.02.12.12,010,Air Law and ATC Procedures,MED,N,,3,agent_tasklist.md,0,DRAFT_DONE,Describe track separation between aircraft using the same navigation aid or method.
010.07.02.12.13,010,Air Law and ATC Procedures,MED,N,,3,agent_tasklist.md,0,DRAFT_DONE,Describe the three basic means for the establishment of longitudinal separation.
010.07.02.12.14,010,Air Law and ATC Procedures,MED,N,,3,agent_tasklist.md,0,DRAFT_DONE,State the minimum standard horizontal radar separation in NM.
010.07.02.12.15,010,Air Law and ATC Procedures,MED,N,,3,agent_tasklist.md,0,DRAFT_DONE,Describe the method of the Mach number technique.
010.07.02.13.01,010,Air Law and ATC Procedures,MED,N,,3,agent_tasklist.md,0,DRAFT_DONE,Describe the expression ‘essential local traffic’.
010.07.02.13.02,010,Air Law and ATC Procedures,MED,N,,3,agent_tasklist.md,0,DRAFT_DONE,State which possible decision the PIC may choose to take if they are asked to accept take-off in a direction which is not ‘into the wind’.
010.07.02.13.03,010,Air Law and ATC Procedures,MED,N,,3,agent_tasklist.md,0,DRAFT_DONE,State the condition to enable ATC to initiate a visual approach for an IFR flight.
010.07.02.13.04,010,Air Law and ATC Procedures,MED,N,,3,agent_tasklist.md,0,DRAFT_DONE,State whether or not separation shall be provided by ATC between an aircraft executing a visual approach and other arriving or departing aircraft.
010.07.02.13.05,010,Air Law and ATC Procedures,MED,N,,3,agent_tasklist.md,0,DRAFT_DONE,"State in which case, when the flight crew are not familiar with the instrument approach procedure being carried out, only the final approach track has to be given to them by ATC."
010.07.02.13.06,010,Air Law and ATC Procedures,MED,N,,3,agent_tasklist.md,0,DRAFT_DONE,Describe which FL should be assigned to an aircraft first arriving over a holding fix for landing.
010.07.02.13.07,010,Air Law and ATC Procedures,MED,N,,3,agent_tasklist.md,0,DRAFT_DONE,State which kinds of priority can be applied to aircraft for a landing.
010.07.02.13.08,010,Air Law and ATC Procedures,MED,N,,3,agent_tasklist.md,0,DRAFT_DONE,Describe the situation when a pilot of an aircraft in an approach sequence indicates their intention to hold for weather improvements.
010.07.02.13.09,010,Air Law and ATC Procedures,MED,N,,3,agent_tasklist.md,0,DRAFT_DONE,Explain the term ‘expected approach time’ and the procedures for its use.
010.07.02.13.10,010,Air Law and ATC Procedures,MED,N,,3,agent_tasklist.md,0,DRAFT_DONE,State the reasons which could probably lead to the decision to use another take-off or landing direction than the one into the wind.
010.07.02.13.11,010,Air Law and ATC Procedures,MED,N,,3,agent_tasklist.md,0,DRAFT_DONE,State the possible consequences for a PIC if the ‘RWY-in-use’ is not considered suitable for the operation involved.
010.07.02.14.01,010,Air Law and ATC Procedures,MED,N,,3,agent_tasklist.md,0,DRAFT_DONE,State the minimum separation between departing and arriving aircraft.
010.07.02.14.02,010,Air Law and ATC Procedures,MED,N,,3,agent_tasklist.md,0,DRAFT_DONE,State the non-radar wake-turbulence longitudinal separation minima.
010.07.02.14.03,010,Air Law and ATC Procedures,MED,N,,3,agent_tasklist.md,0,DRAFT_DONE,Describe the consequences of a clearance to ‘maintain own separation’ while in VMC.
010.07.02.14.04,010,Air Law and ATC Procedures,MED,N,,3,agent_tasklist.md,0,DRAFT_DONE,Give a brief description of ‘essential traffic’ and ‘essential traffic information’.
010.07.02.14.05,010,Air Law and ATC Procedures,MED,N,,3,agent_tasklist.md,0,DRAFT_DONE,Describe the circumstances under which a reduction in separation minima may be allowed.
010.07.02.15.01,010,Air Law and ATC Procedures,MED,N,,3,agent_tasklist.md,0,DRAFT_DONE,List the elements of information which shall be transmitted to an aircraft as early as practicable if an approach for landing is intended.
010.07.02.15.02,010,Air Law and ATC Procedures,MED,N,,3,agent_tasklist.md,0,DRAFT_DONE,List the elements of information to be transmitted to an aircraft at the commencement of final approach.
010.07.02.15.03,010,Air Law and ATC Procedures,MED,N,,3,agent_tasklist.md,0,DRAFT_DONE,List the elements of information to be transmitted to an aircraft during final approach.
010.07.02.15.04,010,Air Law and ATC Procedures,MED,N,,3,agent_tasklist.md,0,DRAFT_DONE,State the prerequisites for operating on parallel or near-parallel RWYs including the different combinations of parallel arrivals or departures.
010.07.02.15.05,010,Air Law and ATC Procedures,MED,N,,3,agent_tasklist.md,0,DRAFT_DONE,State the sequence of priority between aircraft landing (or in the final stage of an approach to land) and aircraft intending to depart.
010.07.02.15.06,010,Air Law and ATC Procedures,MED,N,,3,agent_tasklist.md,0,DRAFT_DONE,State the significant changes in the meteorological conditions in the take-off or climb-out area that shall be transmitted without delay to a departing aircraft.
010.07.02.15.07,010,Air Law and ATC Procedures,MED,N,,3,agent_tasklist.md,0,DRAFT_DONE,"State the significant changes that shall be transmitted as early as practicably possible to an arriving aircraft, particularly changes in the meteorological conditions."
010.07.02.16.01,010,Air Law and ATC Procedures,MED,N,,3,agent_tasklist.md,0,DRAFT_DONE,Name the operational failure or irregularity of AD equipment which shall be reported by the TWR immediately.
010.07.02.16.02,010,Air Law and ATC Procedures,MED,N,,3,agent_tasklist.md,0,DRAFT_DONE,"Explain that, after a given period of time, the TWR shall report to the area control centre (ACC) or flight information centre (FIC) if an aircraft does not land as expected."
010.07.02.16.03,010,Air Law and ATC Procedures,MED,N,,3,agent_tasklist.md,0,DRAFT_DONE,Describe the procedures to be observed by the TWR whenever VFR operations are suspended.
010.07.02.16.04,010,Air Law and ATC Procedures,MED,N,,3,agent_tasklist.md,0,DRAFT_DONE,Explain the term ‘RWY-in-use’ and its selection.
010.07.02.16.05,010,Air Law and ATC Procedures,MED,N,,3,agent_tasklist.md,0,DRAFT_DONE,List the information the TWR should give to an aircraft prior to: taxiing for take-off; take-off; entering the traffic circuit.
010.07.02.16.06,010,Air Law and ATC Procedures,MED,N,,3,agent_tasklist.md,0,DRAFT_DONE,Explain that a report of surface wind direction given to a pilot by the TWR is magnetic.
010.07.02.16.07,010,Air Law and ATC Procedures,MED,N,,3,agent_tasklist.md,0,DRAFT_DONE,Explain the exact meaning of the expression ‘RWY vacated’.
010.07.02.17.01,010,Air Law and ATC Procedures,MED,N,,3,agent_tasklist.md,0,DRAFT_DONE,State the basic identification procedures used with radar.
010.07.02.17.02,010,Air Law and ATC Procedures,MED,N,,3,agent_tasklist.md,0,DRAFT_DONE,Define the term ‘PSR’.
010.07.02.17.03,010,Air Law and ATC Procedures,MED,N,,3,agent_tasklist.md,0,DRAFT_DONE,Describe the circumstances under which an aircraft provided with radar service should be informed of its position.
010.07.02.17.04,010,Air Law and ATC Procedures,MED,N,,3,agent_tasklist.md,0,DRAFT_DONE,List the possible forms of position information passed on to the aircraft by radar services.
010.07.02.17.05,010,Air Law and ATC Procedures,MED,N,,3,agent_tasklist.md,0,DRAFT_DONE,Describe the term ‘radar vectoring’.
010.07.02.17.06,010,Air Law and ATC Procedures,MED,N,,3,agent_tasklist.md,0,DRAFT_DONE,State the aims of radar vectoring as shown in ICAO Doc 4444.
010.07.02.17.07,010,Air Law and ATC Procedures,MED,N,,3,agent_tasklist.md,0,DRAFT_DONE,Describe how radar vectoring shall be achieved.
010.07.02.17.08,010,Air Law and ATC Procedures,MED,N,,3,agent_tasklist.md,0,DRAFT_DONE,Describe the information which shall be given to an aircraft when radar vectoring is terminated and the pilot is instructed to resume own navigation.
010.07.02.17.09,010,Air Law and ATC Procedures,MED,N,,3,agent_tasklist.md,0,DRAFT_DONE,Explain the procedures for the conduct of surveillance radar approaches (SRAs).
010.07.02.17.10,010,Air Law and ATC Procedures,MED,N,,3,agent_tasklist.md,0,DRAFT_DONE,Describe what kind of action (concerning the transponder) the pilot is expected to perform in case of emergency if they have previously been directed by ATC to operate the transponder on a specific code.
010.07.02.18.01,010,Air Law and ATC Procedures,MED,N,,3,agent_tasklist.md,0,DRAFT_DONE,Describe the objective and basic principles of the air traffic advisory service.
010.07.02.18.02,010,Air Law and ATC Procedures,MED,N,,3,agent_tasklist.md,0,DRAFT_DONE,State to which aircraft air traffic advisory service may be provided.
010.07.02.18.03,010,Air Law and ATC Procedures,MED,N,,3,agent_tasklist.md,0,DRAFT_DONE,"Explain the difference between advisory information and clearances, stating which ATS units are responsible for their issue."
010.07.02.19.01,010,Air Law and ATC Procedures,MED,N,,3,agent_tasklist.md,0,DRAFT_DONE,State the mode and code of SSR equipment a pilot might operate in a (general) state of emergency or (specifically) in case the aircraft is subject to unlawful interference.
010.07.02.19.02,010,Air Law and ATC Procedures,MED,N,,3,agent_tasklist.md,0,DRAFT_DONE,State the special rights an aircraft in a state of emergency can expect from ATC.
010.07.02.19.03,010,Air Law and ATC Procedures,MED,N,,3,agent_tasklist.md,0,DRAFT_DONE,Describe the expected action of aircraft after receiving a broadcast from ATS concerning the emergency descent of an aircraft.
010.07.02.19.04,010,Air Law and ATC Procedures,MED,N,,3,agent_tasklist.md,0,DRAFT_DONE,"State how it can be ascertained, in case of a failure of two-way COM, whether the aircraft is able to receive transmissions from the ATS unit."
010.07.02.19.05,010,Air Law and ATC Procedures,MED,N,,3,agent_tasklist.md,0,DRAFT_DONE,"State on which frequencies appropriate information, for an aircraft encountering two-way COM failure, shall be sent by ATS."
010.07.02.19.06,010,Air Law and ATC Procedures,MED,N,,3,agent_tasklist.md,0,DRAFT_DONE,State what is meant by the expressions ‘strayed aircraft’ and ‘unidentified aircraft’.
010.07.02.19.07,010,Air Law and ATC Procedures,MED,N,,3,agent_tasklist.md,0,DRAFT_DONE,Explain the reasons for fuel-dumping and state the minimum level.
010.07.02.19.08,010,Air Law and ATC Procedures,MED,N,,3,agent_tasklist.md,0,DRAFT_DONE,Explain the possible request of ATC to an aircraft to change its radio-telephone (RTF) call sign.
010.07.02.20.01,010,Air Law and ATC Procedures,MED,N,,3,agent_tasklist.md,0,DRAFT_DONE,Explain the meaning of ‘AIRPROX’.
010.07.02.20.02,010,Air Law and ATC Procedures,MED,N,,3,agent_tasklist.md,0,DRAFT_DONE,Describe the task of an air traffic incident report.
010.08.01.01.01,010,Air Law and ATC Procedures,MED,N,,3,agent_tasklist.md,0,DRAFT_DONE,"State, in general terms, the objective of an AIS."
010.08.02.01.01,010,Air Law and ATC Procedures,MED,N,,3,agent_tasklist.md,0,DRAFT_DONE,"Recall the following definitions: aeronautical information circular (AIC), aeronautical information publication (AIP), AIP amendment, AIP supplement, aeronautical information regulation and control (AIRAC), danger area, aeronautical information management, international airport, international NOTAM office (NOF), manoeuvring area, movement area, NOTAM, pre-flight information bulletin (PIB), prohibited area, restricted area, SNOWTAM, ASHTAM."
010.08.03.01.01,010,Air Law and ATC Procedures,MED,N,,3,agent_tasklist.md,0,DRAFT_DONE,"State during which period of time an AIS shall be available with reference to an aircraft flying in the area of responsibility of an AIS, provided a 24-hour service is not available."
010.08.03.01.02,010,Air Law and ATC Procedures,MED,N,,3,agent_tasklist.md,0,DRAFT_DONE,"List, in general, the kind of aeronautical information/data which an AIS service shall make available in a suitable form to flight crew."
010.08.03.01.03,010,Air Law and ATC Procedures,MED,N,,3,agent_tasklist.md,0,DRAFT_DONE,Summarise the duties of an AIS concerning aeronautical information data for the territory of a particular State.
010.08.04.01.01,010,Air Law and ATC Procedures,MED,N,,3,agent_tasklist.md,0,DRAFT_DONE,State the primary purpose of the AIP.
010.08.04.01.02,010,Air Law and ATC Procedures,MED,N,,3,agent_tasklist.md,0,DRAFT_DONE,Name the different parts of the AIP.
010.08.04.01.03,010,Air Law and ATC Procedures,MED,N,,3,agent_tasklist.md,0,DRAFT_DONE,"State the main parts of the AIP where the following information can be found: differences from the ICAO Standards, Recommended Practices and Procedures; location indicators, AIS, minimum flight ALT, meteorological information for aircraft in flight (VOLMET) service, SIGMET service; general rules and procedures (especially general rules, VFR, IFR, ALT-setting procedure, interception of civil aircraft, unlawful interference, air traffic incidents); ATS airspace (especially FIR, UIR, TMA); ATS routes (especially lower ATS routes, upper ATS routes, area navigation routes); AD data including aprons, taxiways (TWYs) and check locations/positions data; navigation warnings (especially prohibited, restricted and danger areas); aircraft instruments, equipment and flight documents; AD surface movement guidance and control system and markings; RWY physical characteristics, declared distances, approach (APP) and RWY lighting; AD radio navigation and landing aids; charts related to an AD; entry, transit and departure of aircraft, passengers, crew and cargo, and the significance of this information to flight crew."
010.08.04.01.04,010,Air Law and ATC Procedures,MED,N,,3,agent_tasklist.md,0,DRAFT_DONE,State how permanent changes to the AIP shall be published.
010.08.04.01.05,010,Air Law and ATC Procedures,MED,N,,3,agent_tasklist.md,0,DRAFT_DONE,Explain what kind of information shall be published in the form of AIP Supplements.
010.08.04.02.01,010,Air Law and ATC Procedures,MED,N,,3,agent_tasklist.md,0,DRAFT_DONE,Describe how information shall be published which in principle would belong to NOTAMs but includes extensive text or graphics.
010.08.04.02.02,010,Air Law and ATC Procedures,MED,N,,3,agent_tasklist.md,0,DRAFT_DONE,Summarise the essential information which leads to the issue of a NOTAM.
010.08.04.02.03,010,Air Law and ATC Procedures,MED,N,,3,agent_tasklist.md,0,DRAFT_DONE,State how NOTAMs shall be distributed.
010.08.04.02.04,010,Air Law and ATC Procedures,HIGH,N,"Pavement strength (EU still ACN/PCN, not aligned to ICAO Annex 14 Ch 2.6)",3,agent_tasklist.md,0,DRAFT_DONE,"Explain how information regarding snow, ice and standing water on AD pavements shall be reported."
010.08.04.02.05,010,Air Law and ATC Procedures,MED,N,,3,agent_tasklist.md,0,DRAFT_DONE,Describe the means by which NOTAMs shall be distributed.
010.08.04.02.06,010,Air Law and ATC Procedures,MED,N,,3,agent_tasklist.md,0,DRAFT_DONE,Define and state which information an ASHTAM may contain.
010.08.04.03.01,010,Air Law and ATC Procedures,LOW,Y,,3,agent_tasklist.md,0,DRAFT_DONE,List the circumstances under which the information concerned shall or should be distributed as an AIRAC.
010.08.04.04.01,010,Air Law and ATC Procedures,LOW,Y,,3,agent_tasklist.md,0,DRAFT_DONE,Describe the type of information that may be published in AICs.
010.08.04.04.02,010,Air Law and ATC Procedures,MED,N,,3,agent_tasklist.md,0,DRAFT_DONE,Explain the organisation of AICs.
010.08.04.05.01,010,Air Law and ATC Procedures,MED,N,,3,agent_tasklist.md,0,DRAFT_DONE,"Summarise, in addition to the elements of the integrated AIP and maps/charts, the additional current information relating to the AD of departure that shall be provided as pre-flight information."
010.08.04.05.02,010,Air Law and ATC Procedures,MED,N,,3,agent_tasklist.md,0,DRAFT_DONE,Describe how a recapitulation of current NOTAM and other information of urgent character shall be made available to flight crew.
010.08.04.05.03,010,Air Law and ATC Procedures,MED,N,,3,agent_tasklist.md,0,DRAFT_DONE,State which post-flight information from flight crew shall be submitted to AIS for distribution as required by the circumstances.
010.08.05.01.01,010,Air Law and ATC Procedures,MED,N,,3,agent_tasklist.md,0,DRAFT_DONE,"State that Commission Implementing Regulation (EU) 2017/373 provides: general requirements for the provision of air navigation services; specific requirements for the provision of air traffic services; specific requirements for the provision of meteorological services; specific requirements for the provision of aeronautical information services; specific requirements for the provision of communication, navigation or surveillance services."
010.09.01.01.01,010,Air Law and ATC Procedures,MED,N,,3,agent_tasklist.md,0,DRAFT_DONE,Describe the intent of the AD reference code and state the functions of the two code elements.
010.09.02.01.01,010,Air Law and ATC Procedures,MED,N,,3,agent_tasklist.md,0,DRAFT_DONE,Describe where the AD reference point shall be located and where it shall normally remain.
010.09.02.02.01,010,Air Law and ATC Procedures,HIGH,N,"Pavement strength (EU still ACN/PCN, not aligned to ICAO Annex 14 Ch 2.6)",3,agent_tasklist.md,0,DRAFT_DONE,"Explain the terms: ‘pavement classification number (PCN)’ and ‘aircraft classification number (ACN)’, and describe their mutual dependence."
010.09.02.02.02,010,Air Law and ATC Procedures,MED,N,,3,agent_tasklist.md,0,DRAFT_DONE,Describe how the bearing strength for an aircraft with an apron mass equal to or less than 5 700 kg shall be reported.
010.09.02.03.01,010,Air Law and ATC Procedures,MED,N,,3,agent_tasklist.md,0,DRAFT_DONE,"State that ICAO Annex 14 provides guidance on the calculation of declared distances (TORA, TODA, ASDA, LDA)."
010.09.02.03.02,010,Air Law and ATC Procedures,MED,N,,3,agent_tasklist.md,0,DRAFT_DONE,Recall the definitions for the four main declared distances.
010.09.02.04.01,010,Air Law and ATC Procedures,MED,N,,3,agent_tasklist.md,0,DRAFT_DONE,State the purpose of informing AIS and ATS units about the condition of the movement area and related facilities.
010.09.02.04.02,010,Air Law and ATC Procedures,MED,N,,3,agent_tasklist.md,0,DRAFT_DONE,List the matters of operational significance or affecting aircraft performance which should be reported to AIS and ATS units to be transmitted to aircraft involved.
010.09.02.04.03,010,Air Law and ATC Procedures,MED,N,,3,agent_tasklist.md,0,DRAFT_DONE,Describe the different types of contaminant on RWYs.
010.09.02.04.04,010,Air Law and ATC Procedures,MED,N,,3,agent_tasklist.md,0,DRAFT_DONE,Explain the different types of frozen water on the RWY and their impact on aircraft braking performance.
010.09.02.04.05,010,Air Law and ATC Procedures,MED,N,,3,agent_tasklist.md,0,DRAFT_DONE,Describe the runway condition codes and the associated runway braking action.
010.09.03.01.01,010,Air Law and ATC Procedures,MED,N,,3,agent_tasklist.md,0,DRAFT_DONE,Describe where a THR should normally be located.
010.09.03.01.02,010,Air Law and ATC Procedures,MED,N,,3,agent_tasklist.md,0,DRAFT_DONE,Describe the general considerations concerning RWYs associated with a stopway (SWY) or clearway (CWY).
010.09.03.02.01,010,Air Law and ATC Procedures,MED,N,,3,agent_tasklist.md,0,DRAFT_DONE,Explain the term ‘runway strip’.
010.09.03.03.01,010,Air Law and ATC Procedures,MED,N,,3,agent_tasklist.md,0,DRAFT_DONE,Explain the term ‘runway-end safety area’.
010.09.03.04.01,010,Air Law and ATC Procedures,MED,N,,3,agent_tasklist.md,0,DRAFT_DONE,Explain the term ‘clearway’.
010.09.03.05.01,010,Air Law and ATC Procedures,MED,N,,3,agent_tasklist.md,0,DRAFT_DONE,Explain the term ‘stopway’.
010.09.03.07.01,010,Air Law and ATC Procedures,MED,N,,3,agent_tasklist.md,0,DRAFT_DONE,Describe the reasons and the requirements for rapid-exit TWYs.
010.09.03.07.02,010,Air Law and ATC Procedures,MED,N,,3,agent_tasklist.md,0,DRAFT_DONE,Explain TWY widening in curves.
010.09.03.07.03,010,Air Law and ATC Procedures,MED,N,,3,agent_tasklist.md,0,DRAFT_DONE,Explain when and where holding bays should be provided.
010.09.03.07.04,010,Air Law and ATC Procedures,MED,N,,3,agent_tasklist.md,0,DRAFT_DONE,Describe where RWY holding positions shall be established.
010.09.03.07.05,010,Air Law and ATC Procedures,MED,N,,3,agent_tasklist.md,0,DRAFT_DONE,Describe the term ‘road holding position’.
010.09.03.07.06,010,Air Law and ATC Procedures,MED,N,,3,agent_tasklist.md,0,DRAFT_DONE,Describe where intermediate TWY holding positions should be established.
010.09.04.01.01,010,Air Law and ATC Procedures,MED,N,,3,agent_tasklist.md,0,DRAFT_DONE,Describe the wind-direction indicators with which ADs shall be equipped.
010.09.04.01.02,010,Air Law and ATC Procedures,MED,N,,3,agent_tasklist.md,0,DRAFT_DONE,Describe a landing-direction indicator.
010.09.04.01.03,010,Air Law and ATC Procedures,MED,N,,3,agent_tasklist.md,0,DRAFT_DONE,Explain the capabilities of a signalling lamp.
010.09.04.01.04,010,Air Law and ATC Procedures,LOW,Y,,3,agent_tasklist.md,0,DRAFT_DONE,State which characteristics a signal area should have.
010.09.04.01.05,010,Air Law and ATC Procedures,LOW,Y,,3,agent_tasklist.md,0,DRAFT_DONE,Interpret all indications and signals that may be used in a signal area.
010.09.04.02.01,010,Air Law and ATC Procedures,MED,N,,3,agent_tasklist.md,0,DRAFT_DONE,"Name the colours used for the various markings (RWY, TWY, aircraft stands, apron safety lines)."
010.09.04.02.02,010,Air Law and ATC Procedures,MED,N,,3,agent_tasklist.md,0,DRAFT_DONE,State where a RWY designation marking shall be provided and describe the different layouts (excluding dimensions).
010.09.04.02.03,010,Air Law and ATC Procedures,MED,N,,3,agent_tasklist.md,0,DRAFT_DONE,Describe the application and general characteristics (excluding dimensions) of: RWY-centre-line markings; THR markings; touchdown-zone (TDZ) markings; RWY-side-stripe markings; TWY-centre-line markings; RWY holding position markings; intermediate holding position markings; aircraft-stand markings; apron safety lines; road holding position markings; mandatory instruction markings; information markings.
010.09.04.03.01,010,Air Law and ATC Procedures,MED,N,,3,agent_tasklist.md,0,DRAFT_DONE,"Describe the mechanical safety considerations regarding elevated approach lights and elevated RWY, SWY and TWY lights."
010.09.04.03.02,010,Air Law and ATC Procedures,MED,N,,3,agent_tasklist.md,0,DRAFT_DONE,List the conditions for the installation of an aerodrome beacon (ABN) and describe its general characteristics.
010.09.04.03.03,010,Air Law and ATC Procedures,MED,N,,3,agent_tasklist.md,0,DRAFT_DONE,Describe the different kinds of operations for which a simple approach lighting system shall be used.
010.09.04.03.04,010,Air Law and ATC Procedures,MED,N,,3,agent_tasklist.md,0,DRAFT_DONE,Describe the basic installations of a simple approach lighting system including the dimensions and distances normally used.
010.09.04.03.05,010,Air Law and ATC Procedures,MED,N,,3,agent_tasklist.md,0,DRAFT_DONE,Describe the principle of a precision approach category I lighting system including information such as location and characteristics.
010.09.04.03.06,010,Air Law and ATC Procedures,MED,N,,3,agent_tasklist.md,0,DRAFT_DONE,"Describe the principle of a precision approach category II and III lighting system including information such as location and characteristics, especially the inner 300 m of the system."
010.09.04.03.07,010,Air Law and ATC Procedures,MED,N,,3,agent_tasklist.md,0,DRAFT_DONE,Describe the wing bars of the precision approach path indicator (PAPI) and the abbreviated precision approach path indicator (APAPI). Interpret what the pilot will see during the approach using PAPI.
010.09.04.03.09,010,Air Law and ATC Procedures,MED,N,,3,agent_tasklist.md,0,DRAFT_DONE,"Explain the application and characteristics (as applicable, but limited to colour, intensity, direction and whether fixed or flashing) of: RWY-edge lights; RWY-THR and wing-bar lights; RWY-end lights; RWY-centre-line lights; RWY-lead-in lights; RWY-TDZ lights; SWY lights; TWY-centre-line lights; TWY-edge lights; stop bars; intermediate holding position lights; RWY guard lights; road holding position lights."
010.09.04.03.10,010,Air Law and ATC Procedures,MED,N,,3,agent_tasklist.md,0,DRAFT_DONE,State the timescale within which aeronautical ground lights shall be made available to arriving aircraft.
010.09.04.04.01,010,Air Law and ATC Procedures,MED,N,,3,agent_tasklist.md,0,DRAFT_DONE,Explain which signs are the only ones on the movement area utilising red.
010.09.04.04.02,010,Air Law and ATC Procedures,MED,N,,3,agent_tasklist.md,0,DRAFT_DONE,List the provisions for illuminating signs.
010.09.04.04.03,010,Air Law and ATC Procedures,MED,N,,3,agent_tasklist.md,0,DRAFT_DONE,Name the kinds of signs which shall be included in mandatory instruction signs.
010.09.04.04.04,010,Air Law and ATC Procedures,MED,N,,3,agent_tasklist.md,0,DRAFT_DONE,Name the colours used for mandatory instruction signs.
010.09.04.04.05,010,Air Law and ATC Procedures,MED,N,,3,agent_tasklist.md,0,DRAFT_DONE,"Describe by which sign a pattern ‘A’ RWY holding position (i.e. at an intersection of a TWY and a non-instrument, non-precision approach or take-off RWY) marking shall be supplemented."
010.09.04.04.06,010,Air Law and ATC Procedures,MED,N,,3,agent_tasklist.md,0,DRAFT_DONE,Describe by which sign a pattern ‘B’ RWY holding position (i.e. at an intersection of a TWY and a precision approach RWY) marking shall be supplemented.
010.09.04.04.07,010,Air Law and ATC Procedures,MED,N,,3,agent_tasklist.md,0,DRAFT_DONE,Describe the location of: a RWY designation sign at a TWY/RWY intersection; a ‘NO ENTRY’ sign; a RWY holding position sign.
010.09.04.04.08,010,Air Law and ATC Procedures,MED,N,,3,agent_tasklist.md,0,DRAFT_DONE,State which sign indicates that a taxiing aircraft is about to infringe an obstacle limitation surface or interfere with the operation of radio navigation aids (e.g. ILS/MLS critical/sensitive area).
010.09.04.04.09,010,Air Law and ATC Procedures,MED,N,,3,agent_tasklist.md,0,DRAFT_DONE,Describe the various possible inscriptions on RWY designation signs and on holding position signs.
010.09.04.04.10,010,Air Law and ATC Procedures,MED,N,,3,agent_tasklist.md,0,DRAFT_DONE,Describe the colours used in connection with information signs.
010.09.04.04.11,010,Air Law and ATC Procedures,MED,N,,3,agent_tasklist.md,0,DRAFT_DONE,Describe the possible inscriptions on information signs.
010.09.04.04.12,010,Air Law and ATC Procedures,MED,N,,3,agent_tasklist.md,0,DRAFT_DONE,"Explain the application, location and characteristics of aircraft stand identification signs."
010.09.04.04.13,010,Air Law and ATC Procedures,MED,N,,3,agent_tasklist.md,0,DRAFT_DONE,"Explain the application, location and characteristics of road holding position signs."
010.09.04.05.01,010,Air Law and ATC Procedures,MED,N,,3,agent_tasklist.md,0,DRAFT_DONE,Explain why markers located near a RWY or TWY shall be HGT limited.
010.09.04.05.02,010,Air Law and ATC Procedures,MED,N,,3,agent_tasklist.md,0,DRAFT_DONE,Explain the application and characteristics (excluding dimensions) of: unpaved RWY-edge markers; TWY-edge markers; TWY-centre-line markers; unpaved TWY-edge markers; boundary markers; SWY-edge markers.
010.09.05.01.01,010,Air Law and ATC Procedures,MED,N,,3,agent_tasklist.md,0,DRAFT_DONE,State how fixed or mobile objects shall be marked if colouring is not practicable.
010.09.05.01.02,010,Air Law and ATC Procedures,MED,N,,3,agent_tasklist.md,0,DRAFT_DONE,Describe marking by colours (fixed or mobile objects).
010.09.05.01.03,010,Air Law and ATC Procedures,MED,N,,3,agent_tasklist.md,0,DRAFT_DONE,"Explain the use of markers for the marking of objects, overhead wires, cables, etc."
010.09.05.01.04,010,Air Law and ATC Procedures,MED,N,,3,agent_tasklist.md,0,DRAFT_DONE,Explain the use of flags for the marking of objects.
010.09.05.02.01,010,Air Law and ATC Procedures,MED,N,,3,agent_tasklist.md,0,DRAFT_DONE,Name the different types of lights to indicate the presence of objects which must be lighted.
010.09.05.02.02,010,Air Law and ATC Procedures,MED,N,,3,agent_tasklist.md,0,DRAFT_DONE,Describe (in general terms) the location of obstacle lights.
010.09.05.02.03,010,Air Law and ATC Procedures,MED,N,,3,agent_tasklist.md,0,DRAFT_DONE,"Describe (in general and for normal circumstances) the colour and sequence of low-intensity obstacle lights, medium-intensity obstacle lights and high-intensity obstacle lights."
010.09.05.02.04,010,Air Law and ATC Procedures,MED,N,,3,agent_tasklist.md,0,DRAFT_DONE,State that information about lights to be displayed by aircraft is provided in both ICAO Annex 2 (Rules of the Air) and SERA.
010.09.06.01.01,010,Air Law and ATC Procedures,MED,N,,3,agent_tasklist.md,0,DRAFT_DONE,Describe the colours and meaning of ‘closed markings’ on RWYs and TWYs.
010.09.06.01.02,010,Air Law and ATC Procedures,MED,N,,3,agent_tasklist.md,0,DRAFT_DONE,"State how the pilot of an aircraft moving on the surface of a TWY, holding bay or apron shall be warned that the shoulders of these surfaces are ‘non-load-bearing’."
010.09.06.01.03,010,Air Law and ATC Procedures,MED,N,,3,agent_tasklist.md,0,DRAFT_DONE,Describe the pre-THR marking (including colours) when the surface before the THR is not suitable for normal use by aircraft.
010.09.07.01.01,010,Air Law and ATC Procedures,MED,N,,3,agent_tasklist.md,0,DRAFT_DONE,State the principal objective of RFF services.
010.09.07.01.02,010,Air Law and ATC Procedures,MED,N,,3,agent_tasklist.md,0,DRAFT_DONE,Explain the basic information the AD category (for RFF) depends upon.
010.09.07.01.03,010,Air Law and ATC Procedures,MED,N,,3,agent_tasklist.md,0,DRAFT_DONE,"Describe what is meant by the term ‘response time’, and state its normal and maximum limits."
010.09.07.02.01,010,Air Law and ATC Procedures,MED,N,,3,agent_tasklist.md,0,DRAFT_DONE,State who has a right-of-way against vehicles operating on an apron.
010.09.07.03.01,010,Air Law and ATC Procedures,MED,N,,3,agent_tasklist.md,0,DRAFT_DONE,Describe the necessary actions during the ground-servicing of an aircraft with regard to the possible event of a fuel fire.
010.09.08.01.01,010,Air Law and ATC Procedures,MED,N,,3,agent_tasklist.md,0,DRAFT_DONE,List the four types of ‘declared distances’ on a RWY and also the appropriate abbreviations.
010.09.08.01.02,010,Air Law and ATC Procedures,MED,N,,3,agent_tasklist.md,0,DRAFT_DONE,Explain the circumstances which lead to the situation that the four declared distances on a RWY are equal to the length of the RWY.
010.09.08.01.03,010,Air Law and ATC Procedures,MED,N,,3,agent_tasklist.md,0,DRAFT_DONE,"Describe the influence of a CWY, SWY or displaced THR upon the four ‘declared distances’."
010.09.08.03.01,010,Air Law and ATC Procedures,MED,N,,3,agent_tasklist.md,0,DRAFT_DONE,Name the two main groups of approach lighting systems.
010.09.08.03.02,010,Air Law and ATC Procedures,MED,N,,3,agent_tasklist.md,0,DRAFT_DONE,Describe the two different versions of a simple approach lighting system.
010.09.08.03.03,010,Air Law and ATC Procedures,MED,N,,3,agent_tasklist.md,0,DRAFT_DONE,Describe the two different basic versions of precision approach lighting systems for CAT I.
010.09.08.03.04,010,Air Law and ATC Procedures,MED,N,,3,agent_tasklist.md,0,DRAFT_DONE,Describe the diagram of the inner 300 m of the precision approach lighting system in the case of CAT II and III.
010.09.08.03.05,010,Air Law and ATC Procedures,MED,N,,3,agent_tasklist.md,0,DRAFT_DONE,Describe how the arrangement of an approach lighting system and the location of the appropriate THR are interrelated.
010.10.02.01.01,010,Air Law and ATC Procedures,MED,N,,3,agent_tasklist.md,0,DRAFT_DONE,Describe the purpose and use of aircraft documents as regards a ‘general declaration’.
010.10.02.02.01,010,Air Law and ATC Procedures,MED,N,,3,agent_tasklist.md,0,DRAFT_DONE,Explain entry requirements for crew.
010.10.02.02.02,010,Air Law and ATC Procedures,MED,N,,3,agent_tasklist.md,0,DRAFT_DONE,Explain the reasons for the use of crew member certificates (CMC) for crew members engaged in international air transport.
010.10.02.02.03,010,Air Law and ATC Procedures,MED,N,,3,agent_tasklist.md,0,DRAFT_DONE,Explain in which cases Contracting States should accept the CMC as an identity document instead of a passport or visa.
010.10.02.03.01,010,Air Law and ATC Procedures,MED,N,,3,agent_tasklist.md,0,DRAFT_DONE,Explain the entry requirements for passengers and their baggage.
010.10.02.03.02,010,Air Law and ATC Procedures,MED,N,,3,agent_tasklist.md,0,DRAFT_DONE,Explain the requirements and documentation for unaccompanied baggage.
010.10.02.03.03,010,Air Law and ATC Procedures,MED,N,,3,agent_tasklist.md,0,DRAFT_DONE,Identify the documentation required for the departure and entry of passengers and their baggage.
010.10.02.03.04,010,Air Law and ATC Procedures,MED,N,,3,agent_tasklist.md,0,DRAFT_DONE,Explain the arrangements in the event of a passenger being declared an inadmissible person.
010.10.02.03.05,010,Air Law and ATC Procedures,MED,N,,3,agent_tasklist.md,0,DRAFT_DONE,Describe the pilot’s authority towards unruly passengers.
010.10.02.04.01,010,Air Law and ATC Procedures,MED,N,,3,agent_tasklist.md,0,DRAFT_DONE,Explain the entry requirements for cargo.
010.11.01.01.01,010,Air Law and ATC Procedures,MED,N,,3,agent_tasklist.md,0,DRAFT_DONE,"Recall the definitions of the following terms: alert phase, distress phase, emergency phase, operator, PIC, rescue coordination centre, State of Registry, uncertainty phase."
010.11.02.01.01,010,Air Law and ATC Procedures,MED,N,,3,agent_tasklist.md,0,DRAFT_DONE,Describe how ICAO Contracting States shall arrange for the establishment and prompt provision of SAR services.
010.11.02.01.02,010,Air Law and ATC Procedures,MED,N,,3,agent_tasklist.md,0,DRAFT_DONE,Explain the establishment of SAR by Contracting States.
010.11.02.01.03,010,Air Law and ATC Procedures,MED,N,,3,agent_tasklist.md,0,DRAFT_DONE,Describe the areas within which SAR services shall be established by Contracting States.
010.11.02.01.04,010,Air Law and ATC Procedures,MED,N,,3,agent_tasklist.md,0,DRAFT_DONE,State the period of time per day within which SAR services shall be available.
010.11.02.01.05,010,Air Law and ATC Procedures,MED,N,,3,agent_tasklist.md,0,DRAFT_DONE,Describe for which areas rescue coordination centres shall be established.
010.11.03.01.01,010,Air Law and ATC Procedures,MED,N,,3,agent_tasklist.md,0,DRAFT_DONE,Explain the SAR operating procedures for the PIC who arrives first at the scene of an accident.
010.11.03.01.02,010,Air Law and ATC Procedures,MED,N,,3,agent_tasklist.md,0,DRAFT_DONE,Explain the SAR operating procedures for the PIC intercepting a distress transmission.
010.11.04.01.01,010,Air Law and ATC Procedures,MED,N,,3,agent_tasklist.md,0,DRAFT_DONE,Explain the ‘ground–air visual signal code’ for use by survivors.
010.11.04.01.02,010,Air Law and ATC Procedures,MED,N,,3,agent_tasklist.md,0,DRAFT_DONE,Recognise the SAR ‘air-to-ground signals’ for use by survivors.
010.12.01.01.01,010,Air Law and ATC Procedures,MED,N,,3,agent_tasklist.md,0,DRAFT_DONE,"Recall the definitions of the following terms: airside, aircraft security check, screening, security, security control, security-restricted area, unidentified baggage."
010.12.02.01.01,010,Air Law and ATC Procedures,MED,N,,3,agent_tasklist.md,0,DRAFT_DONE,State the objectives of security.
010.12.04.01.01,010,Air Law and ATC Procedures,MED,N,,3,agent_tasklist.md,0,DRAFT_DONE,Describe the objects not allowed (for reasons of aviation security) on board an aircraft that is engaged in international civil aviation.
010.12.04.01.02,010,Air Law and ATC Procedures,MED,N,,3,agent_tasklist.md,0,DRAFT_DONE,State what each Contracting State is supposed to do if passengers subjected to security control have mixed after a security screening point.
010.12.04.01.03,010,Air Law and ATC Procedures,MED,N,,3,agent_tasklist.md,0,DRAFT_DONE,Explain what has to be done when passengers who are obliged to travel because of judicial or administrative proceedings are supposed to board an aircraft.
010.12.04.01.04,010,Air Law and ATC Procedures,MED,N,,3,agent_tasklist.md,0,DRAFT_DONE,Explain what has to be considered if law enforcement officers carry weapons on board.
010.12.05.01.01,010,Air Law and ATC Procedures,MED,N,,3,agent_tasklist.md,0,DRAFT_DONE,Describe the assistance each Contracting State shall provide to an aircraft subjected to an act of unlawful seizure.
010.12.05.01.02,010,Air Law and ATC Procedures,MED,N,,3,agent_tasklist.md,0,DRAFT_DONE,State the circumstances which could prevent a Contracting State from detaining an aircraft on the ground after being subjected to an act of unlawful seizure.
010.12.06.01.01,010,Air Law and ATC Procedures,MED,N,,3,agent_tasklist.md,0,DRAFT_DONE,Describe the principles of the written operator’s security programme each Contracting State requires from operators.
010.12.07.01.01,010,Air Law and ATC Procedures,MED,N,,3,agent_tasklist.md,0,DRAFT_DONE,"Describe what the PIC should do, in a situation of unlawful interference, unless considerations aboard the aircraft dictate otherwise."
010.12.07.01.02,010,Air Law and ATC Procedures,MED,N,,3,agent_tasklist.md,0,DRAFT_DONE,"Describe what the PIC, of an aircraft subjected to unlawful interference, should do if: the aircraft must depart from its assigned track; the aircraft must depart from its assigned cruising level; the aircraft is unable to notify an ATS unit of the unlawful interference."
010.12.07.01.03,010,Air Law and ATC Procedures,MED,N,,3,agent_tasklist.md,0,DRAFT_DONE,"Describe what the PIC should attempt to do with regard to broadcast warnings and the level at which to proceed, in a situation of unlawful interference, if no applicable regional procedures for in-flight contingencies have been established."
010.12.07.02.01,010,Air Law and ATC Procedures,MED,N,,3,agent_tasklist.md,0,DRAFT_DONE,Describe the special considerations referring to flight crew compartment doors with regard to aviation security.
010.12.07.03.01,010,Air Law and ATC Procedures,MED,N,,3,agent_tasklist.md,0,DRAFT_DONE,"Describe what minimum distance an isolated aircraft parking position (after the aircraft has been subjected to unlawful interference) should have from other parking positions, buildings or public areas."
010.12.07.04.01,010,Air Law and ATC Procedures,MED,N,,3,agent_tasklist.md,0,DRAFT_DONE,Describe the considerations that must take place with regard to a taxi clearance in case an aircraft is known or believed to have been subjected to unlawful interference.
010.13.01.01.01,010,Air Law and ATC Procedures,MED,N,,3,agent_tasklist.md,0,DRAFT_DONE,"Recall the definitions of the following terms: accident, aircraft, flight recorder, incident, investigation, maximum mass, operator, serious incident, serious injury, State of Design, State of Manufacture, State of Occurrence, State of the Operator, State of Registry."
010.13.01.01.02,010,Air Law and ATC Procedures,MED,N,,3,agent_tasklist.md,0,DRAFT_DONE,Explain the difference between ‘serious incident’ and ‘accident’.
010.13.01.01.03,010,Air Law and ATC Procedures,MED,N,,3,agent_tasklist.md,0,DRAFT_DONE,Determine whether a certain occurrence has to be defined as a serious incident or as an accident.
010.13.01.01.04,010,Air Law and ATC Procedures,MED,N,,3,agent_tasklist.md,0,DRAFT_DONE,Recognise the description of an accident or incident.
010.13.02.01.01,010,Air Law and ATC Procedures,MED,N,,3,agent_tasklist.md,0,DRAFT_DONE,State the objective(s) of the investigation of an accident or incident according to ICAO Annex 13.
010.13.02.01.02,010,Air Law and ATC Procedures,MED,N,,3,agent_tasklist.md,0,DRAFT_DONE,Describe the general procedures for the investigation of an accident or incident according to ICAO Annex 13.
010.13.03.01.01,010,Air Law and ATC Procedures,MED,N,,3,agent_tasklist.md,0,DRAFT_DONE,"Identify an occurrence as being either an accident, incident or serious incident in Regulation (EU) No 996/2010 of the European Parliament and of the Council of 20 October 2010 on the investigation and prevention of accidents and incidents in civil aviation."
010.13.03.01.02,010,Air Law and ATC Procedures,MED,N,,3,agent_tasklist.md,0,DRAFT_DONE,"Describe the relationship between Regulation (EU) No 996/2010 of the European Parliament and of the Council of 20 October 2010 on the investigation and prevention of accidents and incidents in civil aviation and Regulation (EU) No 376/2014 of the European Parliament and of the Council of 3 April 2014 on the reporting, analysis and follow-up of occurrences in civil aviation."
010.13.03.01.03,010,Air Law and ATC Procedures,MED,N,,3,agent_tasklist.md,0,DRAFT_DONE,State the subject matter and scope of Regulation (EU) No 376/2014.
010.13.03.01.04,010,Air Law and ATC Procedures,MED,N,,3,agent_tasklist.md,0,DRAFT_DONE,Identify occurrences that must be reported.
010.13.03.01.05,010,Air Law and ATC Procedures,MED,N,,3,agent_tasklist.md,0,DRAFT_DONE,Identify occurrences that should be voluntarily reported.
010.13.03.01.06,010,Air Law and ATC Procedures,MED,N,,3,agent_tasklist.md,0,DRAFT_DONE,"Describe how information from occurrences is collected, stored and analysed."
021.01.01.01.01,021,"Aircraft General Knowledge — Airframe, Systems, Powerplant",LOW,Y,,3,agent_tasklist.md,0,DRAFT_DONE,Describe the following structural design philosophy: safe life; fail-safe (multiple load paths); damage-tolerant.
021.01.01.01.02,021,"Aircraft General Knowledge — Airframe, Systems, Powerplant",MED,N,,3,agent_tasklist.md,0,DRAFT_DONE,Explain the purpose of redundancy in aircraft design.
021.01.01.02.01,021,"Aircraft General Knowledge — Airframe, Systems, Powerplant",LOW,Y,,3,agent_tasklist.md,0,DRAFT_DONE,Explain why some systems are duplicated or triplicated.
021.01.01.02.02,021,"Aircraft General Knowledge — Airframe, Systems, Powerplant",LOW,Y,,3,agent_tasklist.md,0,DRAFT_DONE,"Explain that all aircraft are certified according to specifications determined by the competent authority, and that these certification specifications cover aspects such as design, material quality and build quality."
021.01.01.02.03,021,"Aircraft General Knowledge — Airframe, Systems, Powerplant",LOW,Y,,3,agent_tasklist.md,0,DRAFT_DONE,"State that the certification specifications for aeroplanes issued by EASA are: CS-23 for Normal, Utility, Aerobatic and Commuter Aeroplanes; CS-25 for Large Aeroplanes."
021.01.02.01.01,021,"Aircraft General Knowledge — Airframe, Systems, Powerplant",MED,N,,3,agent_tasklist.md,0,DRAFT_DONE,Explain how stress and strain are always present in an aircraft structure both when parked and during manoeuvring. Remark: Stress is the internal force per unit area inside a structural part as a result of external loads. Strain is the deformation caused by the action of stress on a material.
021.01.02.01.02,021,"Aircraft General Knowledge — Airframe, Systems, Powerplant",MED,N,,3,agent_tasklist.md,0,DRAFT_DONE,"Describe the following types of loads that an aircraft may be subjected to, when they occur, and how a pilot may affect their magnitude: static loads; dynamic loads; cyclic loads."
021.01.02.01.03,021,"Aircraft General Knowledge — Airframe, Systems, Powerplant",MED,N,,3,agent_tasklist.md,0,DRAFT_DONE,"Describe the areas typically prone to stress that should be given particular attention during a pre-flight inspection, and highlight the limited visual cues of any deformation that may be evident."
021.01.03.01.01,021,"Aircraft General Knowledge — Airframe, Systems, Powerplant",MED,N,,3,agent_tasklist.md,0,DRAFT_DONE,Describe the effects of corrosion and how it can be visually identified by a pilot during the pre-flight inspection.
021.01.03.01.02,021,"Aircraft General Knowledge — Airframe, Systems, Powerplant",MED,N,,3,agent_tasklist.md,0,DRAFT_DONE,Describe the operating environments where the risk of corrosion is increased and how to minimise the effects of the environmental factors.
021.01.03.01.03,021,"Aircraft General Knowledge — Airframe, Systems, Powerplant",MED,N,,3,agent_tasklist.md,0,DRAFT_DONE,Explain that aircraft have highly corrosive fluids on board as part of their systems and equipment.
021.01.03.01.04,021,"Aircraft General Knowledge — Airframe, Systems, Powerplant",MED,N,,3,agent_tasklist.md,0,DRAFT_DONE,"Explain fatigue, how it affects the useful life of an aircraft, and the effect of the following factors on the development of fatigue: corrosion; number of cycles; type of flight manoeuvres; stress level; level and quality of maintenance."
021.01.05.01.01,021,"Aircraft General Knowledge — Airframe, Systems, Powerplant",MED,N,,3,agent_tasklist.md,0,DRAFT_DONE,Explain the following terms: hard-time or fixed-time maintenance; on-condition maintenance; condition monitoring.
021.02.01.01.01,021,"Aircraft General Knowledge — Airframe, Systems, Powerplant",MED,N,,3,agent_tasklist.md,0,DRAFT_DONE,Describe the following attachment methods used for aircraft parts and components: riveting; welding; bolting; pinning; adhesives (bonding); screwing.
021.02.01.01.02,021,"Aircraft General Knowledge — Airframe, Systems, Powerplant",MED,N,,3,agent_tasklist.md,0,DRAFT_DONE,Explain how the development of a faulty attachment between aircraft parts or components can be detected by a pilot during the pre-flight inspection.
021.02.02.01.01,021,"Aircraft General Knowledge — Airframe, Systems, Powerplant",LOW,Y,,3,agent_tasklist.md,0,DRAFT_DONE,"Explain the principle of a composite material, and give examples of typical non-metallic materials used on aircraft: carbon; glass; Kevlar aramid; resin or filler."
021.02.02.01.02,021,"Aircraft General Knowledge — Airframe, Systems, Powerplant",LOW,Y,,3,agent_tasklist.md,0,DRAFT_DONE,State the advantages and disadvantages of composite materials compared with metal alloys by considering the following: strength-to-weight ratio; capability to tailor the strength to the direction of the load; stiffness; electrical conductivity (lightning); resistance to fatigue and corrosion; resistance to cost; discovering damage during a pre-flight inspection.
021.02.02.01.03,021,"Aircraft General Knowledge — Airframe, Systems, Powerplant",MED,N,,3,agent_tasklist.md,0,DRAFT_DONE,State that several types of materials are used on aircraft and that they are chosen based on type of structure or component and the required/desired material properties.
021.02.03.01.01,021,"Aircraft General Knowledge — Airframe, Systems, Powerplant",MED,N,,3,agent_tasklist.md,0,DRAFT_DONE,Describe the following types of design and explain their advantages and disadvantages: high-mounted wing; low-mounted wing; low- or mid-set tailplane; T-tail.
021.02.03.02.01,021,"Aircraft General Knowledge — Airframe, Systems, Powerplant",MED,N,,3,agent_tasklist.md,0,DRAFT_DONE,Describe the function of the following structural components: spar and its components (web and girder or cap); rib; stringer; skin; torsion box.
021.02.03.03.01,021,"Aircraft General Knowledge — Airframe, Systems, Powerplant",MED,N,,3,agent_tasklist.md,0,DRAFT_DONE,Describe the vertical and horizontal loads on the ground and during normal flight.
021.02.03.03.02,021,"Aircraft General Knowledge — Airframe, Systems, Powerplant",MED,N,,3,agent_tasklist.md,0,DRAFT_DONE,"Describe the vertical and horizontal loads during asymmetric flight following an engine failure for a multi-engine aeroplane, and how a pilot may potentially overstress the structure during the failure scenario."
021.02.03.03.03,021,"Aircraft General Knowledge — Airframe, Systems, Powerplant",MED,N,,3,agent_tasklist.md,0,DRAFT_DONE,Explain the principle of flutter and resonance for the wing and control surfaces.
021.02.03.03.04,021,"Aircraft General Knowledge — Airframe, Systems, Powerplant",MED,N,,3,agent_tasklist.md,0,DRAFT_DONE,"Explain the following countermeasures used to achieve stress relief and reduce resonance: chord-wise and span-wise position of masses (e.g. engines, fuel, balance masses for wing and control balance masses); torsional stiffness; bending flexibility; fuel-balancing procedures during flight (automatic or applied by the pilot)."
021.02.04.01.01,021,"Aircraft General Knowledge — Airframe, Systems, Powerplant",LOW,Y,,3,agent_tasklist.md,0,DRAFT_DONE,"Describe the following types of fuselage construction: monocoque, semi-monocoque."
021.02.04.01.02,021,"Aircraft General Knowledge — Airframe, Systems, Powerplant",MED,N,,3,agent_tasklist.md,0,DRAFT_DONE,"Describe the construction and the function of the following structural components of a fuselage: frames; bulkhead; pressure bulkhead; stiffeners, stringers, longerons; skin, doublers; floor suspension (crossbeams); floor panels; firewall."
021.02.04.01.03,021,"Aircraft General Knowledge — Airframe, Systems, Powerplant",MED,N,,3,agent_tasklist.md,0,DRAFT_DONE,Describe the loads on the fuselage due to pressurisation.
021.02.04.01.04,021,"Aircraft General Knowledge — Airframe, Systems, Powerplant",MED,N,,3,agent_tasklist.md,0,DRAFT_DONE,Describe the following loads on a main landing gear: touch-down loads (vertical and horizontal); taxi loads on bogie gear (turns).
021.02.04.01.05,021,"Aircraft General Knowledge — Airframe, Systems, Powerplant",MED,N,,3,agent_tasklist.md,0,DRAFT_DONE,Describe the structural danger of a nose-wheel landing with respect to: fuselage loads; nose-wheel strut loads.
021.02.04.01.06,021,"Aircraft General Knowledge — Airframe, Systems, Powerplant",MED,N,,3,agent_tasklist.md,0,DRAFT_DONE,Describe the structural danger of a tail strike with respect to: fuselage and aft bulkhead damage (pressurisation).
021.02.04.01.07,021,"Aircraft General Knowledge — Airframe, Systems, Powerplant",MED,N,,3,agent_tasklist.md,0,DRAFT_DONE,Describe the door and hatch construction for pressurised and unpressurised aeroplanes including: door and frame (plug type); hinge location; locking mechanism.
021.02.04.01.08,021,"Aircraft General Knowledge — Airframe, Systems, Powerplant",LOW,Y,,3,agent_tasklist.md,0,DRAFT_DONE,Explain the advantages and disadvantages of the following fuselage cross sections: circular; double bubble; oval; rectangular.
021.02.04.01.09,021,"Aircraft General Knowledge — Airframe, Systems, Powerplant",MED,N,,3,agent_tasklist.md,0,DRAFT_DONE,Explain why flight-deck windows are constructed with different layers.
021.02.04.01.10,021,"Aircraft General Knowledge — Airframe, Systems, Powerplant",MED,N,,3,agent_tasklist.md,0,DRAFT_DONE,Explain the function of window heating for structural purposes.
021.02.04.01.11,021,"Aircraft General Knowledge — Airframe, Systems, Powerplant",MED,N,,3,agent_tasklist.md,0,DRAFT_DONE,Explain the implication of a direct-vision window (see CS 25.773(b)(3)).
021.02.04.01.12,021,"Aircraft General Knowledge — Airframe, Systems, Powerplant",MED,N,,3,agent_tasklist.md,0,DRAFT_DONE,Explain the need for an eye-reference position.
021.02.04.01.13,021,"Aircraft General Knowledge — Airframe, Systems, Powerplant",MED,N,,3,agent_tasklist.md,0,DRAFT_DONE,Explain the function of floor venting (blow-out panels).
021.02.06.01.01,021,"Aircraft General Knowledge — Airframe, Systems, Powerplant",MED,N,,3,agent_tasklist.md,0,DRAFT_DONE,"Define and explain the following maximum structural masses: maximum ramp mass; maximum take-off mass; maximum zero fuel mass; maximum landing mass. Remark: These limitations may also be found in the relevant part of Subjects 031 ‘Mass and balance’, 032 ‘Performance (aeroplane)’ and 034 ‘Performance (helicopter)’."
021.02.06.01.02,021,"Aircraft General Knowledge — Airframe, Systems, Powerplant",MED,N,,3,agent_tasklist.md,0,DRAFT_DONE,"Explain that airframe life is limited by fatigue, created by alternating stress and the number of load cycles."
021.03.01.01.01,021,"Aircraft General Knowledge — Airframe, Systems, Powerplant",LOW,Y,,3,agent_tasklist.md,0,DRAFT_DONE,"Explain the concept and basic principles of hydromechanics including: hydrostatic pressure; Pascal’s law; the relationship between pressure, force and area; transmission of power: multiplication of force, decrease of displacement."
021.03.02.01.01,021,"Aircraft General Knowledge — Airframe, Systems, Powerplant",LOW,Y,,3,agent_tasklist.md,0,DRAFT_DONE,List and explain the desirable properties of a hydraulic fluid with regard to: thermal stability; corrosiveness; flashpoint and flammability; volatility; viscosity.
021.03.02.01.02,021,"Aircraft General Knowledge — Airframe, Systems, Powerplant",LOW,Y,,3,agent_tasklist.md,0,DRAFT_DONE,State that hydraulic fluids are irritating to skin and eyes.
021.03.02.01.03,021,"Aircraft General Knowledge — Airframe, Systems, Powerplant",MED,N,,3,agent_tasklist.md,0,DRAFT_DONE,List the two different types of hydraulic fluids: synthetic; mineral.
021.03.02.01.04,021,"Aircraft General Knowledge — Airframe, Systems, Powerplant",MED,N,,3,agent_tasklist.md,0,DRAFT_DONE,State that different types of hydraulic fluids cannot be mixed.
021.03.02.01.05,021,"Aircraft General Knowledge — Airframe, Systems, Powerplant",LOW,Y,,3,agent_tasklist.md,0,DRAFT_DONE,"State that at the pressures being considered, hydraulic fluid is considered incompressible."
021.03.02.02.01,021,"Aircraft General Knowledge — Airframe, Systems, Powerplant",MED,N,,3,agent_tasklist.md,0,DRAFT_DONE,Explain the working principle of a hydraulic system.
021.03.02.02.02,021,"Aircraft General Knowledge — Airframe, Systems, Powerplant",MED,N,,3,agent_tasklist.md,0,DRAFT_DONE,Describe the difference in the principle of operation between a constant pressure system and a system pressurised only on specific demand.
021.03.02.02.03,021,"Aircraft General Knowledge — Airframe, Systems, Powerplant",MED,N,,3,agent_tasklist.md,0,DRAFT_DONE,State the differences in the principle of operation between a passive hydraulic system (without a pressure pump) and an active hydraulic system (with a pressure pump).
021.03.02.02.04,021,"Aircraft General Knowledge — Airframe, Systems, Powerplant",LOW,Y,,3,agent_tasklist.md,0,DRAFT_DONE,List the main advantages and disadvantages of system actuation by hydraulic or purely mechanical means with respect to: weight; size; force.
021.03.02.02.05,021,"Aircraft General Knowledge — Airframe, Systems, Powerplant",MED,N,,3,agent_tasklist.md,0,DRAFT_DONE,List the main uses of hydraulic systems.
021.03.02.02.06,021,"Aircraft General Knowledge — Airframe, Systems, Powerplant",MED,N,,3,agent_tasklist.md,0,DRAFT_DONE,State that hydraulic systems can be classified as either high pressure (typically 3000 psi or higher) or low pressure (typically up to 2000 psi).
021.03.02.02.07,021,"Aircraft General Knowledge — Airframe, Systems, Powerplant",MED,N,,3,agent_tasklist.md,0,DRAFT_DONE,State that a high-pressure hydraulic system is typically operating at 3000 psi but on some aircraft a hydraulic pressure of 4000 to 5000 psi may also be used.
021.03.02.02.08,021,"Aircraft General Knowledge — Airframe, Systems, Powerplant",MED,N,,3,agent_tasklist.md,0,DRAFT_DONE,Explain the working principle of a low-pressure (0–2000 psi) system.
021.03.02.02.09,021,"Aircraft General Knowledge — Airframe, Systems, Powerplant",MED,N,,3,agent_tasklist.md,0,DRAFT_DONE,Explain the advantages and disadvantages of a high-pressure system over a low-pressure system.
021.03.02.02.10,021,"Aircraft General Knowledge — Airframe, Systems, Powerplant",MED,N,,3,agent_tasklist.md,0,DRAFT_DONE,Describe the working principle and functions of pressure pumps including: constant pressure pump (swash plate or cam plate); pressure pump whose output is dependent on pump revolutions per minute (rpm) (gear type).
021.03.02.02.11,021,"Aircraft General Knowledge — Airframe, Systems, Powerplant",MED,N,,3,agent_tasklist.md,0,DRAFT_DONE,"Explain the following different sources of hydraulic pressure, their typical application and potential operational limitations: manual; engine gearbox; electrical; air (pneumatic and ram-air turbine); hydraulic (power transfer unit) or reversible motor pumps; accessory."
021.03.02.02.13,021,"Aircraft General Knowledge — Airframe, Systems, Powerplant",MED,N,,3,agent_tasklist.md,0,DRAFT_DONE,"Describe the working principle and functions of the following hydraulic system components: reservoir (pressurised and unpressurised); accumulators; case drain lines and fluid cooler return lines; piston actuators (single- and double-acting); hydraulic motors; filters; non-return (check) valves; relief valves; restrictor valves; elector valves (linear and basic rotary selectors, two and four ports); bypass valves; shuttle valves; fire shut‑off valves; priority valves; fuse valves; pressure and return pipes."
021.03.02.02.14,021,"Aircraft General Knowledge — Airframe, Systems, Powerplant",MED,N,,3,agent_tasklist.md,0,DRAFT_DONE,Explain the function of the demand pump installed on many transport aeroplanes.
021.03.02.02.15,021,"Aircraft General Knowledge — Airframe, Systems, Powerplant",MED,N,,3,agent_tasklist.md,0,DRAFT_DONE,Explain how redundancy is obtained by giving examples.
021.03.02.02.16,021,"Aircraft General Knowledge — Airframe, Systems, Powerplant",MED,N,,3,agent_tasklist.md,0,DRAFT_DONE,Interpret a typical hydraulic system schematic to the level of detail as found in an aircraft flight crew operating manual (FCOM).
021.03.02.02.17,021,"Aircraft General Knowledge — Airframe, Systems, Powerplant",MED,N,,3,agent_tasklist.md,0,DRAFT_DONE,Explain the implication of a high system demand.
021.03.02.02.18,021,"Aircraft General Knowledge — Airframe, Systems, Powerplant",MED,N,,3,agent_tasklist.md,0,DRAFT_DONE,List and describe the instruments and alerts for monitoring a hydraulic system.
021.03.02.02.19,021,"Aircraft General Knowledge — Airframe, Systems, Powerplant",MED,N,,3,agent_tasklist.md,0,DRAFT_DONE,State the indications and explain the implications of the following malfunctions: system leak or low level; low pressure; high temperature.
021.04.01.01.01,021,"Aircraft General Knowledge — Airframe, Systems, Powerplant",LOW,Y,,3,agent_tasklist.md,0,DRAFT_DONE,"Name, for an aeroplane, the following different landing-gear configurations: nose wheel; tail wheel."
021.04.01.02.01,021,"Aircraft General Knowledge — Airframe, Systems, Powerplant",MED,N,,3,agent_tasklist.md,0,DRAFT_DONE,Explain the function of the following components of a landing gear: oleo leg/shock strut; axles; bogies and bogie beam; drag struts; side stays/struts; torsion links; locks (over centre); gear doors.
021.04.01.02.03,021,"Aircraft General Knowledge — Airframe, Systems, Powerplant",MED,N,,3,agent_tasklist.md,0,DRAFT_DONE,"Name the different components of a landing gear, using a diagram."
021.04.01.02.04,021,"Aircraft General Knowledge — Airframe, Systems, Powerplant",MED,N,,3,agent_tasklist.md,0,DRAFT_DONE,Describe the sequence of events during normal operation of the landing gear.
021.04.01.02.05,021,"Aircraft General Knowledge — Airframe, Systems, Powerplant",MED,N,,3,agent_tasklist.md,0,DRAFT_DONE,State how landing-gear position indication and alerting is implemented.
021.04.01.02.06,021,"Aircraft General Knowledge — Airframe, Systems, Powerplant",MED,N,,3,agent_tasklist.md,0,DRAFT_DONE,Describe the various protection devices to avoid inadvertent gear retraction on the ground and explain the implications of taking off with one or more protection devices in place: ground lock (pins); protection devices in the gear retraction mechanism.
021.04.01.02.07,021,"Aircraft General Knowledge — Airframe, Systems, Powerplant",MED,N,,3,agent_tasklist.md,0,DRAFT_DONE,Explain the speed limitations for gear operation (VLO (maximum landing gear operating speed) and VLE (maximum landing gear extended speed)).
021.04.01.02.08,021,"Aircraft General Knowledge — Airframe, Systems, Powerplant",MED,N,,3,agent_tasklist.md,0,DRAFT_DONE,Describe the sequence for emergency gear extension: unlocking; operating; down-locking.
021.04.01.02.09,021,"Aircraft General Knowledge — Airframe, Systems, Powerplant",MED,N,,3,agent_tasklist.md,0,DRAFT_DONE,Describe some methods for emergency gear extension including: gravity/free fall; air or nitrogen pressure; manually/mechanically.
021.04.02.01.01,021,"Aircraft General Knowledge — Airframe, Systems, Powerplant",MED,N,,3,agent_tasklist.md,0,DRAFT_DONE,Explain the operating principle of nose‑wheel steering.
021.04.02.01.03,021,"Aircraft General Knowledge — Airframe, Systems, Powerplant",MED,N,,3,agent_tasklist.md,0,DRAFT_DONE,"Describe, for an aeroplane, the functioning of the following systems: differential braking with free-castoring nose wheel; tiller or hand wheel steering; rudder pedal nose-wheel steering."
021.04.02.01.04,021,"Aircraft General Knowledge — Airframe, Systems, Powerplant",MED,N,,3,agent_tasklist.md,0,DRAFT_DONE,Explain the centring mechanism of the nose wheel.
021.04.02.01.05,021,"Aircraft General Knowledge — Airframe, Systems, Powerplant",MED,N,,3,agent_tasklist.md,0,DRAFT_DONE,Define the term ‘shimmy’ and the possible consequences of shimmy for the nose- and the main-wheel system and explain the purpose of a shimmy damper to reduce the severity of shimmy.
021.04.02.01.06,021,"Aircraft General Knowledge — Airframe, Systems, Powerplant",MED,N,,3,agent_tasklist.md,0,DRAFT_DONE,Explain the purpose of main-wheel (body) steering.
021.04.03.01.01,021,"Aircraft General Knowledge — Airframe, Systems, Powerplant",MED,N,,3,agent_tasklist.md,0,DRAFT_DONE,Describe the basic operating principle of a disc brake.
021.04.03.01.02,021,"Aircraft General Knowledge — Airframe, Systems, Powerplant",MED,N,,3,agent_tasklist.md,0,DRAFT_DONE,"State the different materials used in a disc brake (steel, carbon)."
021.04.03.01.03,021,"Aircraft General Knowledge — Airframe, Systems, Powerplant",MED,N,,3,agent_tasklist.md,0,DRAFT_DONE,"Describe the characteristics, advantages and disadvantages of steel and carbon brake discs with regard to: weight; temperature limits; internal-friction coefficient; wear."
021.04.03.02.01,021,"Aircraft General Knowledge — Airframe, Systems, Powerplant",MED,N,,3,agent_tasklist.md,0,DRAFT_DONE,Explain the limitation of brake energy and describe the operational consequences.
021.04.03.02.02,021,"Aircraft General Knowledge — Airframe, Systems, Powerplant",MED,N,,3,agent_tasklist.md,0,DRAFT_DONE,"Explain how brakes are actuated: hydraulically, electrically."
021.04.03.02.03,021,"Aircraft General Knowledge — Airframe, Systems, Powerplant",MED,N,,3,agent_tasklist.md,0,DRAFT_DONE,Explain the purpose of an in-flight wheel brake system.
021.04.03.02.04,021,"Aircraft General Knowledge — Airframe, Systems, Powerplant",MED,N,,3,agent_tasklist.md,0,DRAFT_DONE,Describe the function of a brake accumulator.
021.04.03.02.05,021,"Aircraft General Knowledge — Airframe, Systems, Powerplant",MED,N,,3,agent_tasklist.md,0,DRAFT_DONE,Describe the function of the parking brake.
021.04.03.02.06,021,"Aircraft General Knowledge — Airframe, Systems, Powerplant",MED,N,,3,agent_tasklist.md,0,DRAFT_DONE,Explain the function of brake-wear indicators.
021.04.03.02.07,021,"Aircraft General Knowledge — Airframe, Systems, Powerplant",MED,N,,3,agent_tasklist.md,0,DRAFT_DONE,Explain the reason for the brake-temperature indicator.
021.04.03.03.01,021,"Aircraft General Knowledge — Airframe, Systems, Powerplant",MED,N,,3,agent_tasklist.md,0,DRAFT_DONE,Describe the operating principle of anti‑skid where excessive brake pressure applied is automatically reduced for optimum breaking performance.
021.04.03.03.02,021,"Aircraft General Knowledge — Airframe, Systems, Powerplant",MED,N,,3,agent_tasklist.md,0,DRAFT_DONE,Explain that the anti-skid computer compares wheel speed to aeroplane reference speed to provide the following: slip ratio for maximum braking performance; locked-wheel prevention (protection against deep skid on one wheel); touchdown protection (protection against brake-pressure application during touchdown); hydroplane protection.
021.04.03.03.03,021,"Aircraft General Knowledge — Airframe, Systems, Powerplant",MED,N,,3,agent_tasklist.md,0,DRAFT_DONE,"Give examples of the impact of an anti-skid system on performance, and explain the implications of anti-skid system failure."
021.04.03.04.01,021,"Aircraft General Knowledge — Airframe, Systems, Powerplant",MED,N,,3,agent_tasklist.md,0,DRAFT_DONE,Describe the operating principle of an autobrake system.
021.04.03.04.02,021,"Aircraft General Knowledge — Airframe, Systems, Powerplant",MED,N,,3,agent_tasklist.md,0,DRAFT_DONE,Explain why the anti-skid system must be available when using autobrakes.
021.04.03.04.03,021,"Aircraft General Knowledge — Airframe, Systems, Powerplant",MED,N,,3,agent_tasklist.md,0,DRAFT_DONE,Explain the difference between the three modes of operation of an autobrake system: OFF (system off or reset); Armed (the system is ready to operate under certain conditions); Activated/Deactivated (application of pressure on brakes).
021.04.03.04.04,021,"Aircraft General Knowledge — Airframe, Systems, Powerplant",MED,N,,3,agent_tasklist.md,0,DRAFT_DONE,"Describe how an autobrake system setting will either apply maximum braking (RTO or MAX) or result in a given rate of deceleration, where the amount of braking applied may be affected by: the use of reverse thrust; slippery runway."
021.04.04.01.01,021,"Aircraft General Knowledge — Airframe, Systems, Powerplant",LOW,Y,,3,agent_tasklist.md,0,DRAFT_DONE,Describe the different types of tyres such as: tubeless; diagonal (cross ply); radial (circumferential bias).
021.04.04.01.02,021,"Aircraft General Knowledge — Airframe, Systems, Powerplant",LOW,Y,,3,agent_tasklist.md,0,DRAFT_DONE,Define the following terms: ply rating; tyre tread; tyre creep; retread (cover).
021.04.04.01.03,021,"Aircraft General Knowledge — Airframe, Systems, Powerplant",MED,N,,3,agent_tasklist.md,0,DRAFT_DONE,Explain the function of thermal/fusible plugs.
021.04.04.01.04,021,"Aircraft General Knowledge — Airframe, Systems, Powerplant",MED,N,,3,agent_tasklist.md,0,DRAFT_DONE,Explain the implications of and how to identify tread separation and wear or damage with associated increased risk of tyre burst.
021.04.04.01.05,021,"Aircraft General Knowledge — Airframe, Systems, Powerplant",MED,N,,3,agent_tasklist.md,0,DRAFT_DONE,Explain why the ground speed of tyres is limited.
021.04.04.01.06,021,"Aircraft General Knowledge — Airframe, Systems, Powerplant",MED,N,,3,agent_tasklist.md,0,DRAFT_DONE,Describe the following tyre checks a pilot will perform during the pre-flight inspection and identify probable causes: cuts and damages; flat spots.
021.05.01.01.01,021,"Aircraft General Knowledge — Airframe, Systems, Powerplant",MED,N,,3,agent_tasklist.md,0,DRAFT_DONE,Define a ‘primary flight control’.
021.05.01.01.02,021,"Aircraft General Knowledge — Airframe, Systems, Powerplant",MED,N,,3,agent_tasklist.md,0,DRAFT_DONE,"List the following primary flight control surfaces: elevator; aileron, roll spoilers, flaperon; rudder."
021.05.01.01.03,021,"Aircraft General Knowledge — Airframe, Systems, Powerplant",MED,N,,3,agent_tasklist.md,0,DRAFT_DONE,List the various means of control surface actuation including: manual; fully powered (irreversible); partially powered (reversible).
021.05.01.02.01,021,"Aircraft General Knowledge — Airframe, Systems, Powerplant",MED,N,,3,agent_tasklist.md,0,DRAFT_DONE,Explain the basic principle of a fully manual control system.
021.05.01.03.01,021,"Aircraft General Knowledge — Airframe, Systems, Powerplant",MED,N,,3,agent_tasklist.md,0,DRAFT_DONE,Explain the basic principle of a fully powered control system.
021.05.01.03.02,021,"Aircraft General Knowledge — Airframe, Systems, Powerplant",MED,N,,3,agent_tasklist.md,0,DRAFT_DONE,Explain the concept of irreversibility in a flight control system.
021.05.01.03.03,021,"Aircraft General Knowledge — Airframe, Systems, Powerplant",MED,N,,3,agent_tasklist.md,0,DRAFT_DONE,Explain the need for a ‘feel system’ in a fully powered control system.
021.05.01.03.04,021,"Aircraft General Knowledge — Airframe, Systems, Powerplant",MED,N,,3,agent_tasklist.md,0,DRAFT_DONE,Explain the operating principle of a stabiliser trim system in a fully powered control system.
021.05.01.03.05,021,"Aircraft General Knowledge — Airframe, Systems, Powerplant",MED,N,,3,agent_tasklist.md,0,DRAFT_DONE,Explain the operating principle of rudder and aileron trim in a fully powered control system.
021.05.01.04.01,021,"Aircraft General Knowledge — Airframe, Systems, Powerplant",MED,N,,3,agent_tasklist.md,0,DRAFT_DONE,Explain the basic principle of a partially powered control system.
021.05.01.04.02,021,"Aircraft General Knowledge — Airframe, Systems, Powerplant",MED,N,,3,agent_tasklist.md,0,DRAFT_DONE,Explain why a ‘feel system’ is not necessary in a partially powered control system.
021.05.01.05.01,021,"Aircraft General Knowledge — Airframe, Systems, Powerplant",MED,N,,3,agent_tasklist.md,0,DRAFT_DONE,List and describe the function of the following components of a flight control system: actuators; control valves; cables; electrical wiring; control surface position sensors.
021.05.01.05.02,021,"Aircraft General Knowledge — Airframe, Systems, Powerplant",MED,N,,3,agent_tasklist.md,0,DRAFT_DONE,Explain how redundancy is obtained in primary flight control systems of large transport aeroplanes.
021.05.01.05.03,021,"Aircraft General Knowledge — Airframe, Systems, Powerplant",MED,N,,3,agent_tasklist.md,0,DRAFT_DONE,Explain the danger of control jamming and the means of retaining sufficient control capability.
021.05.01.05.04,021,"Aircraft General Knowledge — Airframe, Systems, Powerplant",MED,N,,3,agent_tasklist.md,0,DRAFT_DONE,Explain the methods of locking the controls on the ground and describe ‘gust or control lock’ warnings.
021.05.01.05.05,021,"Aircraft General Knowledge — Airframe, Systems, Powerplant",MED,N,,3,agent_tasklist.md,0,DRAFT_DONE,"Explain the concept of a rudder deflection limitation (rudder limiter) system and the various means of implementation (rudder ratio changer, variable stops, blow-back)."
021.05.02.01.01,021,"Aircraft General Knowledge — Airframe, Systems, Powerplant",MED,N,,3,agent_tasklist.md,0,DRAFT_DONE,Define a ‘secondary flight control’.
021.05.02.01.02,021,"Aircraft General Knowledge — Airframe, Systems, Powerplant",MED,N,,3,agent_tasklist.md,0,DRAFT_DONE,"List the following secondary flight control surfaces: lift-augmentation devices (flaps and slats); speed brakes; flight and ground spoilers; trimming devices such as trim tabs, trimmable horizontal stabiliser."
021.05.02.01.03,021,"Aircraft General Knowledge — Airframe, Systems, Powerplant",MED,N,,3,agent_tasklist.md,0,DRAFT_DONE,Describe secondary flight control actuation methods and sources of actuating power.
021.05.02.01.04,021,"Aircraft General Knowledge — Airframe, Systems, Powerplant",MED,N,,3,agent_tasklist.md,0,DRAFT_DONE,Explain the function of a mechanical lock when using hydraulic motors driving a screw jack.
021.05.02.01.05,021,"Aircraft General Knowledge — Airframe, Systems, Powerplant",MED,N,,3,agent_tasklist.md,0,DRAFT_DONE,Describe the requirement for limiting flight speeds for the various secondary flight control surfaces.
021.05.02.01.06,021,"Aircraft General Knowledge — Airframe, Systems, Powerplant",MED,N,,3,agent_tasklist.md,0,DRAFT_DONE,"For lift-augmentation devices, explain the load-limiting (relief) protection devices and the functioning of an auto-retraction system."
021.05.02.01.07,021,"Aircraft General Knowledge — Airframe, Systems, Powerplant",MED,N,,3,agent_tasklist.md,0,DRAFT_DONE,"Explain how a flap/slat asymmetry protection device functions, and describe the implications of a flap/slat asymmetry situation."
021.05.02.01.08,021,"Aircraft General Knowledge — Airframe, Systems, Powerplant",MED,N,,3,agent_tasklist.md,0,DRAFT_DONE,Describe the function of an auto-slat system.
021.05.02.01.09,021,"Aircraft General Knowledge — Airframe, Systems, Powerplant",MED,N,,3,agent_tasklist.md,0,DRAFT_DONE,Explain the concept of control surface blow-back (aerodynamic forces overruling hydraulic forces).
021.05.04.01.01,021,"Aircraft General Knowledge — Airframe, Systems, Powerplant",MED,N,,3,agent_tasklist.md,0,DRAFT_DONE,"Explain that an FBW flight control system is composed of the following: pilot’s input command (control column/sidestick/rudder pedals); electrical signalling paths, including: pilot input to computer; computer to flight control surfaces; feedback from aircraft response to computer; flight control computers; actuators; flight control surfaces."
021.05.04.01.02,021,"Aircraft General Knowledge — Airframe, Systems, Powerplant",MED,N,,3,agent_tasklist.md,0,DRAFT_DONE,State the advantages of an FBW system in comparison with a conventional flight control system including: weight; pilot workload; flight-envelope protection.
021.05.04.01.03,021,"Aircraft General Knowledge — Airframe, Systems, Powerplant",MED,N,,3,agent_tasklist.md,0,DRAFT_DONE,Explain why an FBW system is always irreversible.
021.05.04.01.04,021,"Aircraft General Knowledge — Airframe, Systems, Powerplant",MED,N,,3,agent_tasklist.md,0,DRAFT_DONE,Explain the different modes of operation: normal operation (e.g. normal law or normal mode); downgraded operation (e.g. alternate law or secondary mode); direct law.
021.05.04.01.05,021,"Aircraft General Knowledge — Airframe, Systems, Powerplant",MED,N,,3,agent_tasklist.md,0,DRAFT_DONE,Describe the implications of mode degradation in relation to pilot workload and flight-envelope protection.
021.05.04.01.07,021,"Aircraft General Knowledge — Airframe, Systems, Powerplant",MED,N,,3,agent_tasklist.md,0,DRAFT_DONE,"For aircraft using sidestick for manual control, describe the implications of: dual control input made by the pilot; the control takeover facility available to the pilot."
021.05.04.01.09,021,"Aircraft General Knowledge — Airframe, Systems, Powerplant",MED,N,,3,agent_tasklist.md,0,DRAFT_DONE,Explain why several types of computers are needed and why they should be dissimilar.
021.05.04.01.10,021,"Aircraft General Knowledge — Airframe, Systems, Powerplant",MED,N,,3,agent_tasklist.md,0,DRAFT_DONE,Explain why several control surfaces on every axis are needed on FBW aircraft.
021.05.04.01.11,021,"Aircraft General Knowledge — Airframe, Systems, Powerplant",MED,N,,3,agent_tasklist.md,0,DRAFT_DONE,Explain why several sensors are needed on critical parameters.
021.06.01.01.01,021,"Aircraft General Knowledge — Airframe, Systems, Powerplant",MED,N,,3,agent_tasklist.md,0,DRAFT_DONE,Describe the following means of supplying air for the pneumatic systems for piston-engine aircraft: compressor; vacuum pump.
021.06.01.01.02,021,"Aircraft General Knowledge — Airframe, Systems, Powerplant",MED,N,,3,agent_tasklist.md,0,DRAFT_DONE,State that an air supply is required for the following systems: instrumentation; heating; de-icing.
021.06.01.02.01,021,"Aircraft General Knowledge — Airframe, Systems, Powerplant",MED,N,,3,agent_tasklist.md,0,DRAFT_DONE,State that the possible bleed-air sources for gas turbine engine aircraft are the following: engine; auxiliary power unit (APU); ground supply.
021.06.01.02.02,021,"Aircraft General Knowledge — Airframe, Systems, Powerplant",MED,N,,3,agent_tasklist.md,0,DRAFT_DONE,State that for an aeroplane a bleed-air supply can be used for the following systems or components: ice protection; engine air starter; pressurisation of a hydraulic reservoir; air-driven hydraulic pumps; pressurisation and air conditioning.
021.06.01.02.04,021,"Aircraft General Knowledge — Airframe, Systems, Powerplant",MED,N,,3,agent_tasklist.md,0,DRAFT_DONE,State that the bleed-air supply system can comprise the following: pneumatic ducts; isolation valve; pressure-regulating valve; engine bleed valve (HP/IP valves); fan-air pre-cooler; temperature and pressure sensors.
021.06.01.02.05,021,"Aircraft General Knowledge — Airframe, Systems, Powerplant",MED,N,,3,agent_tasklist.md,0,DRAFT_DONE,Interpret a basic pneumatic system schematic to the level of detail as found in an FCOM.
021.06.01.02.06,021,"Aircraft General Knowledge — Airframe, Systems, Powerplant",MED,N,,3,agent_tasklist.md,0,DRAFT_DONE,Describe the cockpit indications for bleed-air systems.
021.06.01.02.07,021,"Aircraft General Knowledge — Airframe, Systems, Powerplant",MED,N,,3,agent_tasklist.md,0,DRAFT_DONE,Explain how the bleed-air supply system is controlled and monitored.
021.06.01.02.08,021,"Aircraft General Knowledge — Airframe, Systems, Powerplant",MED,N,,3,agent_tasklist.md,0,DRAFT_DONE,State the following bleed-air malfunctions: over-temperature; over-pressure; low pressure; overheat/duct leak; and describe the potential consequences.
021.06.03.01.01,021,"Aircraft General Knowledge — Airframe, Systems, Powerplant",MED,N,,3,agent_tasklist.md,0,DRAFT_DONE,Explain that a pressurisation and an air-conditioning system of an aeroplane controls: ventilation; temperature; pressure.
021.06.03.01.02,021,"Aircraft General Knowledge — Airframe, Systems, Powerplant",MED,N,,3,agent_tasklist.md,0,DRAFT_DONE,Explain how humidity is controlled.
021.06.03.01.03,021,"Aircraft General Knowledge — Airframe, Systems, Powerplant",MED,N,,3,agent_tasklist.md,0,DRAFT_DONE,Explain that the following components constitute a pressurisation system: pneumatic system as the power source; outflow valve; outflow valve actuator; pressure controller; excessive differential pressure-relief valve; negative differential pressure-relief valve.
021.06.03.01.04,021,"Aircraft General Knowledge — Airframe, Systems, Powerplant",MED,N,,3,agent_tasklist.md,0,DRAFT_DONE,"Explain that the following components constitute an air‑conditioning system and describe their operating principles and function: air-cycle machine (pack, bootstrap system); pack-cooling fan; water separator; mixing valves; flow-control valves (outflow valve); isolation valves; ram-air valve; recirculation fans; filters for recirculated air; temperature sensors. Remark: The bootstrap system is the only air-conditioning system considered for Part-FCL aeroplane examinations."
021.06.03.01.05,021,"Aircraft General Knowledge — Airframe, Systems, Powerplant",MED,N,,3,agent_tasklist.md,0,DRAFT_DONE,Describe the use of hot trim air.
021.06.03.01.06,021,"Aircraft General Knowledge — Airframe, Systems, Powerplant",MED,N,,3,agent_tasklist.md,0,DRAFT_DONE,Define the following terms: cabin altitude; cabin vertical speed; differential pressure; ground pressurisation.
021.06.03.01.07,021,"Aircraft General Knowledge — Airframe, Systems, Powerplant",MED,N,,3,agent_tasklist.md,0,DRAFT_DONE,Describe the operating principle of a pressurisation system.
021.06.03.01.08,021,"Aircraft General Knowledge — Airframe, Systems, Powerplant",MED,N,,3,agent_tasklist.md,0,DRAFT_DONE,Describe the emergency operation by manual setting of the outflow valve position.
021.06.03.01.09,021,"Aircraft General Knowledge — Airframe, Systems, Powerplant",MED,N,,3,agent_tasklist.md,0,DRAFT_DONE,Describe the working principle of an electronic cabin-pressure controller.
021.06.03.01.10,021,"Aircraft General Knowledge — Airframe, Systems, Powerplant",MED,N,,3,agent_tasklist.md,0,DRAFT_DONE,State how the maximum operating altitude is determined.
021.06.03.01.11,021,"Aircraft General Knowledge — Airframe, Systems, Powerplant",MED,N,,3,agent_tasklist.md,0,DRAFT_DONE,"Explain: why the maximum allowed value of cabin altitude is limited; a typical value of maximum differential pressure for large transport aeroplanes; the relation between cabin altitude, the maximum differential pressure and maximum aeroplane operating altitude."
021.06.03.01.12,021,"Aircraft General Knowledge — Airframe, Systems, Powerplant",MED,N,,3,agent_tasklist.md,0,DRAFT_DONE,Explain the typical warning on a transport category aircraft when cabin altitude exceeds 10 000 ft.
021.06.03.01.13,021,"Aircraft General Knowledge — Airframe, Systems, Powerplant",MED,N,,3,agent_tasklist.md,0,DRAFT_DONE,List and interpret typical indications of the pressurisation system.
021.06.03.01.14,021,"Aircraft General Knowledge — Airframe, Systems, Powerplant",MED,N,,3,agent_tasklist.md,0,DRAFT_DONE,Describe the main operational differences between a bleed-air-driven air-conditioning system and an electrically driven air-conditioning system as found on aircraft without engine bleed-air system.
021.07.01.01.01,021,"Aircraft General Knowledge — Airframe, Systems, Powerplant",MED,N,,3,agent_tasklist.md,0,DRAFT_DONE,Explain the concepts of anti‑icing and de‑icing.
021.07.01.01.02,021,"Aircraft General Knowledge — Airframe, Systems, Powerplant",MED,N,,3,agent_tasklist.md,0,DRAFT_DONE,Name the components of an aircraft which can be protected from ice accretion.
021.07.01.01.03,021,"Aircraft General Knowledge — Airframe, Systems, Powerplant",MED,N,,3,agent_tasklist.md,0,DRAFT_DONE,State that on some aeroplanes the tail does not have an ice-protection system.
021.07.01.01.04,021,"Aircraft General Knowledge — Airframe, Systems, Powerplant",MED,N,,3,agent_tasklist.md,0,DRAFT_DONE,State the different types of anti-icing/de-icing systems and describe their operating principle: hot air; electrical; fluid.
021.07.01.01.05,021,"Aircraft General Knowledge — Airframe, Systems, Powerplant",MED,N,,3,agent_tasklist.md,0,DRAFT_DONE,Describe the operating principle of the inflatable boot de-icing system.
021.07.02.01.01,021,"Aircraft General Knowledge — Airframe, Systems, Powerplant",MED,N,,3,agent_tasklist.md,0,DRAFT_DONE,Describe the different operating principles of the following ice detectors: mechanical systems using air pressure; electromechanical systems using resonance frequencies.
021.07.02.01.02,021,"Aircraft General Knowledge — Airframe, Systems, Powerplant",MED,N,,3,agent_tasklist.md,0,DRAFT_DONE,Describe the principle of operation of ice warning systems.
021.08.01.01.01,021,"Aircraft General Knowledge — Airframe, Systems, Powerplant",MED,N,,3,agent_tasklist.md,0,DRAFT_DONE,State the types of fuel used by a piston engine and their associated limitations: diesel; JET-A1 (for high-compression engines); AVGAS; MOGAS.
021.08.01.01.02,021,"Aircraft General Knowledge — Airframe, Systems, Powerplant",MED,N,,3,agent_tasklist.md,0,DRAFT_DONE,"State the main characteristics of these fuels and give typical values regarding their flash points, freezing points and density."
021.08.01.02.01,021,"Aircraft General Knowledge — Airframe, Systems, Powerplant",MED,N,,3,agent_tasklist.md,0,DRAFT_DONE,State the tasks of the fuel system.
021.08.01.02.02,021,"Aircraft General Knowledge — Airframe, Systems, Powerplant",MED,N,,3,agent_tasklist.md,0,DRAFT_DONE,"Name the following main components of a fuel system, and state their location and their function: lines; boost pump; pressure valves; filter, strainer; tanks (wing, tip, fuselage); vent system; sump; drain; fuel-quantity sensor; fuel-temperature sensor."
021.08.01.02.03,021,"Aircraft General Knowledge — Airframe, Systems, Powerplant",MED,N,,3,agent_tasklist.md,0,DRAFT_DONE,Describe a gravity fuel feed system and a pressure feed fuel system.
021.08.01.02.04,021,"Aircraft General Knowledge — Airframe, Systems, Powerplant",MED,N,,3,agent_tasklist.md,0,DRAFT_DONE,Describe the construction of the different types of fuel tanks and state their advantages and disadvantages: drum tank; bladder tank; integral tank.
021.08.01.02.05,021,"Aircraft General Knowledge — Airframe, Systems, Powerplant",MED,N,,3,agent_tasklist.md,0,DRAFT_DONE,Explain the function of cross-feed.
021.08.01.02.06,021,"Aircraft General Knowledge — Airframe, Systems, Powerplant",MED,N,,3,agent_tasklist.md,0,DRAFT_DONE,Define the term ‘unusable fuel’.
021.08.01.02.07,021,"Aircraft General Knowledge — Airframe, Systems, Powerplant",MED,N,,3,agent_tasklist.md,0,DRAFT_DONE,List the following parameters that are monitored for the fuel system: fuel quantity (low-level warning); fuel temperature.
021.08.02.01.01,021,"Aircraft General Knowledge — Airframe, Systems, Powerplant",MED,N,,3,agent_tasklist.md,0,DRAFT_DONE,State the types of fuel used by a gas turbine engine: JET-A; JET-A1; JET-B.
021.08.02.01.02,021,"Aircraft General Knowledge — Airframe, Systems, Powerplant",MED,N,,3,agent_tasklist.md,0,DRAFT_DONE,"State the main characteristics of these fuels and give typical values regarding their flash points, freezing points and density."
021.08.02.01.03,021,"Aircraft General Knowledge — Airframe, Systems, Powerplant",MED,N,,3,agent_tasklist.md,0,DRAFT_DONE,State the existence of additives for freezing.
021.08.02.02.01,021,"Aircraft General Knowledge — Airframe, Systems, Powerplant",MED,N,,3,agent_tasklist.md,0,DRAFT_DONE,"Explain the function of the fuel system: lines; centrifugal boost pump; pressure valves; fuel shut-off valve; filter, strainer; tanks (wing, tip, fuselage, tail); bafflers/baffles; sump; vent system; drain; fuel-quantity sensor; fuel-temperature sensor; refuelling/defueling system; fuel dump/jettison system."
021.08.02.02.02,021,"Aircraft General Knowledge — Airframe, Systems, Powerplant",MED,N,,3,agent_tasklist.md,0,DRAFT_DONE,"Name the main components of the fuel system and state their location and their function: trim fuel tanks; bafflers; refuelling/defueling system; fuel dump/jettison system. Remark: For completion of list, please see 021.08 01.02 (02)."
021.08.02.02.03,021,"Aircraft General Knowledge — Airframe, Systems, Powerplant",MED,N,,3,agent_tasklist.md,0,DRAFT_DONE,Interpret a typical fuel system schematic to the level of detail as found in an aircraft FCOM.
021.08.02.02.04,021,"Aircraft General Knowledge — Airframe, Systems, Powerplant",MED,N,,3,agent_tasklist.md,0,DRAFT_DONE,Explain the limitations in the event of loss of booster pump fuel pressure.
021.08.02.02.05,021,"Aircraft General Knowledge — Airframe, Systems, Powerplant",MED,N,,3,agent_tasklist.md,0,DRAFT_DONE,Describe the use and purpose of drip sticks (manual magnetic indicators) (may also be known as dip stick or drop stick).
021.08.02.02.06,021,"Aircraft General Knowledge — Airframe, Systems, Powerplant",MED,N,,3,agent_tasklist.md,0,DRAFT_DONE,"Explain the considerations for fitting a fuel dump/jettison system and, if fitted, its function."
021.09.01.01.01,021,"Aircraft General Knowledge — Airframe, Systems, Powerplant",MED,N,,3,agent_tasklist.md,0,DRAFT_DONE,Explain static electricity and describe the flying conditions where aircraft are most susceptible to build-up of static electricity.
021.09.01.01.02,021,"Aircraft General Knowledge — Airframe, Systems, Powerplant",MED,N,,3,agent_tasklist.md,0,DRAFT_DONE,Describe a static discharger and explain the following: its purpose; typical locations; pilot’s role of observing it during pre-flight inspection.
021.09.01.01.03,021,"Aircraft General Knowledge — Airframe, Systems, Powerplant",MED,N,,3,agent_tasklist.md,0,DRAFT_DONE,Explain why an aircraft must first be grounded before refuelling/defueling.
021.09.01.01.04,021,"Aircraft General Knowledge — Airframe, Systems, Powerplant",MED,N,,3,agent_tasklist.md,0,DRAFT_DONE,Explain the reason for electrical bonding.
021.09.01.02.01,021,"Aircraft General Knowledge — Airframe, Systems, Powerplant",MED,N,,3,agent_tasklist.md,0,DRAFT_DONE,"Explain the term ‘direct current’ (DC), and state that current can only flow in a closed circuit."
021.09.01.02.02,021,"Aircraft General Knowledge — Airframe, Systems, Powerplant",LOW,Y,,3,agent_tasklist.md,0,DRAFT_DONE,"Explain the basic principles of conductivity and give examples of conductors, semiconductors and insulators."
021.09.01.02.03,021,"Aircraft General Knowledge — Airframe, Systems, Powerplant",MED,N,,3,agent_tasklist.md,0,DRAFT_DONE,"Describe the difference in use of the following mechanical switches and explain the difference in observing their state (e.g. ON/OFF), and why some switches are guarded: toggle switch; rocker switch; pushbutton switch; rotary switch. Explain the difference in observing their state (e.g. ON/OFF) and why some switches are guarded."
021.09.01.02.04,021,"Aircraft General Knowledge — Airframe, Systems, Powerplant",MED,N,,3,agent_tasklist.md,0,DRAFT_DONE,"Define voltage and current, and state their unit of measurement."
021.09.01.02.05,021,"Aircraft General Knowledge — Airframe, Systems, Powerplant",LOW,Y,,3,agent_tasklist.md,0,DRAFT_DONE,Explain Ohm’s law in qualitative terms.
021.09.01.02.06,021,"Aircraft General Knowledge — Airframe, Systems, Powerplant",LOW,Y,,3,agent_tasklist.md,0,DRAFT_DONE,Explain the effect on total resistance when resistors are connected in series or in parallel.
021.09.01.02.07,021,"Aircraft General Knowledge — Airframe, Systems, Powerplant",LOW,Y,,3,agent_tasklist.md,0,DRAFT_DONE,State that resistances can have a positive or a negative temperature coefficient (PTC/NTC) and state their use.
021.09.01.02.08,021,"Aircraft General Knowledge — Airframe, Systems, Powerplant",MED,N,,3,agent_tasklist.md,0,DRAFT_DONE,Define electrical power and state the unit of measurement.
021.09.01.03.01,021,"Aircraft General Knowledge — Airframe, Systems, Powerplant",LOW,Y,,3,agent_tasklist.md,0,DRAFT_DONE,"Explain the term ‘alternating current’ (AC), and compare its use to DC with regard to complexity."
021.09.01.03.02,021,"Aircraft General Knowledge — Airframe, Systems, Powerplant",MED,N,,3,agent_tasklist.md,0,DRAFT_DONE,"Define the term ‘phase’, and explain the basic principle of single-phase and three-phase AC."
021.09.01.03.03,021,"Aircraft General Knowledge — Airframe, Systems, Powerplant",MED,N,,3,agent_tasklist.md,0,DRAFT_DONE,State that aircraft can use single-phase or three-phase AC.
021.09.01.03.04,021,"Aircraft General Knowledge — Airframe, Systems, Powerplant",MED,N,,3,agent_tasklist.md,0,DRAFT_DONE,Define frequency and state the unit of measurement.
021.09.01.03.05,021,"Aircraft General Knowledge — Airframe, Systems, Powerplant",LOW,Y,,3,agent_tasklist.md,0,DRAFT_DONE,Define ‘phase shift’ in qualitative terms.
021.09.01.06.01,021,"Aircraft General Knowledge — Airframe, Systems, Powerplant",MED,N,,3,agent_tasklist.md,0,DRAFT_DONE,State that an electrical current produces a magnetic field.
021.09.01.06.02,021,"Aircraft General Knowledge — Airframe, Systems, Powerplant",MED,N,,3,agent_tasklist.md,0,DRAFT_DONE,Describe how the strength of the magnetic field changes with the magnitude of the current.
021.09.01.06.03,021,"Aircraft General Knowledge — Airframe, Systems, Powerplant",MED,N,,3,agent_tasklist.md,0,DRAFT_DONE,Explain the purpose and the working principle of a solenoid.
021.09.01.06.04,021,"Aircraft General Knowledge — Airframe, Systems, Powerplant",MED,N,,3,agent_tasklist.md,0,DRAFT_DONE,Explain the purpose and the working principle of a relay.
021.09.01.06.05,021,"Aircraft General Knowledge — Airframe, Systems, Powerplant",MED,N,,3,agent_tasklist.md,0,DRAFT_DONE,Explain the principle of electromagnetic induction and how two electrical components or systems may affect each other through this principle.
021.09.01.07.01,021,"Aircraft General Knowledge — Airframe, Systems, Powerplant",MED,N,,3,agent_tasklist.md,0,DRAFT_DONE,Explain the working principle of a fuse and a circuit breaker.
021.09.01.07.02,021,"Aircraft General Knowledge — Airframe, Systems, Powerplant",MED,N,,3,agent_tasklist.md,0,DRAFT_DONE,Explain how a fuse is rated.
021.09.01.07.03,021,"Aircraft General Knowledge — Airframe, Systems, Powerplant",MED,N,,3,agent_tasklist.md,0,DRAFT_DONE,Describe the principal difference between the following types of circuit breakers: thermal circuit breaker sensing magnitude of current; magnetic circuit breaker sensing direction of current.
021.09.01.07.04,021,"Aircraft General Knowledge — Airframe, Systems, Powerplant",MED,N,,3,agent_tasklist.md,0,DRAFT_DONE,Describe how circuit breakers may be used to reset aircraft systems/computers in the event of system failure (when part of a described procedure).
021.09.01.07.05,021,"Aircraft General Knowledge — Airframe, Systems, Powerplant",MED,N,,3,agent_tasklist.md,0,DRAFT_DONE,"Explain a short circuit in practical terms using Ohm’s Law, power and energy expressions highlighting the risk of fire due to power transfer and extreme energy dissipation."
021.09.01.07.06,021,"Aircraft General Knowledge — Airframe, Systems, Powerplant",MED,N,,3,agent_tasklist.md,0,DRAFT_DONE,Explain the risk of fire resulting from excessive heat in a circuit subjected to overcurrent.
021.09.01.07.07,021,"Aircraft General Knowledge — Airframe, Systems, Powerplant",MED,N,,3,agent_tasklist.md,0,DRAFT_DONE,Explain that overcurrent situations may be transient.
021.09.01.07.08,021,"Aircraft General Knowledge — Airframe, Systems, Powerplant",MED,N,,3,agent_tasklist.md,0,DRAFT_DONE,Explain the hazards of multiple resets of a circuit breaker or the use of incorrect fuse rating when replacing blown fuses.
021.09.01.08.01,021,"Aircraft General Knowledge — Airframe, Systems, Powerplant",MED,N,,3,agent_tasklist.md,0,DRAFT_DONE,Describe the effect of temperature on semiconductors with regard to function and longevity of the component.
021.09.01.08.02,021,"Aircraft General Knowledge — Airframe, Systems, Powerplant",MED,N,,3,agent_tasklist.md,0,DRAFT_DONE,"Describe the following five basic logic functions, as used in aircraft FCOM documentation, and recognise their schematic symbols according to the ANSI/MIL standard: AND; OR; NOT; NOR; NAND."
021.09.01.08.03,021,"Aircraft General Knowledge — Airframe, Systems, Powerplant",MED,N,,3,agent_tasklist.md,0,DRAFT_DONE,Interpret a typical logic circuit schematic to the level of detail as found in an aircraft FCOM.
021.09.02.01.01,021,"Aircraft General Knowledge — Airframe, Systems, Powerplant",MED,N,,3,agent_tasklist.md,0,DRAFT_DONE,State the function of an aircraft battery.
021.09.02.01.02,021,"Aircraft General Knowledge — Airframe, Systems, Powerplant",MED,N,,3,agent_tasklist.md,0,DRAFT_DONE,Name the types of rechargeable batteries used in aircraft: lead-acid; nickel-cadmium; lithium-ion; lithium-polymer.
021.09.02.01.03,021,"Aircraft General Knowledge — Airframe, Systems, Powerplant",MED,N,,3,agent_tasklist.md,0,DRAFT_DONE,Compare the different battery types with respect to: load behaviour; charging characteristics; risk of thermal runaway.
021.09.02.01.04,021,"Aircraft General Knowledge — Airframe, Systems, Powerplant",MED,N,,3,agent_tasklist.md,0,DRAFT_DONE,Explain the term ‘cell voltage’ and describe how a battery may consist of several cells that combined provide the desirable voltage and capacity.
021.09.02.01.05,021,"Aircraft General Knowledge — Airframe, Systems, Powerplant",MED,N,,3,agent_tasklist.md,0,DRAFT_DONE,Explain the difference between battery voltage and charging voltage.
021.09.02.01.06,021,"Aircraft General Knowledge — Airframe, Systems, Powerplant",MED,N,,3,agent_tasklist.md,0,DRAFT_DONE,Define the term ‘capacity of batteries’ and state the unit of measurement used.
021.09.02.01.07,021,"Aircraft General Knowledge — Airframe, Systems, Powerplant",MED,N,,3,agent_tasklist.md,0,DRAFT_DONE,State the effect of temperature on battery capacity and performance.
021.09.02.01.08,021,"Aircraft General Knowledge — Airframe, Systems, Powerplant",MED,N,,3,agent_tasklist.md,0,DRAFT_DONE,State that in the case of loss of all generated power (battery power only) the remaining electrical power is time-limited.
021.09.02.01.09,021,"Aircraft General Knowledge — Airframe, Systems, Powerplant",MED,N,,3,agent_tasklist.md,0,DRAFT_DONE,"Explain how lithium-type batteries pose a threat to aircraft safety and what affects this risk: numbers of batteries on board an aircraft including those brought on board by passengers; temperature, of both battery and environment; physical condition of the battery; battery charging."
021.09.02.01.10,021,"Aircraft General Knowledge — Airframe, Systems, Powerplant",MED,N,,3,agent_tasklist.md,0,DRAFT_DONE,Describe how to contain a battery thermal runaway highlighting the following: how one cell can affect the neighbouring cells; challenges if it happens in an aircraft during flight.
021.09.03.01.01,021,"Aircraft General Knowledge — Airframe, Systems, Powerplant",MED,N,,3,agent_tasklist.md,0,DRAFT_DONE,Describe the basic working principle of a simple DC generator or DC alternator.
021.09.03.01.02,021,"Aircraft General Knowledge — Airframe, Systems, Powerplant",MED,N,,3,agent_tasklist.md,0,DRAFT_DONE,Explain the principle of voltage control and why it is required.
021.09.03.01.03,021,"Aircraft General Knowledge — Airframe, Systems, Powerplant",MED,N,,3,agent_tasklist.md,0,DRAFT_DONE,Explain the purpose of reverse current protection from the battery/busbar to the alternator.
021.09.03.01.04,021,"Aircraft General Knowledge — Airframe, Systems, Powerplant",MED,N,,3,agent_tasklist.md,0,DRAFT_DONE,Describe the basic operating principle of a starter generator and state its purpose.
021.09.03.02.01,021,"Aircraft General Knowledge — Airframe, Systems, Powerplant",MED,N,,3,agent_tasklist.md,0,DRAFT_DONE,Describe the working principle of a brushless three-phase AC generator.
021.09.03.02.02,021,"Aircraft General Knowledge — Airframe, Systems, Powerplant",MED,N,,3,agent_tasklist.md,0,DRAFT_DONE,State that the generator field current is used to control voltage.
021.09.03.02.03,021,"Aircraft General Knowledge — Airframe, Systems, Powerplant",MED,N,,3,agent_tasklist.md,0,DRAFT_DONE,State the relationship between output frequency and the rpm of a three-phase AC generator.
021.09.03.02.04,021,"Aircraft General Knowledge — Airframe, Systems, Powerplant",MED,N,,3,agent_tasklist.md,0,DRAFT_DONE,Explain the term ‘frequency wild generator’.
021.09.03.02.05,021,"Aircraft General Knowledge — Airframe, Systems, Powerplant",MED,N,,3,agent_tasklist.md,0,DRAFT_DONE,List the following different power sources that can be used for an aeroplane to drive an AC generator: engine; APU; RAT; hydraulic.
021.09.03.03.01,021,"Aircraft General Knowledge — Airframe, Systems, Powerplant",MED,N,,3,agent_tasklist.md,0,DRAFT_DONE,Describe the function of a CSD.
021.09.03.03.02,021,"Aircraft General Knowledge — Airframe, Systems, Powerplant",MED,N,,3,agent_tasklist.md,0,DRAFT_DONE,Explain the parameters of a CSD that are monitored.
021.09.03.03.03,021,"Aircraft General Knowledge — Airframe, Systems, Powerplant",MED,N,,3,agent_tasklist.md,0,DRAFT_DONE,Describe the function of an IDG.
021.09.03.03.04,021,"Aircraft General Knowledge — Airframe, Systems, Powerplant",MED,N,,3,agent_tasklist.md,0,DRAFT_DONE,Explain the consequences of a mechanical disconnection during flight for a CSD and an IDG.
021.09.03.03.05,021,"Aircraft General Knowledge — Airframe, Systems, Powerplant",MED,N,,3,agent_tasklist.md,0,DRAFT_DONE,"Explain that a CSD/IDG has its own, independent oil system and how a leak from this may appear as an engine oil leak."
021.09.03.04.01,021,"Aircraft General Knowledge — Airframe, Systems, Powerplant",MED,N,,3,agent_tasklist.md,0,DRAFT_DONE,State the function of a transformer.
021.09.03.04.02,021,"Aircraft General Knowledge — Airframe, Systems, Powerplant",MED,N,,3,agent_tasklist.md,0,DRAFT_DONE,"State the function of a TRU and its purpose, including type of output."
021.09.03.04.03,021,"Aircraft General Knowledge — Airframe, Systems, Powerplant",MED,N,,3,agent_tasklist.md,0,DRAFT_DONE,"State the function of a static inverter and its purpose, including type of output."
021.09.04.01.01,021,"Aircraft General Knowledge — Airframe, Systems, Powerplant",MED,N,,3,agent_tasklist.md,0,DRAFT_DONE,Explain the function of a busbar.
021.09.04.01.02,021,"Aircraft General Knowledge — Airframe, Systems, Powerplant",MED,N,,3,agent_tasklist.md,0,DRAFT_DONE,"Describe the function of the following buses: AC bus; DC bus; emergency AC or DC bus; essential AC or DC bus; battery bus; hot bus, ground servicing or maintenance bus."
021.09.04.01.03,021,"Aircraft General Knowledge — Airframe, Systems, Powerplant",MED,N,,3,agent_tasklist.md,0,DRAFT_DONE,State that the aircraft structure can be used as a part of the electrical circuit (common earth) and explain the implications for electrical bonding.
021.09.04.01.04,021,"Aircraft General Knowledge — Airframe, Systems, Powerplant",MED,N,,3,agent_tasklist.md,0,DRAFT_DONE,Explain the function of external power.
021.09.04.01.05,021,"Aircraft General Knowledge — Airframe, Systems, Powerplant",MED,N,,3,agent_tasklist.md,0,DRAFT_DONE,State that a priority sequence exists between the different sources of electrical power on ground and in flight.
021.09.04.01.06,021,"Aircraft General Knowledge — Airframe, Systems, Powerplant",MED,N,,3,agent_tasklist.md,0,DRAFT_DONE,Explain the term ‘load sharing’.
021.09.04.01.07,021,"Aircraft General Knowledge — Airframe, Systems, Powerplant",MED,N,,3,agent_tasklist.md,0,DRAFT_DONE,Explain the term ‘load shedding’.
021.09.04.01.08,021,"Aircraft General Knowledge — Airframe, Systems, Powerplant",MED,N,,3,agent_tasklist.md,0,DRAFT_DONE,"Describe typical systems that can be shed in the event of a supply failure, such as passenger entertainment system and galley power."
021.09.04.01.09,021,"Aircraft General Knowledge — Airframe, Systems, Powerplant",MED,N,,3,agent_tasklist.md,0,DRAFT_DONE,Interpret a typical electrical system schematic to the level of detail as found in an aircraft FCOM.
021.09.04.01.10,021,"Aircraft General Knowledge — Airframe, Systems, Powerplant",MED,N,,3,agent_tasklist.md,0,DRAFT_DONE,"Explain the difference between a supply (e.g. generator) failure and a bus failure, and the operating consequences of either."
021.09.04.02.01,021,"Aircraft General Knowledge — Airframe, Systems, Powerplant",MED,N,,3,agent_tasklist.md,0,DRAFT_DONE,Describe a simple DC electrical system of a single-engine aircraft.
021.09.04.02.02,021,"Aircraft General Knowledge — Airframe, Systems, Powerplant",MED,N,,3,agent_tasklist.md,0,DRAFT_DONE,Describe a DC electrical system of a multi-engine aircraft (CS-23/CS-27) including the distribution consequences of loss of generator(s) or bus failure.
021.09.04.02.03,021,"Aircraft General Knowledge — Airframe, Systems, Powerplant",MED,N,,3,agent_tasklist.md,0,DRAFT_DONE,Describe the DC part of an electrical system of a transport aircraft (CS-25/CS-29) including the distribution consequences of loss of DC supply or bus failure.
021.09.04.02.04,021,"Aircraft General Knowledge — Airframe, Systems, Powerplant",MED,N,,3,agent_tasklist.md,0,DRAFT_DONE,Give examples of DC consumers.
021.09.04.03.01,021,"Aircraft General Knowledge — Airframe, Systems, Powerplant",MED,N,,3,agent_tasklist.md,0,DRAFT_DONE,Explain the difference in the principle of operation for a split AC electrical system and a parallel AC electrical system.
021.09.04.03.02,021,"Aircraft General Knowledge — Airframe, Systems, Powerplant",MED,N,,3,agent_tasklist.md,0,DRAFT_DONE,Describe the following distribution consequences: power transfer between different power supplies; power transfer in the event of a supply failure; loss of all normal AC supplies.
021.09.04.03.03,021,"Aircraft General Knowledge — Airframe, Systems, Powerplant",MED,N,,3,agent_tasklist.md,0,DRAFT_DONE,Give examples of AC consumers.
021.09.04.03.04,021,"Aircraft General Knowledge — Airframe, Systems, Powerplant",MED,N,,3,agent_tasklist.md,0,DRAFT_DONE,Explain the conditions to be met for paralleling AC generators.
021.09.04.03.05,021,"Aircraft General Knowledge — Airframe, Systems, Powerplant",MED,N,,3,agent_tasklist.md,0,DRAFT_DONE,State that volt-ampere (VA) is the unit for total power consumed in an AC system.
021.09.04.04.01,021,"Aircraft General Knowledge — Airframe, Systems, Powerplant",MED,N,,3,agent_tasklist.md,0,DRAFT_DONE,"Give examples of system control, monitoring and annunciators using the following terms: generator control unit (GCU) for monitoring generator output and providing network protection; exciter contactor/breaker/relay for control of generator exciter field; generator contactor/breaker/relay for connecting the generator to the network; bus-tie contactor/breaker/relay for connecting busbars together; generator switch on the flight deck for manual control of exciter contactor; IDG/CSD disconnect switch on the flight deck for mechanical disconnection of the generator; bus-tie switch on the flight deck with AUTO and OFF positions only."
021.09.04.04.02,021,"Aircraft General Knowledge — Airframe, Systems, Powerplant",MED,N,,3,agent_tasklist.md,0,DRAFT_DONE,"Describe, for normal and degraded modes of operation, the following functions of an electrical load management system on ground and in flight using the terms in 021.09 04 04 (01): distribution; monitoring; protection in the event of incorrect voltage; protection in the event of incorrect frequency; protection in the event of a differential fault."
021.09.04.04.03,021,"Aircraft General Knowledge — Airframe, Systems, Powerplant",MED,N,,3,agent_tasklist.md,0,DRAFT_DONE,Describe the requirement for monitoring the aircraft batteries.
021.09.04.04.04,021,"Aircraft General Knowledge — Airframe, Systems, Powerplant",MED,N,,3,agent_tasklist.md,0,DRAFT_DONE,Explain the importance of monitoring the temperature of nickel-cadmium and lithium-type batteries.
021.09.04.04.05,021,"Aircraft General Knowledge — Airframe, Systems, Powerplant",MED,N,,3,agent_tasklist.md,0,DRAFT_DONE,Interpret various different ammeter indications of an ammeter which monitors the charge current of the battery.
021.09.05.01.01,021,"Aircraft General Knowledge — Airframe, Systems, Powerplant",LOW,Y,,3,agent_tasklist.md,0,DRAFT_DONE,State that the purpose of an electrical motor is to convert electrical energy into mechanical energy.
021.09.05.01.02,021,"Aircraft General Knowledge — Airframe, Systems, Powerplant",MED,N,,3,agent_tasklist.md,0,DRAFT_DONE,"State that because of the similarity in design, a generator and an electrical motor may be combined into a starter generator."
021.09.05.01.03,021,"Aircraft General Knowledge — Airframe, Systems, Powerplant",MED,N,,3,agent_tasklist.md,0,DRAFT_DONE,"Explain that the size of the engine determines how much energy is required for starting, and state the following: small turbine engines may be able to use the battery for a very limited number of start attempts; large turbine engines require one or more power sources, either external or on-board."
021.09.05.02.01,021,"Aircraft General Knowledge — Airframe, Systems, Powerplant",MED,N,,3,agent_tasklist.md,0,DRAFT_DONE,"Describe how the torque of an electrical motor is determined by the supplied voltage and current, and the resulting magnetic fields within the motor."
021.09.05.02.02,021,"Aircraft General Knowledge — Airframe, Systems, Powerplant",LOW,Y,,3,agent_tasklist.md,0,DRAFT_DONE,State that electrical motors can be either AC or DC.
021.09.05.02.03,021,"Aircraft General Knowledge — Airframe, Systems, Powerplant",MED,N,,3,agent_tasklist.md,0,DRAFT_DONE,Explain the consequences of the following: rotor seizure; rotor runaway.
021.09.05.03.01,021,"Aircraft General Knowledge — Airframe, Systems, Powerplant",LOW,Y,,3,agent_tasklist.md,0,DRAFT_DONE,Name the following components of an electrical motor: rotor (rotating part of an electrical motor); stator (stationary part of an electrical motor).
021.10.01.01.01,021,"Aircraft General Knowledge — Airframe, Systems, Powerplant",MED,N,,3,agent_tasklist.md,0,DRAFT_DONE,"Define the following terms and expressions: rpm; torque; manifold absolute pressure (MAP); power output; specific fuel consumption; compression ratio, clearance volume, swept (displaced) volume, total volume."
021.10.01.02.01,021,"Aircraft General Knowledge — Airframe, Systems, Powerplant",MED,N,,3,agent_tasklist.md,0,DRAFT_DONE,Describe the basic operating principle of a piston engine: crankcase; crankshaft; connecting rod; piston; piston pin; piston rings; cylinder; cylinder head; valves; valve springs; push rod; camshaft; rocker arm; camshaft gear; bearings.
021.10.01.02.02,021,"Aircraft General Knowledge — Airframe, Systems, Powerplant",MED,N,,3,agent_tasklist.md,0,DRAFT_DONE,Name and identify the various types of engine design with regard to cylinder arrangement and their advantages/disadvantages: horizontally opposed; in line; radial; and working cycle (four stroke: petrol and diesel).
021.10.01.02.03,021,"Aircraft General Knowledge — Airframe, Systems, Powerplant",MED,N,,3,agent_tasklist.md,0,DRAFT_DONE,Describe the differences between petrol and diesel engines with respect to: means of ignition; maximum compression ratio; regulating air or mixture supply to the cylinder; pollution from the exhaust.
021.10.02.01.01,021,"Aircraft General Knowledge — Airframe, Systems, Powerplant",MED,N,,3,agent_tasklist.md,0,DRAFT_DONE,Name the type of fuel used for petrol engines including its colour (AVGAS); 100 (green); 100LL (blue).
021.10.02.01.02,021,"Aircraft General Knowledge — Airframe, Systems, Powerplant",MED,N,,3,agent_tasklist.md,0,DRAFT_DONE,Name the type of fuel normally used for aviation diesel engines (JET-A1).
021.10.02.01.03,021,"Aircraft General Knowledge — Airframe, Systems, Powerplant",LOW,Y,,3,agent_tasklist.md,0,DRAFT_DONE,Define the term ‘octane rating’.
021.10.02.01.04,021,"Aircraft General Knowledge — Airframe, Systems, Powerplant",MED,N,,3,agent_tasklist.md,0,DRAFT_DONE,Define the term ‘detonation’ and describe the causes and effects of detonation for both petrol and diesel engines.
021.10.02.01.05,021,"Aircraft General Knowledge — Airframe, Systems, Powerplant",MED,N,,3,agent_tasklist.md,0,DRAFT_DONE,Define the term ‘pre-ignition’ and describe the causes and effects of pre-ignition for both petrol and diesel engines.
021.10.02.01.06,021,"Aircraft General Knowledge — Airframe, Systems, Powerplant",MED,N,,3,agent_tasklist.md,0,DRAFT_DONE,Identify the conditions and power settings that promote detonation for petrol engines.
021.10.02.01.07,021,"Aircraft General Knowledge — Airframe, Systems, Powerplant",MED,N,,3,agent_tasklist.md,0,DRAFT_DONE,Describe how detonation in petrol engines is recognised.
021.10.02.01.08,021,"Aircraft General Knowledge — Airframe, Systems, Powerplant",MED,N,,3,agent_tasklist.md,0,DRAFT_DONE,Describe the method and occasions for checking the fuel for water content.
021.10.02.01.09,021,"Aircraft General Knowledge — Airframe, Systems, Powerplant",MED,N,,3,agent_tasklist.md,0,DRAFT_DONE,State the typical value of fuel density for aviation gasoline and diesel fuel.
021.10.02.01.10,021,"Aircraft General Knowledge — Airframe, Systems, Powerplant",MED,N,,3,agent_tasklist.md,0,DRAFT_DONE,"Explain volatility, viscosity and vapour locking for petrol and diesel fuels."
021.10.03.01.01,021,"Aircraft General Knowledge — Airframe, Systems, Powerplant",MED,N,,3,agent_tasklist.md,0,DRAFT_DONE,Explain the need for a separate engine-driven fuel pump.
021.10.04.01.01,021,"Aircraft General Knowledge — Airframe, Systems, Powerplant",MED,N,,3,agent_tasklist.md,0,DRAFT_DONE,State the purpose of a carburettor.
021.10.04.01.02,021,"Aircraft General Knowledge — Airframe, Systems, Powerplant",MED,N,,3,agent_tasklist.md,0,DRAFT_DONE,Describe the operating principle of the simple float chamber carburettor.
021.10.04.01.03,021,"Aircraft General Knowledge — Airframe, Systems, Powerplant",MED,N,,3,agent_tasklist.md,0,DRAFT_DONE,"Describe the methods of obtaining mixture control over the whole operating engine power setting range (compensation jet, diffuser)."
021.10.04.01.04,021,"Aircraft General Knowledge — Airframe, Systems, Powerplant",MED,N,,3,agent_tasklist.md,0,DRAFT_DONE,Describe the methods of obtaining mixture control over the whole operating altitude range.
021.10.04.01.05,021,"Aircraft General Knowledge — Airframe, Systems, Powerplant",MED,N,,3,agent_tasklist.md,0,DRAFT_DONE,Explain the purpose and the operating principle of an accelerator pump.
021.10.04.01.06,021,"Aircraft General Knowledge — Airframe, Systems, Powerplant",MED,N,,3,agent_tasklist.md,0,DRAFT_DONE,Explain the purpose of power enrichment.
021.10.04.01.07,021,"Aircraft General Knowledge — Airframe, Systems, Powerplant",MED,N,,3,agent_tasklist.md,0,DRAFT_DONE,Describe the function of the carburettor heat system.
021.10.04.01.08,021,"Aircraft General Knowledge — Airframe, Systems, Powerplant",MED,N,,3,agent_tasklist.md,0,DRAFT_DONE,Explain the effect of carburettor heat on mixture ratio and power output.
021.10.04.01.09,021,"Aircraft General Knowledge — Airframe, Systems, Powerplant",MED,N,,3,agent_tasklist.md,0,DRAFT_DONE,Explain the purpose and the operating principle of a primer pump.
021.10.04.01.10,021,"Aircraft General Knowledge — Airframe, Systems, Powerplant",MED,N,,3,agent_tasklist.md,0,DRAFT_DONE,Discuss other methods for priming an engine (acceleration pumps).
021.10.04.01.11,021,"Aircraft General Knowledge — Airframe, Systems, Powerplant",MED,N,,3,agent_tasklist.md,0,DRAFT_DONE,"Explain the danger of carburettor fire, including corrective measures."
021.10.04.02.01,021,"Aircraft General Knowledge — Airframe, Systems, Powerplant",MED,N,,3,agent_tasklist.md,0,DRAFT_DONE,Explain the advantages and difference in operation of an injection system compared with a carburettor system.
021.10.04.03.01,021,"Aircraft General Knowledge — Airframe, Systems, Powerplant",MED,N,,3,agent_tasklist.md,0,DRAFT_DONE,Describe the causes and effects of carburettor icing and the action to be taken if carburettor icing is suspected.
021.10.04.03.02,021,"Aircraft General Knowledge — Airframe, Systems, Powerplant",MED,N,,3,agent_tasklist.md,0,DRAFT_DONE,Name the meteorological conditions under which carburettor icing may occur.
021.10.04.03.03,021,"Aircraft General Knowledge — Airframe, Systems, Powerplant",MED,N,,3,agent_tasklist.md,0,DRAFT_DONE,Describe the indications of the presence of carburettor icing for both a fixed pitch and a constant speed propeller.
021.10.04.03.05,021,"Aircraft General Knowledge — Airframe, Systems, Powerplant",MED,N,,3,agent_tasklist.md,0,DRAFT_DONE,Describe the indications that will occur upon selection of carburettor heat depending on whether ice is present or not.
021.10.04.03.06,021,"Aircraft General Knowledge — Airframe, Systems, Powerplant",MED,N,,3,agent_tasklist.md,0,DRAFT_DONE,Explain the reason for the use of alternate air on fuel injection systems and describe its operating principle.
021.10.04.03.07,021,"Aircraft General Knowledge — Airframe, Systems, Powerplant",MED,N,,3,agent_tasklist.md,0,DRAFT_DONE,State the meteorological conditions under which induction system icing may occur.
021.10.05.01.01,021,"Aircraft General Knowledge — Airframe, Systems, Powerplant",MED,N,,3,agent_tasklist.md,0,DRAFT_DONE,Specify the reasons for cooling a piston engine.
021.10.05.01.02,021,"Aircraft General Knowledge — Airframe, Systems, Powerplant",MED,N,,3,agent_tasklist.md,0,DRAFT_DONE,Describe the design features to enhance cylinder air cooling for aeroplanes.
021.10.05.01.04,021,"Aircraft General Knowledge — Airframe, Systems, Powerplant",MED,N,,3,agent_tasklist.md,0,DRAFT_DONE,Compare the differences between liquid- and air-cooling systems.
021.10.05.01.05,021,"Aircraft General Knowledge — Airframe, Systems, Powerplant",MED,N,,3,agent_tasklist.md,0,DRAFT_DONE,Identify the cylinder head temperature indication to monitor engine cooling.
021.10.05.01.06,021,"Aircraft General Knowledge — Airframe, Systems, Powerplant",MED,N,,3,agent_tasklist.md,0,DRAFT_DONE,Describe the function and the operation of cowl flaps.
021.10.06.01.01,021,"Aircraft General Knowledge — Airframe, Systems, Powerplant",MED,N,,3,agent_tasklist.md,0,DRAFT_DONE,Describe the term ‘viscosity’ including the effect of temperature.
021.10.06.01.02,021,"Aircraft General Knowledge — Airframe, Systems, Powerplant",MED,N,,3,agent_tasklist.md,0,DRAFT_DONE,Describe the viscosity grade numbering system used in aviation.
021.10.06.02.01,021,"Aircraft General Knowledge — Airframe, Systems, Powerplant",MED,N,,3,agent_tasklist.md,0,DRAFT_DONE,State the functions of a piston-engine lubrication system.
021.10.06.02.02,021,"Aircraft General Knowledge — Airframe, Systems, Powerplant",MED,N,,3,agent_tasklist.md,0,DRAFT_DONE,"Describe the working principle of a dry-sump lubrication system and describe the functions of the following components: oil tank (reservoir) and its internal components: hot well, de-aerator, vent, expansion space; check valve (non-return valve); pressure pump and pressure-relief valve; scavenge pump; filters (suction, pressure and scavenge); oil cooler; oil cooler bypass valve (anti-surge and thermostatic); pressure and temperature sensors; lines."
021.10.06.02.03,021,"Aircraft General Knowledge — Airframe, Systems, Powerplant",MED,N,,3,agent_tasklist.md,0,DRAFT_DONE,Describe a wet-sump lubrication system.
021.10.06.02.04,021,"Aircraft General Knowledge — Airframe, Systems, Powerplant",MED,N,,3,agent_tasklist.md,0,DRAFT_DONE,State the differences between a wet- and a dry-sump lubrication system and their advantages and disadvantages.
021.10.06.02.05,021,"Aircraft General Knowledge — Airframe, Systems, Powerplant",MED,N,,3,agent_tasklist.md,0,DRAFT_DONE,List the following factors that influence oil consumption: oil grade; cylinder and piston wear; condition of piston rings.
021.10.06.02.06,021,"Aircraft General Knowledge — Airframe, Systems, Powerplant",MED,N,,3,agent_tasklist.md,0,DRAFT_DONE,"Describe the interaction between oil pressure, oil temperature and oil quantity."
021.10.07.01.01,021,"Aircraft General Knowledge — Airframe, Systems, Powerplant",MED,N,,3,agent_tasklist.md,0,DRAFT_DONE,Describe the working principle of a magneto-ignition system and the functions of the following components: magneto; contact-breaker points; capacitor (condenser); coils or windings; ignition switches; distributor; spark plug; high-tension (HT) cable.
021.10.07.01.02,021,"Aircraft General Knowledge — Airframe, Systems, Powerplant",MED,N,,3,agent_tasklist.md,0,DRAFT_DONE,State why piston engines are equipped with two electrically independent ignition systems.
021.10.07.01.03,021,"Aircraft General Knowledge — Airframe, Systems, Powerplant",MED,N,,3,agent_tasklist.md,0,DRAFT_DONE,State the function and operating principle of the following methods of spark augmentation: starter vibrator (booster coil); impulse-start coupling.
021.10.07.01.05,021,"Aircraft General Knowledge — Airframe, Systems, Powerplant",MED,N,,3,agent_tasklist.md,0,DRAFT_DONE,Explain the function of the magneto check.
021.10.07.01.06,021,"Aircraft General Knowledge — Airframe, Systems, Powerplant",MED,N,,3,agent_tasklist.md,0,DRAFT_DONE,Explain how combustion is initiated in diesel engines.
021.10.08.01.01,021,"Aircraft General Knowledge — Airframe, Systems, Powerplant",MED,N,,3,agent_tasklist.md,0,DRAFT_DONE,Define the following terms: mixture; chemically correct ratio (stoichiometric); best power ratio; lean (weak) mixture (lean or rich side of the exhaust gas temperature (EGT) top); rich mixture.
021.10.08.01.02,021,"Aircraft General Knowledge — Airframe, Systems, Powerplant",MED,N,,3,agent_tasklist.md,0,DRAFT_DONE,State the typical fuel-to-air ratio values or range of values for the above mixtures.
021.10.08.01.03,021,"Aircraft General Knowledge — Airframe, Systems, Powerplant",MED,N,,3,agent_tasklist.md,0,DRAFT_DONE,Describe the advantages and disadvantages of weak and rich mixtures.
021.10.08.01.04,021,"Aircraft General Knowledge — Airframe, Systems, Powerplant",MED,N,,3,agent_tasklist.md,0,DRAFT_DONE,Describe the relation between engine-specific fuel consumption and mixture ratio.
021.10.08.01.05,021,"Aircraft General Knowledge — Airframe, Systems, Powerplant",MED,N,,3,agent_tasklist.md,0,DRAFT_DONE,Describe the use of the exhaust gas temperature as an aid to mixture-setting.
021.10.08.01.06,021,"Aircraft General Knowledge — Airframe, Systems, Powerplant",MED,N,,3,agent_tasklist.md,0,DRAFT_DONE,"Explain the relation between mixture ratio, cylinder head temperature, detonation and pre-ignition."
021.10.08.01.07,021,"Aircraft General Knowledge — Airframe, Systems, Powerplant",MED,N,,3,agent_tasklist.md,0,DRAFT_DONE,Explain the absence of mixture control in diesel engines.
021.10.09.02.01,021,"Aircraft General Knowledge — Airframe, Systems, Powerplant",MED,N,,3,agent_tasklist.md,0,DRAFT_DONE,Describe the operating principle of a constant-speed propeller system under normal flight operations with the aid of a schematic.
021.10.09.02.02,021,"Aircraft General Knowledge — Airframe, Systems, Powerplant",MED,N,,3,agent_tasklist.md,0,DRAFT_DONE,Explain the need for a MAP indicator to control the power setting with a constant-speed propeller.
021.10.09.02.03,021,"Aircraft General Knowledge — Airframe, Systems, Powerplant",MED,N,,3,agent_tasklist.md,0,DRAFT_DONE,State the purpose of a torque-meter.
021.10.09.02.04,021,"Aircraft General Knowledge — Airframe, Systems, Powerplant",MED,N,,3,agent_tasklist.md,0,DRAFT_DONE,State the purpose and describe the operation of a low-pitch stop (centrifugal latch).
021.10.09.02.05,021,"Aircraft General Knowledge — Airframe, Systems, Powerplant",MED,N,,3,agent_tasklist.md,0,DRAFT_DONE,Describe the operating principle of a single-acting and a double-acting variable pitch propeller for single- and multi-engine aeroplanes.
021.10.09.02.06,021,"Aircraft General Knowledge — Airframe, Systems, Powerplant",MED,N,,3,agent_tasklist.md,0,DRAFT_DONE,Describe the function and the basic operating principle of synchronising and synchro-phasing systems.
021.10.09.02.07,021,"Aircraft General Knowledge — Airframe, Systems, Powerplant",MED,N,,3,agent_tasklist.md,0,DRAFT_DONE,Explain the purpose and the basic operating principle of an auto-feathering system and unfeathering.
021.10.09.03.01,021,"Aircraft General Knowledge — Airframe, Systems, Powerplant",MED,N,,3,agent_tasklist.md,0,DRAFT_DONE,State the purpose of reduction gearing.
021.10.09.04.01,021,"Aircraft General Knowledge — Airframe, Systems, Powerplant",MED,N,,3,agent_tasklist.md,0,DRAFT_DONE,Describe the checks to be carried out on a constant-speed propeller system after engine start.
021.10.09.04.02,021,"Aircraft General Knowledge — Airframe, Systems, Powerplant",MED,N,,3,agent_tasklist.md,0,DRAFT_DONE,Describe the operation of a constant-speed propeller system during flight at different true airspeeds (TAS) and rpm including an overspeeding propeller.
021.10.09.04.03,021,"Aircraft General Knowledge — Airframe, Systems, Powerplant",MED,N,,3,agent_tasklist.md,0,DRAFT_DONE,"Describe the operating principle of a variable pitch propeller when feathering and unfeathering, including the operation of cockpit controls."
021.10.09.04.04,021,"Aircraft General Knowledge — Airframe, Systems, Powerplant",MED,N,,3,agent_tasklist.md,0,DRAFT_DONE,"Describe the operating principle of a variable pitch propeller when reverse pitch is selected, including the operation of cockpit controls."
021.10.09.04.05,021,"Aircraft General Knowledge — Airframe, Systems, Powerplant",MED,N,,3,agent_tasklist.md,0,DRAFT_DONE,Describe the operation of the propeller levers during different phases of flight.
021.10.10.01.01,021,"Aircraft General Knowledge — Airframe, Systems, Powerplant",MED,N,,3,agent_tasklist.md,0,DRAFT_DONE,"Describe the effect on power output of a petrol and diesel engine taking into consideration the following parameters: ambient pressure, exhaust back pressure; temperature; density altitude; humidity."
021.10.10.01.02,021,"Aircraft General Knowledge — Airframe, Systems, Powerplant",MED,N,,3,agent_tasklist.md,0,DRAFT_DONE,Explain the term ‘normally aspirated engine’.
021.10.10.01.03,021,"Aircraft General Knowledge — Airframe, Systems, Powerplant",MED,N,,3,agent_tasklist.md,0,DRAFT_DONE,Power-augmentation devices: explain the requirement for power augmentation (turbocharging) of a piston engine.
021.10.10.01.04,021,"Aircraft General Knowledge — Airframe, Systems, Powerplant",MED,N,,3,agent_tasklist.md,0,DRAFT_DONE,Describe the function and the principle of operation of the following main components of a turbocharger: turbine; compressor; waste gate; waste-gate actuator.
021.10.10.01.05,021,"Aircraft General Knowledge — Airframe, Systems, Powerplant",MED,N,,3,agent_tasklist.md,0,DRAFT_DONE,Explain the difference between an altitude-boosted turbocharger and a ground-boosted turbocharger.
021.10.10.01.06,021,"Aircraft General Knowledge — Airframe, Systems, Powerplant",MED,N,,3,agent_tasklist.md,0,DRAFT_DONE,Explain turbo lag.
021.10.10.01.07,021,"Aircraft General Knowledge — Airframe, Systems, Powerplant",MED,N,,3,agent_tasklist.md,0,DRAFT_DONE,Define the term ‘critical altitude’.
021.10.10.01.08,021,"Aircraft General Knowledge — Airframe, Systems, Powerplant",MED,N,,3,agent_tasklist.md,0,DRAFT_DONE,Explain the function of an intercooler.
021.10.10.01.09,021,"Aircraft General Knowledge — Airframe, Systems, Powerplant",MED,N,,3,agent_tasklist.md,0,DRAFT_DONE,Define the terms ‘full-throttle height’ and ‘rated altitude’.
021.10.10.01.10,021,"Aircraft General Knowledge — Airframe, Systems, Powerplant",MED,N,,3,agent_tasklist.md,0,DRAFT_DONE,Explain the purpose of a supercharger and the basic differences from a turbocharger.
021.10.10.02.01,021,"Aircraft General Knowledge — Airframe, Systems, Powerplant",MED,N,,3,agent_tasklist.md,0,DRAFT_DONE,State the correct procedures for setting the engine controls when increasing or decreasing power.
021.10.10.02.02,021,"Aircraft General Knowledge — Airframe, Systems, Powerplant",MED,N,,3,agent_tasklist.md,0,DRAFT_DONE,Define the following terms: take-off power; maximum continuous power.
021.10.10.02.03,021,"Aircraft General Knowledge — Airframe, Systems, Powerplant",MED,N,,3,agent_tasklist.md,0,DRAFT_DONE,Describe the start problems associated with extreme cold weather.
021.10.10.02.04,021,"Aircraft General Knowledge — Airframe, Systems, Powerplant",MED,N,,3,agent_tasklist.md,0,DRAFT_DONE,Describe the principal difference between a full-authority digital engine control (FADEC) system-controlled engine and traditional manual engine controls.
021.10.10.02.05,021,"Aircraft General Knowledge — Airframe, Systems, Powerplant",MED,N,,3,agent_tasklist.md,0,DRAFT_DONE,Describe the engine controls available on the flight deck for a FADEC-controlled engine.
021.10.10.02.06,021,"Aircraft General Knowledge — Airframe, Systems, Powerplant",MED,N,,3,agent_tasklist.md,0,DRAFT_DONE,"Explain that the FADEC has full authority of the control of all engine parameters ensuring efficient and correct running of the engine, including protection in the event of failure."
021.10.10.02.07,021,"Aircraft General Knowledge — Airframe, Systems, Powerplant",MED,N,,3,agent_tasklist.md,0,DRAFT_DONE,Explain the need for FADEC redundancy with regard to power supply and data input and output.
021.11.01.01.01,021,"Aircraft General Knowledge — Airframe, Systems, Powerplant",MED,N,,3,agent_tasklist.md,0,DRAFT_DONE,Describe how thrust is produced by a basic gas turbine engine.
021.11.01.01.02,021,"Aircraft General Knowledge — Airframe, Systems, Powerplant",MED,N,,3,agent_tasklist.md,0,DRAFT_DONE,"Describe the simple form of the thrust formula for a basic, straight jet engine and perform simple calculations (including pressure thrust)."
021.11.01.01.03,021,"Aircraft General Knowledge — Airframe, Systems, Powerplant",MED,N,,3,agent_tasklist.md,0,DRAFT_DONE,State that thrust can be considered to remain approximately constant over the whole aeroplane subsonic speed range.
021.11.01.02.01,021,"Aircraft General Knowledge — Airframe, Systems, Powerplant",MED,N,,3,agent_tasklist.md,0,DRAFT_DONE,List the main components of a basic gas turbine engine: inlet; compressor; combustion chamber; turbine; outlet.
021.11.01.02.02,021,"Aircraft General Knowledge — Airframe, Systems, Powerplant",MED,N,,3,agent_tasklist.md,0,DRAFT_DONE,"Describe the variation of static pressure, temperature and axial velocity in a gas turbine engine under normal operating conditions and with the aid of a working cycle diagram."
021.11.01.02.03,021,"Aircraft General Knowledge — Airframe, Systems, Powerplant",MED,N,,3,agent_tasklist.md,0,DRAFT_DONE,"Describe the differences between absolute, circumferential (tangential) and axial velocity."
021.11.01.02.04,021,"Aircraft General Knowledge — Airframe, Systems, Powerplant",MED,N,,3,agent_tasklist.md,0,DRAFT_DONE,List the different types of gas turbine engines: straight jet; turbofan; turboprop.
021.11.01.02.05,021,"Aircraft General Knowledge — Airframe, Systems, Powerplant",MED,N,,3,agent_tasklist.md,0,DRAFT_DONE,State that a gas turbine engine can have one or more spools.
021.11.01.02.06,021,"Aircraft General Knowledge — Airframe, Systems, Powerplant",MED,N,,3,agent_tasklist.md,0,DRAFT_DONE,Describe how thrust is produced by turbojet and turbofan engines.
021.11.01.02.07,021,"Aircraft General Knowledge — Airframe, Systems, Powerplant",MED,N,,3,agent_tasklist.md,0,DRAFT_DONE,Describe how power is produced by turboprop engines.
021.11.01.02.08,021,"Aircraft General Knowledge — Airframe, Systems, Powerplant",MED,N,,3,agent_tasklist.md,0,DRAFT_DONE,Describe the term ‘equivalent horsepower’ (= thrust horsepower + shaft horsepower).
021.11.01.02.09,021,"Aircraft General Knowledge — Airframe, Systems, Powerplant",MED,N,,3,agent_tasklist.md,0,DRAFT_DONE,Explain the principle of a free turbine or free-power turbine.
021.11.01.02.10,021,"Aircraft General Knowledge — Airframe, Systems, Powerplant",MED,N,,3,agent_tasklist.md,0,DRAFT_DONE,Define the term ‘bypass ratio’ and perform simple calculations to determine it.
021.11.01.02.11,021,"Aircraft General Knowledge — Airframe, Systems, Powerplant",MED,N,,3,agent_tasklist.md,0,DRAFT_DONE,"Define the terms ‘propulsive power’, ‘propulsive efficiency’, ‘thermal efficiency’ and ‘total efficiency’."
021.11.01.02.12,021,"Aircraft General Knowledge — Airframe, Systems, Powerplant",MED,N,,3,agent_tasklist.md,0,DRAFT_DONE,Describe the influence of compressor-pressure ratio on thermal efficiency.
021.11.01.02.13,021,"Aircraft General Knowledge — Airframe, Systems, Powerplant",MED,N,,3,agent_tasklist.md,0,DRAFT_DONE,"Explain the variations of propulsive efficiency with forward speed for turbojet, turbofan and turboprop engines."
021.11.01.02.14,021,"Aircraft General Knowledge — Airframe, Systems, Powerplant",MED,N,,3,agent_tasklist.md,0,DRAFT_DONE,Define the term ‘specific fuel consumption’ for turbojets and turboprops.
021.11.02.01.01,021,"Aircraft General Knowledge — Airframe, Systems, Powerplant",MED,N,,3,agent_tasklist.md,0,DRAFT_DONE,State the functions of the engine air inlet/air intake.
021.11.02.01.02,021,"Aircraft General Knowledge — Airframe, Systems, Powerplant",MED,N,,3,agent_tasklist.md,0,DRAFT_DONE,Describe the geometry of a subsonic (pitot-type) air inlet.
021.11.02.01.03,021,"Aircraft General Knowledge — Airframe, Systems, Powerplant",MED,N,,3,agent_tasklist.md,0,DRAFT_DONE,Explain the gas-parameter changes in a subsonic air inlet at different flight speeds.
021.11.02.01.04,021,"Aircraft General Knowledge — Airframe, Systems, Powerplant",MED,N,,3,agent_tasklist.md,0,DRAFT_DONE,"Describe the reasons for, and the dangers of, the following operational problems concerning the engine air inlet: airflow separation; inlet icing; inlet damage; foreign object damage (FOD); heavy in-flight turbulence."
021.11.02.02.01,021,"Aircraft General Knowledge — Airframe, Systems, Powerplant",MED,N,,3,agent_tasklist.md,0,DRAFT_DONE,State the purpose of the compressor.
021.11.02.02.02,021,"Aircraft General Knowledge — Airframe, Systems, Powerplant",MED,N,,3,agent_tasklist.md,0,DRAFT_DONE,Describe the working principle of a centrifugal and an axial flow compressor.
021.11.02.02.03,021,"Aircraft General Knowledge — Airframe, Systems, Powerplant",MED,N,,3,agent_tasklist.md,0,DRAFT_DONE,Name the following main components of a single stage and describe their function for a centrifugal compressor: impeller; diffuser.
021.11.02.02.04,021,"Aircraft General Knowledge — Airframe, Systems, Powerplant",MED,N,,3,agent_tasklist.md,0,DRAFT_DONE,Name the following main components of a single stage and describe their function for an axial compressor: rotor vanes; stator vanes.
021.11.02.02.05,021,"Aircraft General Knowledge — Airframe, Systems, Powerplant",MED,N,,3,agent_tasklist.md,0,DRAFT_DONE,Describe the gas-parameter changes in a compressor stage.
021.11.02.02.06,021,"Aircraft General Knowledge — Airframe, Systems, Powerplant",MED,N,,3,agent_tasklist.md,0,DRAFT_DONE,Define the term ‘pressure ratio’ and state a typical value for one stage of a centrifugal and an axial flow compressor and for the complete compressor.
021.11.02.02.07,021,"Aircraft General Knowledge — Airframe, Systems, Powerplant",MED,N,,3,agent_tasklist.md,0,DRAFT_DONE,State the advantages and disadvantages of increasing the number of stages in a centrifugal compressor.
021.11.02.02.08,021,"Aircraft General Knowledge — Airframe, Systems, Powerplant",MED,N,,3,agent_tasklist.md,0,DRAFT_DONE,Explain the difference in sensitivity for FOD of a centrifugal compressor compared with an axial flow type.
021.11.02.02.09,021,"Aircraft General Knowledge — Airframe, Systems, Powerplant",MED,N,,3,agent_tasklist.md,0,DRAFT_DONE,Explain the convergent air annulus through an axial flow compressor.
021.11.02.02.10,021,"Aircraft General Knowledge — Airframe, Systems, Powerplant",MED,N,,3,agent_tasklist.md,0,DRAFT_DONE,Describe the reason for twisting the compressor blades.
021.11.02.02.11,021,"Aircraft General Knowledge — Airframe, Systems, Powerplant",MED,N,,3,agent_tasklist.md,0,DRAFT_DONE,State the tasks of inlet guide vanes (IGVs).
021.11.02.02.12,021,"Aircraft General Knowledge — Airframe, Systems, Powerplant",MED,N,,3,agent_tasklist.md,0,DRAFT_DONE,State the reason for the clicking noise whilst the compressor slowly rotates on the ground.
021.11.02.02.13,021,"Aircraft General Knowledge — Airframe, Systems, Powerplant",MED,N,,3,agent_tasklist.md,0,DRAFT_DONE,State the advantages of increasing the number of spools.
021.11.02.02.14,021,"Aircraft General Knowledge — Airframe, Systems, Powerplant",MED,N,,3,agent_tasklist.md,0,DRAFT_DONE,Explain the implications of tip losses and describe the design features to minimise the problem.
021.11.02.02.15,021,"Aircraft General Knowledge — Airframe, Systems, Powerplant",MED,N,,3,agent_tasklist.md,0,DRAFT_DONE,Explain the problems of blade bending and flapping and describe the design features to minimise the problem.
021.11.02.02.16,021,"Aircraft General Knowledge — Airframe, Systems, Powerplant",MED,N,,3,agent_tasklist.md,0,DRAFT_DONE,Explain the following terms: compressor stall; engine surge.
021.11.02.02.17,021,"Aircraft General Knowledge — Airframe, Systems, Powerplant",MED,N,,3,agent_tasklist.md,0,DRAFT_DONE,State the conditions that are possible causes of stall and surge.
021.11.02.02.18,021,"Aircraft General Knowledge — Airframe, Systems, Powerplant",MED,N,,3,agent_tasklist.md,0,DRAFT_DONE,Describe the indications of stall and surge.
021.11.02.02.19,021,"Aircraft General Knowledge — Airframe, Systems, Powerplant",MED,N,,3,agent_tasklist.md,0,DRAFT_DONE,Describe the design features used to minimise the occurrence of stall and surge.
021.11.02.02.20,021,"Aircraft General Knowledge — Airframe, Systems, Powerplant",MED,N,,3,agent_tasklist.md,0,DRAFT_DONE,"Describe a compressor map (surge envelope) with rpm lines, stall limit, steady state line and acceleration line."
021.11.02.02.21,021,"Aircraft General Knowledge — Airframe, Systems, Powerplant",MED,N,,3,agent_tasklist.md,0,DRAFT_DONE,Describe the function of the diffuser.
021.11.02.03.01,021,"Aircraft General Knowledge — Airframe, Systems, Powerplant",MED,N,,3,agent_tasklist.md,0,DRAFT_DONE,Define the purpose of the combustion chamber.
021.11.02.03.02,021,"Aircraft General Knowledge — Airframe, Systems, Powerplant",MED,N,,3,agent_tasklist.md,0,DRAFT_DONE,List the requirements for combustion.
021.11.02.03.03,021,"Aircraft General Knowledge — Airframe, Systems, Powerplant",MED,N,,3,agent_tasklist.md,0,DRAFT_DONE,Describe the working principle of a combustion chamber.
021.11.02.03.04,021,"Aircraft General Knowledge — Airframe, Systems, Powerplant",MED,N,,3,agent_tasklist.md,0,DRAFT_DONE,Explain the reason for reducing the airflow axial velocity at the combustion chamber inlet (snout).
021.11.02.03.05,021,"Aircraft General Knowledge — Airframe, Systems, Powerplant",MED,N,,3,agent_tasklist.md,0,DRAFT_DONE,State the function of the swirl vanes (swirler).
021.11.02.03.06,021,"Aircraft General Knowledge — Airframe, Systems, Powerplant",MED,N,,3,agent_tasklist.md,0,DRAFT_DONE,State the function of the drain valves.
021.11.02.03.07,021,"Aircraft General Knowledge — Airframe, Systems, Powerplant",MED,N,,3,agent_tasklist.md,0,DRAFT_DONE,"Define the terms ‘primary airflow’ and ‘secondary airflow’, and explain their purpose."
021.11.02.03.08,021,"Aircraft General Knowledge — Airframe, Systems, Powerplant",MED,N,,3,agent_tasklist.md,0,DRAFT_DONE,Explain the following two mixture ratios: primary airflow to fuel; total airflow (within the combustion chamber) to fuel.
021.11.02.03.09,021,"Aircraft General Knowledge — Airframe, Systems, Powerplant",MED,N,,3,agent_tasklist.md,0,DRAFT_DONE,Describe the gas-parameter changes in the combustion chamber.
021.11.02.03.10,021,"Aircraft General Knowledge — Airframe, Systems, Powerplant",MED,N,,3,agent_tasklist.md,0,DRAFT_DONE,State a typical maximum value of the outlet temperature of the combustion chamber.
021.11.02.03.11,021,"Aircraft General Knowledge — Airframe, Systems, Powerplant",MED,N,,3,agent_tasklist.md,0,DRAFT_DONE,"Describe the following types of combustion chambers and state the differences between them: can type; can-annular, cannular or turbo-annular; annular; reverse-flow annular."
021.11.02.04.01,021,"Aircraft General Knowledge — Airframe, Systems, Powerplant",MED,N,,3,agent_tasklist.md,0,DRAFT_DONE,Explain the purpose of a turbine in different types of gas turbine engines.
021.11.02.04.02,021,"Aircraft General Knowledge — Airframe, Systems, Powerplant",MED,N,,3,agent_tasklist.md,0,DRAFT_DONE,"Describe the principles of operation of impulse, reaction and impulse-reaction axial flow turbines."
021.11.02.04.03,021,"Aircraft General Knowledge — Airframe, Systems, Powerplant",MED,N,,3,agent_tasklist.md,0,DRAFT_DONE,Name the main components of a turbine stage and their function.
021.11.02.04.04,021,"Aircraft General Knowledge — Airframe, Systems, Powerplant",MED,N,,3,agent_tasklist.md,0,DRAFT_DONE,Describe the working principle of a turbine.
021.11.02.04.05,021,"Aircraft General Knowledge — Airframe, Systems, Powerplant",MED,N,,3,agent_tasklist.md,0,DRAFT_DONE,Describe the gas-parameter changes in a turbine stage.
021.11.02.04.06,021,"Aircraft General Knowledge — Airframe, Systems, Powerplant",MED,N,,3,agent_tasklist.md,0,DRAFT_DONE,Describe the function and the working principle of active clearance control.
021.11.02.04.07,021,"Aircraft General Knowledge — Airframe, Systems, Powerplant",MED,N,,3,agent_tasklist.md,0,DRAFT_DONE,Describe the implications of tip losses and the means to minimise them.
021.11.02.04.08,021,"Aircraft General Knowledge — Airframe, Systems, Powerplant",MED,N,,3,agent_tasklist.md,0,DRAFT_DONE,Explain why the available engine thrust is limited by the turbine inlet temperature.
021.11.02.04.09,021,"Aircraft General Knowledge — Airframe, Systems, Powerplant",MED,N,,3,agent_tasklist.md,0,DRAFT_DONE,Explain the divergent gas-flow annulus through an axial-flow turbine.
021.11.02.04.10,021,"Aircraft General Knowledge — Airframe, Systems, Powerplant",MED,N,,3,agent_tasklist.md,0,DRAFT_DONE,Explain the high mechanical thermal stress in the turbine blades and wheels/discs.
021.11.02.05.01,021,"Aircraft General Knowledge — Airframe, Systems, Powerplant",MED,N,,3,agent_tasklist.md,0,DRAFT_DONE,Name the following main components of the exhaust unit and their function: jet pipe; propelling nozzle; exhaust cone.
021.11.02.05.02,021,"Aircraft General Knowledge — Airframe, Systems, Powerplant",MED,N,,3,agent_tasklist.md,0,DRAFT_DONE,Describe the working principle of the exhaust unit.
021.11.02.05.03,021,"Aircraft General Knowledge — Airframe, Systems, Powerplant",MED,N,,3,agent_tasklist.md,0,DRAFT_DONE,Describe the gas-parameter changes in the exhaust unit.
021.11.02.05.04,021,"Aircraft General Knowledge — Airframe, Systems, Powerplant",MED,N,,3,agent_tasklist.md,0,DRAFT_DONE,Define the term ‘choked exhaust nozzle’ (not applicable to turboprops).
021.11.02.05.05,021,"Aircraft General Knowledge — Airframe, Systems, Powerplant",MED,N,,3,agent_tasklist.md,0,DRAFT_DONE,Explain how jet exhaust noise can be reduced.
021.11.03.01.01,021,"Aircraft General Knowledge — Airframe, Systems, Powerplant",MED,N,,3,agent_tasklist.md,0,DRAFT_DONE,Name the main components of the engine fuel system and state their function: filters; low-pressure (LP) pump; high-pressure (HP) pump; fuel manifold; fuel nozzles; HP fuel cock; fuel control; or hydromechanical unit.
021.11.03.01.02,021,"Aircraft General Knowledge — Airframe, Systems, Powerplant",MED,N,,3,agent_tasklist.md,0,DRAFT_DONE,"Name the two types of engine-driven high-pressure pumps, such as: gear-type; swash plate-type."
021.11.03.01.03,021,"Aircraft General Knowledge — Airframe, Systems, Powerplant",MED,N,,3,agent_tasklist.md,0,DRAFT_DONE,State the tasks of the fuel control unit.
021.11.03.01.04,021,"Aircraft General Knowledge — Airframe, Systems, Powerplant",MED,N,,3,agent_tasklist.md,0,DRAFT_DONE,List the possible input parameters to a fuel control unit to achieve a given thrust/power setting.
021.11.03.02.01,021,"Aircraft General Knowledge — Airframe, Systems, Powerplant",MED,N,,3,agent_tasklist.md,0,DRAFT_DONE,State the tasks of the engine control system.
021.11.03.02.02,021,"Aircraft General Knowledge — Airframe, Systems, Powerplant",MED,N,,3,agent_tasklist.md,0,DRAFT_DONE,List the following different types of engine control systems: hydromechanical; hydromechanical with a limited authority electronic supervisor; single-channel FADEC with hydromechanical backup; dual-channel FADEC with no backup or any other combination.
021.11.03.02.03,021,"Aircraft General Knowledge — Airframe, Systems, Powerplant",MED,N,,3,agent_tasklist.md,0,DRAFT_DONE,"Describe a FADEC as a full-authority dual-channel system including functions such as an electronic engine control unit, wiring, sensors, variable vanes, active clearance control, bleed configuration, electrical signalling of thrust lever angle (TLA) (see also AMC to CS-E-50), and an EGT protection function and engine overspeed."
021.11.03.02.04,021,"Aircraft General Knowledge — Airframe, Systems, Powerplant",MED,N,,3,agent_tasklist.md,0,DRAFT_DONE,Explain how redundancy is achieved by using more than one channel in a FADEC system.
021.11.03.02.05,021,"Aircraft General Knowledge — Airframe, Systems, Powerplant",MED,N,,3,agent_tasklist.md,0,DRAFT_DONE,State the consequences of a FADEC single input data failure.
021.11.03.02.06,021,"Aircraft General Knowledge — Airframe, Systems, Powerplant",MED,N,,3,agent_tasklist.md,0,DRAFT_DONE,State that all input and output data is checked by both channels in a FADEC system.
021.11.03.02.07,021,"Aircraft General Knowledge — Airframe, Systems, Powerplant",MED,N,,3,agent_tasklist.md,0,DRAFT_DONE,"State that a FADEC system uses its own sensors and that, in some cases, also data from aircraft systems is used."
021.11.03.02.08,021,"Aircraft General Knowledge — Airframe, Systems, Powerplant",MED,N,,3,agent_tasklist.md,0,DRAFT_DONE,State that a FADEC must have its own source of electrical power.
021.11.03.03.01,021,"Aircraft General Knowledge — Airframe, Systems, Powerplant",MED,N,,3,agent_tasklist.md,0,DRAFT_DONE,State the tasks of an engine lubrication system.
021.11.03.03.02,021,"Aircraft General Knowledge — Airframe, Systems, Powerplant",MED,N,,3,agent_tasklist.md,0,DRAFT_DONE,Name the following main components of a lubrication system and state their function: oil tank and centrifugal breather; oil pumps (pressure and scavenge pumps); oil filters (including the bypass); oil sumps; chip detectors; coolers.
021.11.03.03.03,021,"Aircraft General Knowledge — Airframe, Systems, Powerplant",MED,N,,3,agent_tasklist.md,0,DRAFT_DONE,Explain that each spool is fitted with at least one ball bearing and two or more roller bearings.
021.11.03.03.04,021,"Aircraft General Knowledge — Airframe, Systems, Powerplant",MED,N,,3,agent_tasklist.md,0,DRAFT_DONE,Explain the use of compressor air in oil-sealing systems (e.g. labyrinth seals).
021.11.03.04.01,021,"Aircraft General Knowledge — Airframe, Systems, Powerplant",MED,N,,3,agent_tasklist.md,0,DRAFT_DONE,State the tasks of the auxiliary gearbox.
021.11.03.04.02,021,"Aircraft General Knowledge — Airframe, Systems, Powerplant",MED,N,,3,agent_tasklist.md,0,DRAFT_DONE,Describe how the gearbox is driven and lubricated.
021.11.03.05.01,021,"Aircraft General Knowledge — Airframe, Systems, Powerplant",MED,N,,3,agent_tasklist.md,0,DRAFT_DONE,State the task of the ignition system.
021.11.03.05.02,021,"Aircraft General Knowledge — Airframe, Systems, Powerplant",MED,N,,3,agent_tasklist.md,0,DRAFT_DONE,Name the following main components of the ignition system and state their function: power sources; igniters.
021.11.03.05.03,021,"Aircraft General Knowledge — Airframe, Systems, Powerplant",MED,N,,3,agent_tasklist.md,0,DRAFT_DONE,State why jet turbine engines are equipped with two electrically independent ignition systems.
021.11.03.05.04,021,"Aircraft General Knowledge — Airframe, Systems, Powerplant",MED,N,,3,agent_tasklist.md,0,DRAFT_DONE,Explain the different modes of operation of the ignition system.
021.11.03.06.01,021,"Aircraft General Knowledge — Airframe, Systems, Powerplant",MED,N,,3,agent_tasklist.md,0,DRAFT_DONE,Name the main components of the starting system and state their function.
021.11.03.06.02,021,"Aircraft General Knowledge — Airframe, Systems, Powerplant",MED,N,,3,agent_tasklist.md,0,DRAFT_DONE,Explain the principle of a turbine engine start.
021.11.03.06.03,021,"Aircraft General Knowledge — Airframe, Systems, Powerplant",MED,N,,3,agent_tasklist.md,0,DRAFT_DONE,Describe the following two types of starters: electric; pneumatic.
021.11.03.06.04,021,"Aircraft General Knowledge — Airframe, Systems, Powerplant",MED,N,,3,agent_tasklist.md,0,DRAFT_DONE,Describe a typical start sequence (on ground/in flight) for a turbofan.
021.11.03.06.05,021,"Aircraft General Knowledge — Airframe, Systems, Powerplant",MED,N,,3,agent_tasklist.md,0,DRAFT_DONE,Define ‘self-sustaining rpm’.
021.11.03.07.01,021,"Aircraft General Knowledge — Airframe, Systems, Powerplant",MED,N,,3,agent_tasklist.md,0,DRAFT_DONE,Name the following main components of a reverse-thrust system and state their function: reverse-thrust select lever; power source (pneumatic or hydraulic); actuators; doors; annunciations.
021.11.03.07.02,021,"Aircraft General Knowledge — Airframe, Systems, Powerplant",MED,N,,3,agent_tasklist.md,0,DRAFT_DONE,Explain the principle of a reverse-thrust system.
021.11.03.07.03,021,"Aircraft General Knowledge — Airframe, Systems, Powerplant",MED,N,,3,agent_tasklist.md,0,DRAFT_DONE,Identify the advantages and disadvantages of using reverse thrust.
021.11.03.07.04,021,"Aircraft General Knowledge — Airframe, Systems, Powerplant",MED,N,,3,agent_tasklist.md,0,DRAFT_DONE,Describe and explain the following different types of thrust-reverser systems: hot-stream reverser; clamshell or bucket-door system; cold-stream reverser (only turbofan engines); blocker doors; cascade vanes.
021.11.03.07.05,021,"Aircraft General Knowledge — Airframe, Systems, Powerplant",MED,N,,3,agent_tasklist.md,0,DRAFT_DONE,Explain the implications of reversing the cold stream (fan reverser) only on a high bypass ratio engine.
021.11.03.07.06,021,"Aircraft General Knowledge — Airframe, Systems, Powerplant",MED,N,,3,agent_tasklist.md,0,DRAFT_DONE,Describe the protection features against inadvertent thrust-reverse deployment in flight as present on most transport aeroplanes.
021.11.03.07.07,021,"Aircraft General Knowledge — Airframe, Systems, Powerplant",MED,N,,3,agent_tasklist.md,0,DRAFT_DONE,Describe the controls and indications provided for the thrust-reverser system.
021.11.04.01.01,021,"Aircraft General Knowledge — Airframe, Systems, Powerplant",MED,N,,3,agent_tasklist.md,0,DRAFT_DONE,Explain the following aeroplane engine ratings: take-off; go-around; maximum continuous thrust/power; maximum climb thrust/power.
021.11.04.01.02,021,"Aircraft General Knowledge — Airframe, Systems, Powerplant",MED,N,,3,agent_tasklist.md,0,DRAFT_DONE,Explain spool-up time.
021.11.04.01.03,021,"Aircraft General Knowledge — Airframe, Systems, Powerplant",MED,N,,3,agent_tasklist.md,0,DRAFT_DONE,Explain the reason for the difference between ground and approach flight idle values (rpm).
021.11.04.01.04,021,"Aircraft General Knowledge — Airframe, Systems, Powerplant",MED,N,,3,agent_tasklist.md,0,DRAFT_DONE,State the parameters that can be used for setting and monitoring the thrust/power.
021.11.04.01.05,021,"Aircraft General Knowledge — Airframe, Systems, Powerplant",MED,N,,3,agent_tasklist.md,0,DRAFT_DONE,"Describe the terms ‘alpha range’, ‘beta range’ and ‘reverse thrust’ as applied to a turboprop power lever."
021.11.04.01.06,021,"Aircraft General Knowledge — Airframe, Systems, Powerplant",MED,N,,3,agent_tasklist.md,0,DRAFT_DONE,Explain the dangers of inadvertent beta-range selection in flight for a turboprop.
021.11.04.01.07,021,"Aircraft General Knowledge — Airframe, Systems, Powerplant",MED,N,,3,agent_tasklist.md,0,DRAFT_DONE,Explain the purpose of engine trending.
021.11.04.01.08,021,"Aircraft General Knowledge — Airframe, Systems, Powerplant",MED,N,,3,agent_tasklist.md,0,DRAFT_DONE,Explain how the exhaust gas temperature is used to monitor turbine stress.
021.11.04.01.09,021,"Aircraft General Knowledge — Airframe, Systems, Powerplant",MED,N,,3,agent_tasklist.md,0,DRAFT_DONE,Describe the effect of engine acceleration and deceleration on the EGT.
021.11.04.01.10,021,"Aircraft General Knowledge — Airframe, Systems, Powerplant",MED,N,,3,agent_tasklist.md,0,DRAFT_DONE,Describe the possible effects on engine components when EGT limits are exceeded.
021.11.04.01.11,021,"Aircraft General Knowledge — Airframe, Systems, Powerplant",MED,N,,3,agent_tasklist.md,0,DRAFT_DONE,Explain why engine-limit exceedances must be reported.
021.11.04.01.12,021,"Aircraft General Knowledge — Airframe, Systems, Powerplant",MED,N,,3,agent_tasklist.md,0,DRAFT_DONE,Explain the limitations on the use of the thrust-reverser system at low forward speed.
021.11.04.01.13,021,"Aircraft General Knowledge — Airframe, Systems, Powerplant",MED,N,,3,agent_tasklist.md,0,DRAFT_DONE,Explain the term ‘engine seizure’.
021.11.04.01.14,021,"Aircraft General Knowledge — Airframe, Systems, Powerplant",MED,N,,3,agent_tasklist.md,0,DRAFT_DONE,State the possible causes of engine seizure and explain their preventative measures.
021.11.04.01.15,021,"Aircraft General Knowledge — Airframe, Systems, Powerplant",MED,N,,3,agent_tasklist.md,0,DRAFT_DONE,"Describe the potential consequences of a leak in the following two designs of fuel and oil heat exchanger: oil pressure higher than fuel pressure with oil leaking into the fuel system, potentially affecting the combustion and running of the engine; fuel pressure higher than oil pressure with fuel leaking into the oil system, potentially increasing the risk of a fire due to fuel entering warm parts of the engine that should be free from fuel."
021.11.04.01.16,021,"Aircraft General Knowledge — Airframe, Systems, Powerplant",MED,N,,3,agent_tasklist.md,0,DRAFT_DONE,Explain oil-filter clogging (blockage) and the implications for the lubrication system.
021.11.04.01.17,021,"Aircraft General Knowledge — Airframe, Systems, Powerplant",MED,N,,3,agent_tasklist.md,0,DRAFT_DONE,Give examples of monitoring instruments of an engine.
021.11.04.01.18,021,"Aircraft General Knowledge — Airframe, Systems, Powerplant",MED,N,,3,agent_tasklist.md,0,DRAFT_DONE,Describe how to identify and assess engine damage based on instrument indications.
021.11.04.02.01,021,"Aircraft General Knowledge — Airframe, Systems, Powerplant",MED,N,,3,agent_tasklist.md,0,DRAFT_DONE,Describe the indications and the possible causes of the following aeroplane starting malfunctions: false (dry or wet) start; tailpipe fire (torching); hot start; abortive (hung) start; no N1 rotation; no FADEC indications.
021.11.04.03.01,021,"Aircraft General Knowledge — Airframe, Systems, Powerplant",MED,N,,3,agent_tasklist.md,0,DRAFT_DONE,Explain the relight envelope.
021.11.05.01.01,021,"Aircraft General Knowledge — Airframe, Systems, Powerplant",MED,N,,3,agent_tasklist.md,0,DRAFT_DONE,Describe the variation of thrust and specific fuel consumption with altitude at constant TAS.
021.11.05.01.02,021,"Aircraft General Knowledge — Airframe, Systems, Powerplant",MED,N,,3,agent_tasklist.md,0,DRAFT_DONE,Describe the variation of thrust and specific fuel consumption with TAS at constant altitude.
021.11.05.01.03,021,"Aircraft General Knowledge — Airframe, Systems, Powerplant",MED,N,,3,agent_tasklist.md,0,DRAFT_DONE,"Explain the term ‘flat-rated engine’ by describing the change of take-off thrust, turbine inlet temperature and engine rpm with outside air temperature (OAT)."
021.11.05.01.04,021,"Aircraft General Knowledge — Airframe, Systems, Powerplant",MED,N,,3,agent_tasklist.md,0,DRAFT_DONE,Define the term ‘engine pressure ratio’ (EPR).
021.11.05.01.05,021,"Aircraft General Knowledge — Airframe, Systems, Powerplant",MED,N,,3,agent_tasklist.md,0,DRAFT_DONE,"Explain the use of reduced (flexible) and derated thrust for take-off, and explain the advantages and disadvantages when compared with a full-rated take-off."
021.11.05.01.06,021,"Aircraft General Knowledge — Airframe, Systems, Powerplant",MED,N,,3,agent_tasklist.md,0,DRAFT_DONE,"Describe the effects of use of bleed air on rpm, EGT, thrust, and specific fuel consumption."
021.11.06.01.01,021,"Aircraft General Knowledge — Airframe, Systems, Powerplant",MED,N,,3,agent_tasklist.md,0,DRAFT_DONE,State that an APU is a gas turbine engine and list its tasks.
021.11.06.01.02,021,"Aircraft General Knowledge — Airframe, Systems, Powerplant",MED,N,,3,agent_tasklist.md,0,DRAFT_DONE,State the difference between the two types of APU inlets.
021.11.06.01.03,021,"Aircraft General Knowledge — Airframe, Systems, Powerplant",MED,N,,3,agent_tasklist.md,0,DRAFT_DONE,Define ‘maximum operating and maximum starting altitude’.
021.11.06.01.04,021,"Aircraft General Knowledge — Airframe, Systems, Powerplant",MED,N,,3,agent_tasklist.md,0,DRAFT_DONE,Name the typical APU control and monitoring instruments.
021.11.06.01.05,021,"Aircraft General Knowledge — Airframe, Systems, Powerplant",MED,N,,3,agent_tasklist.md,0,DRAFT_DONE,Describe the APU’s automatic shutdown protection.
021.12.01.01.01,021,"Aircraft General Knowledge — Airframe, Systems, Powerplant",MED,N,,3,agent_tasklist.md,0,DRAFT_DONE,Explain the operating principle of the following types of smoke detection sensors: optical; ionising.
021.12.01.01.02,021,"Aircraft General Knowledge — Airframe, Systems, Powerplant",MED,N,,3,agent_tasklist.md,0,DRAFT_DONE,"Give an example of warnings, indications and function tests."
021.12.02.01.01,021,"Aircraft General Knowledge — Airframe, Systems, Powerplant",MED,N,,3,agent_tasklist.md,0,DRAFT_DONE,Explain the operating principle of a built-in fire-extinguishing system and describe its components.
021.12.02.01.02,021,"Aircraft General Knowledge — Airframe, Systems, Powerplant",MED,N,,3,agent_tasklist.md,0,DRAFT_DONE,State that two discharges must be provided for each engine (see CS 25.1195(c) Fire-extinguisher systems).
021.12.02.02.01,021,"Aircraft General Knowledge — Airframe, Systems, Powerplant",MED,N,,3,agent_tasklist.md,0,DRAFT_DONE,Explain the following principles of fire detection: resistance and capacitance; gas pressure.
021.12.02.02.02,021,"Aircraft General Knowledge — Airframe, Systems, Powerplant",MED,N,,3,agent_tasklist.md,0,DRAFT_DONE,Explain fire-detection applications such as: bimetallic; continuous loop; gaseous loop (gas-filled detectors).
021.12.02.02.03,021,"Aircraft General Knowledge — Airframe, Systems, Powerplant",MED,N,,3,agent_tasklist.md,0,DRAFT_DONE,Explain why generally double-loop systems are used.
021.12.02.02.04,021,"Aircraft General Knowledge — Airframe, Systems, Powerplant",MED,N,,3,agent_tasklist.md,0,DRAFT_DONE,"Give an example of warnings, indications and function tests of a fire-protection system."
021.12.03.01.01,021,"Aircraft General Knowledge — Airframe, Systems, Powerplant",MED,N,,3,agent_tasklist.md,0,DRAFT_DONE,Explain the principle and method of operation of the following windshield rain-protection systems for an aeroplane: wipers; liquids (rain-repellent); coating.
021.13.01.01.01,021,"Aircraft General Knowledge — Airframe, Systems, Powerplant",MED,N,,3,agent_tasklist.md,0,DRAFT_DONE,Describe the basic operating principle of a cockpit oxygen system and describe the following different modes of operation: normal (diluter demand); 100 per cent; emergency.
021.13.01.01.02,021,"Aircraft General Knowledge — Airframe, Systems, Powerplant",MED,N,,3,agent_tasklist.md,0,DRAFT_DONE,Describe the operating principle and the purposes of the following two portable oxygen systems: smoke hood; portable bottle.
021.13.01.01.03,021,"Aircraft General Knowledge — Airframe, Systems, Powerplant",MED,N,,3,agent_tasklist.md,0,DRAFT_DONE,Describe the following two oxygen systems that can be used to supply oxygen to passengers: fixed system (chemical oxygen generator or gaseous system); portable.
021.13.01.01.04,021,"Aircraft General Knowledge — Airframe, Systems, Powerplant",MED,N,,3,agent_tasklist.md,0,DRAFT_DONE,Describe the actuation methods (automatic and manual) and the functioning of a passenger oxygen mask.
021.13.01.01.05,021,"Aircraft General Knowledge — Airframe, Systems, Powerplant",MED,N,,3,agent_tasklist.md,0,DRAFT_DONE,Compare chemical oxygen generators to gaseous systems with respect to: capacity; flow regulation.
021.13.01.01.06,021,"Aircraft General Knowledge — Airframe, Systems, Powerplant",MED,N,,3,agent_tasklist.md,0,DRAFT_DONE,State the dangers of grease or oil related to the use of oxygen systems.
022.01.01.01.01,022,Aircraft General Knowledge — Instrumentation,LOW,Y,,3,agent_tasklist.md,0,DRAFT_DONE,"Define ‘pressure’, ‘absolute pressure’ and ‘differential pressure’."
022.01.01.01.02,022,Aircraft General Knowledge — Instrumentation,LOW,Y,,3,agent_tasklist.md,0,DRAFT_DONE,List the following units used for pressure measurement: Pascal; bar; inches of mercury (in Hg); pounds per square inch (psi).
022.01.01.01.03,022,Aircraft General Knowledge — Instrumentation,LOW,Y,,3,agent_tasklist.md,0,DRAFT_DONE,State the relationship between the different units.
022.01.01.01.04,022,Aircraft General Knowledge — Instrumentation,MED,N,,3,agent_tasklist.md,0,DRAFT_DONE,List and describe the following different types of sensors used according to the pressure to be measured: aneroid capsules; bellows; diaphragms; bourdon tube.
022.01.01.01.05,022,Aircraft General Knowledge — Instrumentation,MED,N,,3,agent_tasklist.md,0,DRAFT_DONE,"Identify pressure measurements that are applicable to an aircraft: liquid-pressure measurement (fuel, oil, hydraulic); air-pressure measurement (bleed-air systems, air-conditioning systems); engine-pressure measurement manifold pressure (MAP), engine pressure ratio (EPR))."
022.01.01.01.06,022,Aircraft General Knowledge — Instrumentation,MED,N,,3,agent_tasklist.md,0,DRAFT_DONE,Identify and read pressure measurement indications both for engine indications and other systems.
022.01.01.01.07,022,Aircraft General Knowledge — Instrumentation,MED,N,,3,agent_tasklist.md,0,DRAFT_DONE,Explain the implications of the following pressure measurement errors both for engine indications and other systems: loss of pressure sensing; incorrect pressure indications.
022.01.02.01.01,022,Aircraft General Knowledge — Instrumentation,LOW,Y,,3,agent_tasklist.md,0,DRAFT_DONE,Explain temperature.
022.01.02.01.02,022,Aircraft General Knowledge — Instrumentation,LOW,Y,,3,agent_tasklist.md,0,DRAFT_DONE,List the following units that can be used for temperature measurement: Kelvin; Celsius; Fahrenheit.
022.01.02.01.03,022,Aircraft General Knowledge — Instrumentation,LOW,Y,,3,agent_tasklist.md,0,DRAFT_DONE,State the relationship between these units and convert between them.
022.01.02.01.04,022,Aircraft General Knowledge — Instrumentation,MED,N,,3,agent_tasklist.md,0,DRAFT_DONE,"Identify temperature measurements that are applicable to an aircraft: gas temperature measurement (ambient air, bleed-air systems, air-conditioning systems, air inlet, exhaust gas, gas turbine outlets); liquid-temperature measurement (fuel, oil, hydraulic); component-temperature measurement (generator, transformer rectifier unit (TRU), pumps (fuel, hydraulic), power transfer unit (PTU)."
022.01.02.01.05,022,Aircraft General Knowledge — Instrumentation,MED,N,,3,agent_tasklist.md,0,DRAFT_DONE,Identify and read temperature measurement indications for both engine indications and other systems.
022.01.03.01.01,022,Aircraft General Knowledge — Instrumentation,MED,N,,3,agent_tasklist.md,0,DRAFT_DONE,State that the quantity of fuel can be measured by volume or mass.
022.01.03.01.02,022,Aircraft General Knowledge — Instrumentation,MED,N,,3,agent_tasklist.md,0,DRAFT_DONE,List the following units used for fuel quantity: kilogramme; pound; litres; gallons (US and imperial).
022.01.03.01.03,022,Aircraft General Knowledge — Instrumentation,MED,N,,3,agent_tasklist.md,0,DRAFT_DONE,Convert between the various units.
022.01.03.01.04,022,Aircraft General Knowledge — Instrumentation,MED,N,,3,agent_tasklist.md,0,DRAFT_DONE,Explain the parameters that can affect the measurement of the volume or mass of the fuel in a fuel tank: temperature; aircraft accelerations and attitudes; and explain how the fuel-gauge system design compensates for these changes.
022.01.03.01.05,022,Aircraft General Knowledge — Instrumentation,MED,N,,3,agent_tasklist.md,0,DRAFT_DONE,Describe and explain the operating principles of the following types of fuel gauges: float system; capacitance-type of fuel-gauge system. ultrasound-type of fuel-gauge system: to be introduced at a later date.
022.01.03.01.06,022,Aircraft General Knowledge — Instrumentation,MED,N,,3,agent_tasklist.md,0,DRAFT_DONE,Describe and complete a typical post-refuelling procedure for a pilot: recording the volume that was filled; converting to the appropriate unit used by the aircraft fuel gauge(s) to compare the actual indicated fuel content to the calculated fuel content; assess appropriate action if the numbers does not compare.
022.01.04.01.01,022,Aircraft General Knowledge — Instrumentation,MED,N,,3,agent_tasklist.md,0,DRAFT_DONE,Define ‘fuel flow’ and where it is measured.
022.01.04.01.02,022,Aircraft General Knowledge — Instrumentation,MED,N,,3,agent_tasklist.md,0,DRAFT_DONE,State that fuel flow may be measured by volume or mass per unit of time.
022.01.04.01.03,022,Aircraft General Knowledge — Instrumentation,MED,N,,3,agent_tasklist.md,0,DRAFT_DONE,List the following units used for fuel flow when measured by mass per hour: kilogrammes/hour; pounds/hour.
022.01.04.01.04,022,Aircraft General Knowledge — Instrumentation,MED,N,,3,agent_tasklist.md,0,DRAFT_DONE,List the following units used for fuel flow when measured by volume per hour: litres/hour; imperial gallons/hour; US gallons/hour.
022.01.04.01.05,022,Aircraft General Knowledge — Instrumentation,MED,N,,3,agent_tasklist.md,0,DRAFT_DONE,Explain how total fuel consumption is obtained.
022.01.05.01.01,022,Aircraft General Knowledge — Instrumentation,LOW,Y,,3,agent_tasklist.md,0,DRAFT_DONE,"List the following types of tachometers, describe their basic operating principle and give examples of use: mechanical (rotating magnet); electrical (three-phase tacho-generator); electronic (impulse measurement with speed probe and phonic wheel); and describe the operating principle of each type."
022.01.05.01.02,022,Aircraft General Knowledge — Instrumentation,MED,N,,3,agent_tasklist.md,0,DRAFT_DONE,Explain the typical units for engine speed: rpm for piston-engine aircraft; percentage for turbine-engine aircraft.
022.01.05.01.03,022,Aircraft General Knowledge — Instrumentation,MED,N,,3,agent_tasklist.md,0,DRAFT_DONE,Explain that some types of rpm indicators require electrical power to provide an indication.
022.01.06.01.01,022,Aircraft General Knowledge — Instrumentation,MED,N,,3,agent_tasklist.md,0,DRAFT_DONE,List and describe the following two parameters used to represent thrust: N1; EPR.
022.01.06.01.02,022,Aircraft General Knowledge — Instrumentation,MED,N,,3,agent_tasklist.md,0,DRAFT_DONE,"Explain the operating principle of using an engine with EPR indication and explain the consequences of incorrect or missing EPR to the operation of the engine, including reverting to N1 mode."
022.01.06.01.03,022,Aircraft General Knowledge — Instrumentation,MED,N,,3,agent_tasklist.md,0,DRAFT_DONE,Give examples of display for N1 and EPR.
022.01.07.01.01,022,Aircraft General Knowledge — Instrumentation,MED,N,,3,agent_tasklist.md,0,DRAFT_DONE,Define ‘torque’.
022.01.07.01.02,022,Aircraft General Knowledge — Instrumentation,MED,N,,3,agent_tasklist.md,0,DRAFT_DONE,"Explain the relationship between power, torque and rpm."
022.01.07.01.03,022,Aircraft General Knowledge — Instrumentation,MED,N,,3,agent_tasklist.md,0,DRAFT_DONE,List the following units used for torque: Newton meters; inch or foot pounds.
022.01.07.01.04,022,Aircraft General Knowledge — Instrumentation,MED,N,,3,agent_tasklist.md,0,DRAFT_DONE,State that engine torque can be displayed as a percentage.
022.01.07.01.05,022,Aircraft General Knowledge — Instrumentation,LOW,Y,,3,agent_tasklist.md,0,DRAFT_DONE,"List and describe the following different types of torquemeters, and explain their operating principles: mechanical; electronic."
022.01.07.01.06,022,Aircraft General Knowledge — Instrumentation,LOW,Y,,3,agent_tasklist.md,0,DRAFT_DONE,Compare the two systems with regard to design and weight.
022.01.07.01.07,022,Aircraft General Knowledge — Instrumentation,MED,N,,3,agent_tasklist.md,0,DRAFT_DONE,Give examples of display.
022.01.08.01.01,022,Aircraft General Knowledge — Instrumentation,MED,N,,3,agent_tasklist.md,0,DRAFT_DONE,State the purpose of a synchroscope.
022.01.08.01.02,022,Aircraft General Knowledge — Instrumentation,LOW,Y,,3,agent_tasklist.md,0,DRAFT_DONE,Explain the operating principle of a synchroscope.
022.01.08.01.03,022,Aircraft General Knowledge — Instrumentation,MED,N,,3,agent_tasklist.md,0,DRAFT_DONE,Give examples of display.
022.01.09.01.01,022,Aircraft General Knowledge — Instrumentation,MED,N,,3,agent_tasklist.md,0,DRAFT_DONE,State the purpose of a vibration-monitoring system for a jet engine.
022.01.09.01.02,022,Aircraft General Knowledge — Instrumentation,LOW,Y,,3,agent_tasklist.md,0,DRAFT_DONE,Describe the operating principle of a vibration-monitoring system using the following two types of sensors: piezoelectric crystal; magnet.
022.01.09.01.03,022,Aircraft General Knowledge — Instrumentation,MED,N,,3,agent_tasklist.md,0,DRAFT_DONE,"Explain that there is no specific unit for vibration monitoring, i.e. it is determined by specified numeric threshold values."
022.01.09.01.04,022,Aircraft General Knowledge — Instrumentation,MED,N,,3,agent_tasklist.md,0,DRAFT_DONE,Give examples of display.
022.01.10.01.01,022,Aircraft General Knowledge — Instrumentation,MED,N,,3,agent_tasklist.md,0,DRAFT_DONE,Explain that the on-board aircraft clock provides a time reference for several of the on-board systems including aircraft communications addressing and reporting system (ACARS) and engine and systems maintenance.
022.02.01.01.01,022,Aircraft General Knowledge — Instrumentation,MED,N,,3,agent_tasklist.md,0,DRAFT_DONE,Define the following pressure measurements and state the relationship between them: static pressure; dynamic pressure; total pressure.
022.02.01.02.01,022,Aircraft General Knowledge — Instrumentation,MED,N,,3,agent_tasklist.md,0,DRAFT_DONE,Describe the design and the operating principle of a: static port/source; pitot tube; combined pitot/static probe.
022.02.01.02.02,022,Aircraft General Knowledge — Instrumentation,MED,N,,3,agent_tasklist.md,0,DRAFT_DONE,"For each of these indicate the various locations and describe the following associated errors and how to correct, minimise the effect of or compensate for them: position errors; instrument errors; errors due to a non-longitudinal axial flow (including manoeuvre-induced errors)."
022.02.01.02.03,022,Aircraft General Knowledge — Instrumentation,MED,N,,3,agent_tasklist.md,0,DRAFT_DONE,Describe a typical pitot/static system and list the possible outputs.
022.02.01.02.04,022,Aircraft General Knowledge — Instrumentation,MED,N,,3,agent_tasklist.md,0,DRAFT_DONE,Explain the redundancy and the interconnections that typically exist in complex pitot/static systems found in large aircraft.
022.02.01.02.05,022,Aircraft General Knowledge — Instrumentation,MED,N,,3,agent_tasklist.md,0,DRAFT_DONE,Explain the purpose of pitot/static system heating.
022.02.01.02.06,022,Aircraft General Knowledge — Instrumentation,MED,N,,3,agent_tasklist.md,0,DRAFT_DONE,"Describe alternate static sources and their effects when used, particularly in unpressurised aircraft."
022.02.01.02.07,022,Aircraft General Knowledge — Instrumentation,MED,N,,3,agent_tasklist.md,0,DRAFT_DONE,Describe a modern pitot static system using solid-state sensors near the pitot probe or static port converting the air data to numerical data (electrical signals) before being sent to the air-data computer(s).
022.02.02.01.01,022,Aircraft General Knowledge — Instrumentation,MED,N,,3,agent_tasklist.md,0,DRAFT_DONE,Define the following and explain the relationship between them: outside air temperature (OAT); total air temperature (TAT); static air temperature (SAT).
022.02.02.01.02,022,Aircraft General Knowledge — Instrumentation,MED,N,,3,agent_tasklist.md,0,DRAFT_DONE,Explain the term ‘ram rise’ and convert TAT to SAT.
022.02.02.01.03,022,Aircraft General Knowledge — Instrumentation,MED,N,,3,agent_tasklist.md,0,DRAFT_DONE,Explain why TAT is often displayed and that TAT is the temperature input to the air-data computer.
022.02.02.02.01,022,Aircraft General Knowledge — Instrumentation,MED,N,,3,agent_tasklist.md,0,DRAFT_DONE,"Indicate typical locations for both direct-reading and remote-reading temperature probes, and describe the following errors: position error; instrument error."
022.02.02.02.02,022,Aircraft General Knowledge — Instrumentation,MED,N,,3,agent_tasklist.md,0,DRAFT_DONE,Explain the purpose of temperature probe heating and interpret the effect of heating on sensed temperature unless automatically compensated for.
022.02.03.01.01,022,Aircraft General Knowledge — Instrumentation,MED,N,,3,agent_tasklist.md,0,DRAFT_DONE,Describe the following two types of AoA sensors: null-seeking (slotted) probe; vane detector.
022.02.03.01.02,022,Aircraft General Knowledge — Instrumentation,MED,N,,3,agent_tasklist.md,0,DRAFT_DONE,"For each type, explain the operating principles."
022.02.03.01.03,022,Aircraft General Knowledge — Instrumentation,MED,N,,3,agent_tasklist.md,0,DRAFT_DONE,Explain how both types are protected against ice.
022.02.03.01.04,022,Aircraft General Knowledge — Instrumentation,MED,N,,3,agent_tasklist.md,0,DRAFT_DONE,"Give examples of systems that use the AoA as an input, such as: air-data computer; stall warning systems; flight-envelope protection systems."
022.02.03.01.05,022,Aircraft General Knowledge — Instrumentation,MED,N,,3,agent_tasklist.md,0,DRAFT_DONE,"Give examples of and interpret different types of AoA displays: simple light arrays of green, amber and red lights; gauges showing a numerical scale."
022.02.03.01.06,022,Aircraft General Knowledge — Instrumentation,MED,N,,3,agent_tasklist.md,0,DRAFT_DONE,"Explain the implications for the pilot if the AoA indication becomes incorrect but still provides data, e.g. if the sensor is frozen in a fixed position."
022.02.03.01.07,022,Aircraft General Knowledge — Instrumentation,MED,N,,3,agent_tasklist.md,0,DRAFT_DONE,Explain how an incorrect AoA measurement can affect the controllability of an aircraft with flight-envelope protection.
022.02.04.01.01,022,Aircraft General Knowledge — Instrumentation,MED,N,,3,agent_tasklist.md,0,DRAFT_DONE,List the following two units used for altimeters and state the relationship between them: feet; metres.
022.02.04.01.02,022,Aircraft General Knowledge — Instrumentation,LOW,Y,,3,agent_tasklist.md,0,DRAFT_DONE,"Define the following terms: height, altitude; indicated altitude, true altitude; pressure altitude, density altitude."
022.02.04.01.03,022,Aircraft General Knowledge — Instrumentation,LOW,Y,,3,agent_tasklist.md,0,DRAFT_DONE,"Define the following barometric references: ‘QNH’, ‘QFE’, ‘1013.25’."
022.02.04.01.04,022,Aircraft General Knowledge — Instrumentation,MED,N,,3,agent_tasklist.md,0,DRAFT_DONE,Explain the operating principles of an altimeter.
022.02.04.01.05,022,Aircraft General Knowledge — Instrumentation,LOW,Y,,3,agent_tasklist.md,0,DRAFT_DONE,Describe and compare the following three types of altimeters and reason(s) why particular designs may be required in certain airspace: simple altimeter (single capsule); sensitive altimeter (multi-capsule); servo-assisted altimeter.
022.02.04.01.06,022,Aircraft General Knowledge — Instrumentation,LOW,Y,,3,agent_tasklist.md,0,DRAFT_DONE,"Give examples of associated displays: pointer, multi-pointer, drum, vertical straight scale."
022.02.04.01.07,022,Aircraft General Knowledge — Instrumentation,MED,N,,3,agent_tasklist.md,0,DRAFT_DONE,Describe the following errors: static system error; instrument error; barometric error; temperature error (air column not at ISA conditions); lag (altimeter response to change of height).
022.02.04.01.08,022,Aircraft General Knowledge — Instrumentation,MED,N,,3,agent_tasklist.md,0,DRAFT_DONE,Demonstrate the use of an altimeter correction table for the following errors: temperature corrections; aircraft position errors.
022.02.04.01.09,022,Aircraft General Knowledge — Instrumentation,MED,N,,3,agent_tasklist.md,0,DRAFT_DONE,Describe the effects of a blockage or a leakage on the static pressure line.
022.02.04.01.10,022,Aircraft General Knowledge — Instrumentation,MED,N,,3,agent_tasklist.md,0,DRAFT_DONE,"Describe the use of GPS altitude as an alternative means of checking erroneous altimeter indications, and highlight the limitations of the GPS altitude indication."
022.02.05.01.01,022,Aircraft General Knowledge — Instrumentation,MED,N,,3,agent_tasklist.md,0,DRAFT_DONE,List the two units used for VSIs and state the relationship between them: metres per second; feet per minute.
022.02.05.01.02,022,Aircraft General Knowledge — Instrumentation,MED,N,,3,agent_tasklist.md,0,DRAFT_DONE,Explain the operating principles of a VSI and an IVSI.
022.02.05.01.03,022,Aircraft General Knowledge — Instrumentation,MED,N,,3,agent_tasklist.md,0,DRAFT_DONE,Describe and compare the following types of VSIs: barometric type (VSI); instantaneous barometric type (IVSI); inertial type (inertial information provided by an inertial reference unit).
022.02.05.01.04,022,Aircraft General Knowledge — Instrumentation,MED,N,,3,agent_tasklist.md,0,DRAFT_DONE,Describe the following VSI errors: static system errors; instrument errors; time lag.
022.02.05.01.05,022,Aircraft General Knowledge — Instrumentation,MED,N,,3,agent_tasklist.md,0,DRAFT_DONE,Describe the effects on a VSI of a blockage or a leakage on the static pressure line.
022.02.05.01.06,022,Aircraft General Knowledge — Instrumentation,MED,N,,3,agent_tasklist.md,0,DRAFT_DONE,Give examples of a VSI display.
022.02.05.01.07,022,Aircraft General Knowledge — Instrumentation,MED,N,,3,agent_tasklist.md,0,DRAFT_DONE,Compare the indications of a VSI and an IVSI during flight in turbulence and appropriate pilot technique during manoeuvring using either type.
022.02.06.01.01,022,Aircraft General Knowledge — Instrumentation,MED,N,,3,agent_tasklist.md,0,DRAFT_DONE,List the following three units used for airspeed and state the relationship between them: nautical miles/hour (kt); statute miles/hour (mph); kilometres/hour (km/h).
022.02.06.01.02,022,Aircraft General Knowledge — Instrumentation,MED,N,,3,agent_tasklist.md,0,DRAFT_DONE,Describe the following ASI errors and state when they must be considered: pitot/static system errors; instrument errors; position errors; compressibility errors; density errors.
022.02.06.01.03,022,Aircraft General Knowledge — Instrumentation,MED,N,,3,agent_tasklist.md,0,DRAFT_DONE,Explain the operating principles of an ASI (as appropriate to aeroplanes or helicopters).
022.02.06.01.04,022,Aircraft General Knowledge — Instrumentation,MED,N,,3,agent_tasklist.md,0,DRAFT_DONE,"Give examples of an ASI display: pointer, vertical straight scale, and digital (HUD display)."
022.02.06.01.05,022,Aircraft General Knowledge — Instrumentation,MED,N,,3,agent_tasklist.md,0,DRAFT_DONE,Demonstrate the use of an ASI correction table for position error.
022.02.06.01.06,022,Aircraft General Knowledge — Instrumentation,MED,N,,3,agent_tasklist.md,0,DRAFT_DONE,"Define and explain the following colour codes that can be used on an ASI: white arc (flap operating speed range); green arc (normal operating speed range); yellow arc (caution speed range); red line (VNE) or barber’s pole (VMO); blue line (best rate of climb speed, one-engine-out for multi-engine piston light aeroplanes)."
022.02.06.01.08,022,Aircraft General Knowledge — Instrumentation,MED,N,,3,agent_tasklist.md,0,DRAFT_DONE,Describe the effects on an ASI of a blockage or a leakage in the static or total pressure line(s).
022.02.06.01.09,022,Aircraft General Knowledge — Instrumentation,MED,N,,3,agent_tasklist.md,0,DRAFT_DONE,Define the term ‘unreliable airspeed’ and describe the means by which it can be recognised such as: different airspeed indications between ASIs; unexpected aircraft behaviour; buffeting; aircraft systems warning; aircraft attitude.
022.02.06.01.10,022,Aircraft General Knowledge — Instrumentation,MED,N,,3,agent_tasklist.md,0,DRAFT_DONE,Describe the appropriate procedures available to the pilot in the event of unreliable airspeed indications: combination of a pitch attitude and power setting; ambient wind noise inside the aircraft; use of GPS speed indications and the associated limitations.
022.02.07.01.01,022,Aircraft General Knowledge — Instrumentation,MED,N,,3,agent_tasklist.md,0,DRAFT_DONE,"Define ‘Mach number’ and ‘local speed sound’ (LSS). Calculate between LSS, TAS and Mach number."
022.02.07.01.02,022,Aircraft General Knowledge — Instrumentation,LOW,Y,,3,agent_tasklist.md,0,DRAFT_DONE,Describe the operating principle of a Machmeter.
022.02.07.01.03,022,Aircraft General Knowledge — Instrumentation,LOW,Y,,3,agent_tasklist.md,0,DRAFT_DONE,Explain why a Machmeter does not suffer from compressibility error.
022.02.07.01.04,022,Aircraft General Knowledge — Instrumentation,MED,N,,3,agent_tasklist.md,0,DRAFT_DONE,"Give examples of a Machmeter display: pointer, drum, vertical straight scale, digital."
022.02.07.01.05,022,Aircraft General Knowledge — Instrumentation,MED,N,,3,agent_tasklist.md,0,DRAFT_DONE,Describe the effects on a Machmeter of a blockage or a leakage in the static or total pressure line(s).
022.02.07.01.06,022,Aircraft General Knowledge — Instrumentation,MED,N,,3,agent_tasklist.md,0,DRAFT_DONE,"Explain the relationship between CAS, TAS and Mach number. Explain how CAS, TAS and Mach number vary in relation to each other during a climb, a descent, or in level flight in different temperature conditions."
022.02.07.01.07,022,Aircraft General Knowledge — Instrumentation,MED,N,,3,agent_tasklist.md,0,DRAFT_DONE,State the existence of maximum operating limit speed (VMO) and maximum operating Mach number (MMO).
022.02.07.01.08,022,Aircraft General Knowledge — Instrumentation,MED,N,,3,agent_tasklist.md,0,DRAFT_DONE,Describe typical indications of MMO and VMO on analogue and digital instruments.
022.02.07.01.09,022,Aircraft General Knowledge — Instrumentation,MED,N,,3,agent_tasklist.md,0,DRAFT_DONE,Describe the relationship between MMO and VMO with change in altitude and the implications of climbing at constant IAS and descending at constant Mach number with respect to the margin to MMO and VMO.
022.02.07.01.10,022,Aircraft General Knowledge — Instrumentation,MED,N,,3,agent_tasklist.md,0,DRAFT_DONE,Describe the implications of climbing or descending at constant Mach number or constant IAS with respect to the margin to the stall speed or maximum speed.
022.02.08.01.01,022,Aircraft General Knowledge — Instrumentation,MED,N,,3,agent_tasklist.md,0,DRAFT_DONE,Explain the operating principle of an ADC.
022.02.08.01.02,022,Aircraft General Knowledge — Instrumentation,LOW,Y,,3,agent_tasklist.md,0,DRAFT_DONE,List the following possible input data: TAT; static pressure; total pressure; measured temperature; AoA; flaps position; landing gear position; stored aircraft data.
022.02.08.01.03,022,Aircraft General Knowledge — Instrumentation,LOW,Y,,3,agent_tasklist.md,0,DRAFT_DONE,"List the following possible output data, as applicable to aeroplanes or helicopters: IAS; TAS; SAT; TAT; Mach number; AoA; altitude; vertical speed; VMO/MMO pointer."
022.02.08.01.04,022,Aircraft General Knowledge — Instrumentation,MED,N,,3,agent_tasklist.md,0,DRAFT_DONE,"Explain how position, instrument, compressibility and density errors can be compensated/corrected to achieve a TAS calculation."
022.02.08.01.05,022,Aircraft General Knowledge — Instrumentation,MED,N,,3,agent_tasklist.md,0,DRAFT_DONE,Give examples of instruments or systems which may use ADC output data.
022.02.08.01.06,022,Aircraft General Knowledge — Instrumentation,MED,N,,3,agent_tasklist.md,0,DRAFT_DONE,"Explain that an air-data inertial reference unit (ADIRU) is an ADC integrated with an inertial reference unit (IRU), that there will be separate controls for the ADC part and inertial reference (IR) part, and that incorrect selection during failure scenarios may lead to unintended and potentially irreversible consequences."
022.02.08.01.07,022,Aircraft General Knowledge — Instrumentation,LOW,Y,,3,agent_tasklist.md,0,DRAFT_DONE,"Explain the ADC architecture for air-data measurement including sensors, processing units and displays, as opposed to stand-alone air-data measurement instruments."
022.02.08.01.08,022,Aircraft General Knowledge — Instrumentation,MED,N,,3,agent_tasklist.md,0,DRAFT_DONE,Describe the consequences of the loss of an ADC compared to the failure of individual instruments.
022.03.01.01.01,022,Aircraft General Knowledge — Instrumentation,MED,N,,3,agent_tasklist.md,0,DRAFT_DONE,Describe the magnetic field of the Earth.
022.03.01.01.02,022,Aircraft General Knowledge — Instrumentation,LOW,Y,,3,agent_tasklist.md,0,DRAFT_DONE,Explain the properties of a magnet.
022.03.01.01.03,022,Aircraft General Knowledge — Instrumentation,MED,N,,3,agent_tasklist.md,0,DRAFT_DONE,Define the following terms: magnetic variation; magnetic dip (inclination).
022.03.01.01.04,022,Aircraft General Knowledge — Instrumentation,MED,N,,3,agent_tasklist.md,0,DRAFT_DONE,"Describe that a magnetic compass will align itself to both the horizontal (azimuth) and vertical (dip) components of the Earth’s magnetic field, thus will not function in the vicinity of the magnetic poles."
022.03.01.01.05,022,Aircraft General Knowledge — Instrumentation,MED,N,,3,agent_tasklist.md,0,DRAFT_DONE,Demonstrate the use of variation values (given as East/West (E/W) or +/–) to calculate: true heading to magnetic heading; magnetic heading to true heading.
022.03.02.01.01,022,Aircraft General Knowledge — Instrumentation,LOW,Y,,3,agent_tasklist.md,0,DRAFT_DONE,Explain the following differences between permanent magnetism and electromagnetism: when they are present; what affects their magnitude.
022.03.02.01.02,022,Aircraft General Knowledge — Instrumentation,LOW,Y,,3,agent_tasklist.md,0,DRAFT_DONE,Explain the principles of and the reasons for: compass swinging (determination of initial deviations); compass compensation (correction of deviations found); compass calibration (determination of residual deviations).
022.03.02.01.03,022,Aircraft General Knowledge — Instrumentation,MED,N,,3,agent_tasklist.md,0,DRAFT_DONE,Explain how permanent magnetism within the aircraft structure and electromagnetism from the aircraft systems affect the accuracy of a compass.
022.03.02.01.04,022,Aircraft General Knowledge — Instrumentation,MED,N,,3,agent_tasklist.md,0,DRAFT_DONE,Describe the purpose and the use of a deviation correction card.
022.03.02.01.05,022,Aircraft General Knowledge — Instrumentation,MED,N,,3,agent_tasklist.md,0,DRAFT_DONE,Demonstrate the use of deviation values (either given as E/W or +/–) from a compass deviation card to calculate: compass heading to magnetic heading; magnetic heading to compass heading.
022.03.03.01.01,022,Aircraft General Knowledge — Instrumentation,MED,N,,3,agent_tasklist.md,0,DRAFT_DONE,Explain the purpose of a direct-reading magnetic compass.
022.03.03.01.02,022,Aircraft General Knowledge — Instrumentation,MED,N,,3,agent_tasklist.md,0,DRAFT_DONE,"Describe how the direct-reading magnetic compass will only show correct indications during straight, level and unaccelerated flight, and that an error will occur during the following flight manoeuvres (no numerical examples): acceleration and deceleration; turning; during pitch-up or pitch-down manoeuvres."
022.03.03.01.03,022,Aircraft General Knowledge — Instrumentation,MED,N,,3,agent_tasklist.md,0,DRAFT_DONE,"Explain how the use of timed turns eliminates the problem of the turning errors of a direct-reading magnetic compass, and calculate the duration of a rate-1 turn for a given change of heading."
022.03.03.01.04,022,Aircraft General Knowledge — Instrumentation,MED,N,,3,agent_tasklist.md,0,DRAFT_DONE,"Describe the serviceability check for a direct-reading magnetic compass prior to flight, such as: the physical appearance of the device; comparing the indication to another known direction such as a different compass or runway direction."
022.03.04.01.01,022,Aircraft General Knowledge — Instrumentation,MED,N,,3,agent_tasklist.md,0,DRAFT_DONE,Explain the purpose of a flux valve.
022.03.04.01.02,022,Aircraft General Knowledge — Instrumentation,LOW,Y,,3,agent_tasklist.md,0,DRAFT_DONE,Explain its operating principle.
022.03.04.01.03,022,Aircraft General Knowledge — Instrumentation,MED,N,,3,agent_tasklist.md,0,DRAFT_DONE,Indicate typical locations of the flux valve(s).
022.03.04.01.04,022,Aircraft General Knowledge — Instrumentation,MED,N,,3,agent_tasklist.md,0,DRAFT_DONE,Give the remote-reading compass system as example of application for a flux valve.
022.03.04.01.05,022,Aircraft General Knowledge — Instrumentation,MED,N,,3,agent_tasklist.md,0,DRAFT_DONE,"Explain that deviation is compensated for and, therefore, eliminates the need for a deviation correction card."
022.03.04.01.06,022,Aircraft General Knowledge — Instrumentation,MED,N,,3,agent_tasklist.md,0,DRAFT_DONE,"Explain that a flux valve does not suffer from the same magnitude of errors as a direct-reading magnetic compass when turning, accelerating or decelerating and during pitch-up or pitch-down manoeuvres."
022.04.01.01.01,022,Aircraft General Knowledge — Instrumentation,LOW,Y,,3,agent_tasklist.md,0,DRAFT_DONE,Define a ‘gyro’.
022.04.01.01.02,022,Aircraft General Knowledge — Instrumentation,LOW,Y,,3,agent_tasklist.md,0,DRAFT_DONE,Explain the fundamentals of the theory of gyroscopic forces.
022.04.01.01.03,022,Aircraft General Knowledge — Instrumentation,LOW,Y,,3,agent_tasklist.md,0,DRAFT_DONE,"Define the ‘degrees of freedom’ of a gyro. Remark: As a convention, the degrees of freedom of a gyroscope do not include its own axis of rotation (the spin axis)."
022.04.01.01.04,022,Aircraft General Knowledge — Instrumentation,LOW,Y,,3,agent_tasklist.md,0,DRAFT_DONE,Explain the following terms: rigidity; precession; wander (drift/topple).
022.04.01.01.05,022,Aircraft General Knowledge — Instrumentation,MED,N,,3,agent_tasklist.md,0,DRAFT_DONE,Explain the three types of gyro wander: real wander; apparent wander; transport wander.
022.04.01.01.06,022,Aircraft General Knowledge — Instrumentation,MED,N,,3,agent_tasklist.md,0,DRAFT_DONE,Describe the two ways of driving gyroscopes and any associated indications: air/vacuum; electrically.
022.04.02.01.01,022,Aircraft General Knowledge — Instrumentation,MED,N,,3,agent_tasklist.md,0,DRAFT_DONE,Explain the purpose of a rate-of-turn and balance (slip) indicator.
022.04.02.01.02,022,Aircraft General Knowledge — Instrumentation,MED,N,,3,agent_tasklist.md,0,DRAFT_DONE,Define a ‘rate-1 turn’.
022.04.02.01.03,022,Aircraft General Knowledge — Instrumentation,MED,N,,3,agent_tasklist.md,0,DRAFT_DONE,Describe the indications given by a rate-of-turn indicator.
022.04.02.01.04,022,Aircraft General Knowledge — Instrumentation,MED,N,,3,agent_tasklist.md,0,DRAFT_DONE,"Explain the relation between bank angle, rate of turn and TAS, and how bank angle becomes the limiting factor at high speed (no calculations)."
022.04.02.01.05,022,Aircraft General Knowledge — Instrumentation,MED,N,,3,agent_tasklist.md,0,DRAFT_DONE,Explain the purpose of a balance (slip) indicator and its principle of operation.
022.04.02.01.06,022,Aircraft General Knowledge — Instrumentation,MED,N,,3,agent_tasklist.md,0,DRAFT_DONE,"Describe the indications of a rate-of-turn and balance (slip) indicator during a balanced, slip or skid turn."
022.04.02.01.07,022,Aircraft General Knowledge — Instrumentation,MED,N,,3,agent_tasklist.md,0,DRAFT_DONE,Describe the indications given by a turn coordinator (or turn-and-bank indicator).
022.04.02.01.08,022,Aircraft General Knowledge — Instrumentation,MED,N,,3,agent_tasklist.md,0,DRAFT_DONE,Compare the indications on the rate-of-turn indicator and the turn coordinator.
022.04.03.01.01,022,Aircraft General Knowledge — Instrumentation,MED,N,,3,agent_tasklist.md,0,DRAFT_DONE,Explain the purpose of the attitude indicator.
022.04.03.01.02,022,Aircraft General Knowledge — Instrumentation,MED,N,,3,agent_tasklist.md,0,DRAFT_DONE,Identify the two types of attitude indicators: attitude indicator; attitude and director indicator (ADI).
022.04.03.01.03,022,Aircraft General Knowledge — Instrumentation,LOW,Y,,3,agent_tasklist.md,0,DRAFT_DONE,State the degrees of freedom.
022.04.03.01.04,022,Aircraft General Knowledge — Instrumentation,MED,N,,3,agent_tasklist.md,0,DRAFT_DONE,Describe the effects of the aircraft’s acceleration and turns on instrument indications.
022.04.03.01.05,022,Aircraft General Knowledge — Instrumentation,MED,N,,3,agent_tasklist.md,0,DRAFT_DONE,Describe a typical attitude display and instrument markings.
022.04.04.01.01,022,Aircraft General Knowledge — Instrumentation,MED,N,,3,agent_tasklist.md,0,DRAFT_DONE,Explain the purpose of the directional gyroscope.
022.04.04.01.02,022,Aircraft General Knowledge — Instrumentation,MED,N,,3,agent_tasklist.md,0,DRAFT_DONE,Identify the two types of gyro-driven direction indicators: direction indicator; horizontal situation indicator (HSI).
022.04.04.01.03,022,Aircraft General Knowledge — Instrumentation,MED,N,,3,agent_tasklist.md,0,DRAFT_DONE,Explain how the directional gyroscope will drift over time due to the following: rotation of the Earth; aircraft manoeuvring; aircraft movement over the Earth’s surface/direction of travel.
022.04.04.01.04,022,Aircraft General Knowledge — Instrumentation,MED,N,,3,agent_tasklist.md,0,DRAFT_DONE,Describe the procedure for the pilot to align the directional gyroscope to the correct compass heading.
022.04.05.01.01,022,Aircraft General Knowledge — Instrumentation,MED,N,,3,agent_tasklist.md,0,DRAFT_DONE,Describe the principles of operation of a remote-reading compass system.
022.04.05.01.02,022,Aircraft General Knowledge — Instrumentation,MED,N,,3,agent_tasklist.md,0,DRAFT_DONE,"Using a block diagram, list and explain the function of the following components of a remote-reading compass system: flux detection unit; gyro unit; transducers, precession amplifiers, annunciator; display unit (compass card, synchronising and set-heading knob, DG/compass/slave/free switch)."
022.04.05.01.03,022,Aircraft General Knowledge — Instrumentation,MED,N,,3,agent_tasklist.md,0,DRAFT_DONE,"State the advantages and disadvantages of a remote-reading compass system compared to a direct-reading magnetic compass with regard to: design (power source, weight and volume); deviation due to aircraft magnetism; turning and acceleration errors; attitude errors; accuracy and stability of the information displayed; availability of the information for several systems (compass card, RMI, automatic flight control system (AFCS))."
022.04.06.01.01,022,Aircraft General Knowledge — Instrumentation,MED,N,,3,agent_tasklist.md,0,DRAFT_DONE,Explain that the AHRS is a replacement for traditional gyros using solid-state technology with no moving parts and is a single unit consisting of: solid-state accelerometers; solid-state rate sensor gyroscopes; solid-state magnetometers (measurement of the Earth’s magnetic field).
022.04.06.01.02,022,Aircraft General Knowledge — Instrumentation,MED,N,,3,agent_tasklist.md,0,DRAFT_DONE,Explain that the AHRS senses rotation and acceleration for all three axes and senses the direction of the Earth’s magnetic field where the indications are normally provided on electronic screens (electronic flight instrument system (EFIS)).
022.05.01.01.01,022,Aircraft General Knowledge — Instrumentation,MED,N,,3,agent_tasklist.md,0,DRAFT_DONE,State that inertial navigation/reference systems are the main source of attitude and one of the main sources of navigational data in commercial air transport aeroplanes.
022.05.01.01.02,022,Aircraft General Knowledge — Instrumentation,MED,N,,3,agent_tasklist.md,0,DRAFT_DONE,"State that inertial systems require no external input, except TAS, to determine aircraft attitude and navigational data."
022.05.01.01.03,022,Aircraft General Knowledge — Instrumentation,MED,N,,3,agent_tasklist.md,0,DRAFT_DONE,"State that earlier gyro mechanically stabilised platforms are (technically incorrectly but conventionally) referred to as inertial navigation systems (INSs) and more modern fixed (strap down) platforms are conventionally referred to as inertial reference systems (IRSs). INSs can be considered to be stand-alone, whereas IRSs are integrated with the FMS."
022.05.01.01.04,022,Aircraft General Knowledge — Instrumentation,MED,N,,3,agent_tasklist.md,0,DRAFT_DONE,"Explain the basic principles of inertial navigation (including double integration of measured acceleration and the necessity for north–south, east–west and vertical components to be measured/extracted)."
022.05.01.01.05,022,Aircraft General Knowledge — Instrumentation,MED,N,,3,agent_tasklist.md,0,DRAFT_DONE,"Explain the necessity of applying correction for transport precession, and Earth rate precession, coriolis and gravity."
022.05.01.01.06,022,Aircraft General Knowledge — Instrumentation,MED,N,,3,agent_tasklist.md,0,DRAFT_DONE,"State that in modern aircraft fitted with inertial reference system (IRS) and flight management system (FMS), the flight management computer (FMC) position is normally derived from a mathematical analysis of IRS, global positioning system (GPS), and distance measuring equipment (DME) data, VHF omnidirectional radio range (VOR) and LOC."
022.05.01.01.07,022,Aircraft General Knowledge — Instrumentation,MED,N,,3,agent_tasklist.md,0,DRAFT_DONE,List all navigational data that can be determined by a stand-alone inertial navigation system.
022.05.01.01.08,022,Aircraft General Knowledge — Instrumentation,MED,N,,3,agent_tasklist.md,0,DRAFT_DONE,State that a strap-down system is fixed to the structure of the aircraft and normally consists of three laser ring gyros and three accelerometers.
022.05.01.01.09,022,Aircraft General Knowledge — Instrumentation,MED,N,,3,agent_tasklist.md,0,DRAFT_DONE,State the differences between a laser ring gyro and a conventional mechanical gyro.
022.05.02.01.01,022,Aircraft General Knowledge — Instrumentation,MED,N,,3,agent_tasklist.md,0,DRAFT_DONE,"State that during the alignment process, the inertial platform is levelled (INS) or the local vertical is determined (IRS), and true north/aircraft heading is established."
022.05.02.01.02,022,Aircraft General Knowledge — Instrumentation,MED,N,,3,agent_tasklist.md,0,DRAFT_DONE,"Explain that the aircraft must be stationary during alignment, the aircraft position is entered during the alignment phase, and that the alignment process takes around 10 to 20 minutes at mid latitudes (longer at high latitudes)."
022.05.02.01.03,022,Aircraft General Knowledge — Instrumentation,MED,N,,3,agent_tasklist.md,0,DRAFT_DONE,State that in-flight realignment is not possible and loss of alignment leads to loss of navigational data although attitude information may still be available.
022.05.02.01.04,022,Aircraft General Knowledge — Instrumentation,MED,N,,3,agent_tasklist.md,0,DRAFT_DONE,Explain that the inertial navigation system (INS) platform is maintained level and north-aligned after alignment is complete and the aircraft is in motion.
022.05.02.01.05,022,Aircraft General Knowledge — Instrumentation,MED,N,,3,agent_tasklist.md,0,DRAFT_DONE,State that an incorrect entry of latitude may lead to a loss of alignment and is more critical than the incorrect entry of longitude.
022.05.02.01.06,022,Aircraft General Knowledge — Instrumentation,MED,N,,3,agent_tasklist.md,0,DRAFT_DONE,"State that the positional error of a stand-alone INS varies (a typical value can be quoted as 1–2 NM/h) and is dependent on the gyro drift rate, accelerometer bias, misalignment of the platform, and computational errors."
022.05.02.01.07,022,Aircraft General Knowledge — Instrumentation,MED,N,,3,agent_tasklist.md,0,DRAFT_DONE,"Explain that, on a modern aircraft, there is likely to be an air-data inertial reference unit (ADIRU), which is an inertial reference unit (IRU) integrated with an air-data computer (ADC)."
022.05.02.01.08,022,Aircraft General Knowledge — Instrumentation,MED,N,,3,agent_tasklist.md,0,DRAFT_DONE,Identify examples of IRS control panels.
022.05.02.01.09,022,Aircraft General Knowledge — Instrumentation,MED,N,,3,agent_tasklist.md,0,DRAFT_DONE,Explain the following selections on the IRU mode selector: NAV (normal operation); ATT (attitude only).
022.05.02.01.10,022,Aircraft General Knowledge — Instrumentation,MED,N,,3,agent_tasklist.md,0,DRAFT_DONE,State that the majority of the IRS data can be accessed through the FMS control and display unit (CDU)/flight management and guidance system (FMGS) multifunction control and display unit (MCDU).
022.05.02.01.11,022,Aircraft General Knowledge — Instrumentation,MED,N,,3,agent_tasklist.md,0,DRAFT_DONE,Describe the procedure available to the pilot for assessing the performance of individual IRUs after a flight: reviewing the residual indicated ground speed when the aircraft has parked; reviewing the drift given as NM/h.
022.06.01.01.01,022,Aircraft General Knowledge — Instrumentation,MED,N,,3,agent_tasklist.md,0,DRAFT_DONE,Describe the following purposes of an automatic flight control system (AFCS): enhancement of flight controls; reduction of pilot workload.
022.06.01.01.02,022,Aircraft General Knowledge — Instrumentation,MED,N,,3,agent_tasklist.md,0,DRAFT_DONE,Define and explain the following two functions of an AFCS: aircraft control: stabilise the aircraft around its centre of gravity (CG); aircraft guidance: guidance of the aircraft’s flight path.
022.06.01.01.03,022,Aircraft General Knowledge — Instrumentation,MED,N,,3,agent_tasklist.md,0,DRAFT_DONE,"Describe the following two automatic control principles: closed loop, where a feedback from an action or state is compared to the desired action or state; open loop, where there is no feedback loop."
022.06.01.01.04,022,Aircraft General Knowledge — Instrumentation,MED,N,,3,agent_tasklist.md,0,DRAFT_DONE,List the following elements of a closed-loop control system and explain their basic function: input signal; error detector; signal processor providing a measured output signal according to set criteria or laws; control element such as an actuator; feedback signal to error detector for comparison with input signal.
022.06.01.01.05,022,Aircraft General Knowledge — Instrumentation,MED,N,,3,agent_tasklist.md,0,DRAFT_DONE,Describe how a closed-loop system may enter a state of self-induced oscillation if the system overcompensates for deviations from the desired state.
022.06.01.01.06,022,Aircraft General Knowledge — Instrumentation,MED,N,,3,agent_tasklist.md,0,DRAFT_DONE,Explain how a state of self-induced oscillations may be detected and describe the effects of self-induced oscillations: aircraft controllability; aircraft safety; timely manual intervention as a way of mitigating loss of control; techniques that may be used to maintain positive control of the aircraft.
022.06.02.01.01,022,Aircraft General Knowledge — Instrumentation,MED,N,,3,agent_tasklist.md,0,DRAFT_DONE,Define the three basic control channels.
022.06.02.01.02,022,Aircraft General Knowledge — Instrumentation,MED,N,,3,agent_tasklist.md,0,DRAFT_DONE,"Define the three different types of autopilots: single or 1 axis (roll); 2 axes (pitch and roll); 3 axes (pitch, roll and yaw)."
022.06.02.01.03,022,Aircraft General Knowledge — Instrumentation,MED,N,,3,agent_tasklist.md,0,DRAFT_DONE,"Describe the purpose of the following components of an autopilot system: flight control unit (FCU), mode control panel (MCP) or equivalent; flight mode annunciator (FMA) (see Subject 022 06 04 00); autopilot computer; actuator."
022.06.02.01.04,022,Aircraft General Knowledge — Instrumentation,MED,N,,3,agent_tasklist.md,0,DRAFT_DONE,Explain the following lateral modes: heading (HDG)/track (TRK); VOR (VOR)/localiser (LOC); lateral navigation/managed navigation (LNAV or NAV).
022.06.02.01.05,022,Aircraft General Knowledge — Instrumentation,MED,N,,3,agent_tasklist.md,0,DRAFT_DONE,Describe the purpose of control laws for pitch and roll modes.
022.06.02.01.06,022,Aircraft General Knowledge — Instrumentation,MED,N,,3,agent_tasklist.md,0,DRAFT_DONE,Explain the following vertical modes: vertical speed (V/S); flight path angle (FPA); level change (LVL CHG)/open climb (OP CLB) or open descent (OP DES); speed reference system (SRS); altitude (ALT) hold; vertical navigation (VNAV)/managed climb (CLB) or descent (DES); glideslope (G/S).
022.06.02.01.07,022,Aircraft General Knowledge — Instrumentation,MED,N,,3,agent_tasklist.md,0,DRAFT_DONE,"Describe how the autopilot uses speed, aircraft configuration or flight phase as a measure for the magnitude of control inputs and how this may affect precision and stability."
022.06.02.01.08,022,Aircraft General Knowledge — Instrumentation,MED,N,,3,agent_tasklist.md,0,DRAFT_DONE,Explain the following mixed modes: take-off; go-around; approach (APP).
022.06.02.01.09,022,Aircraft General Knowledge — Instrumentation,MED,N,,3,agent_tasklist.md,0,DRAFT_DONE,Describe the two types of autopilot configurations and explain the implications to the pilot for either and when comparing the two principles: flight-deck controls move with the control surface when the autopilot is engaged; flight-deck controls remain static when the autopilot is engaged.
022.06.02.01.10,022,Aircraft General Knowledge — Instrumentation,MED,N,,3,agent_tasklist.md,0,DRAFT_DONE,Describe the purpose of the following inputs and outputs for an autopilot system: attitude information; flight path/trajectory information; control surface position information; airspeed information; aircraft configuration information; FCU/MCP selections; FMAs.
022.06.02.01.11,022,Aircraft General Knowledge — Instrumentation,MED,N,,3,agent_tasklist.md,0,DRAFT_DONE,Describe the purpose of the synchronisation function when engaging the autopilot and explain why the autopilot should be engaged when the aircraft is in trim.
022.06.02.01.12,022,Aircraft General Knowledge — Instrumentation,MED,N,,3,agent_tasklist.md,0,DRAFT_DONE,Define the control wheel steering (CWS) mode as manual manoeuvring of the aircraft through the autopilot computer and autopilot servos/actuators using the control column/control wheel.
022.06.02.01.13,022,Aircraft General Knowledge — Instrumentation,MED,N,,3,agent_tasklist.md,0,DRAFT_DONE,Describe the following elements of CWS: CWS as an autopilot mode; flight phases where CWS cannot be used; whether the pilot or the autopilot is controlling the flight path; the availability of flight path/performance protections; potential different feel and control response compared to manual flight.
022.06.02.01.14,022,Aircraft General Knowledge — Instrumentation,MED,N,,3,agent_tasklist.md,0,DRAFT_DONE,Describe touch control steering (TCS) and highlight the differences when compared to CWS: autopilot remains engaged but autopilot servos/actuators are disconnected from the control surfaces; manual control of the aircraft as long as TCS button is depressed; autopilot servos/actuators reconnect when TCS button is released and the autopilot returns to previously engaged mode(s).
022.06.02.01.15,022,Aircraft General Knowledge — Instrumentation,MED,N,,3,agent_tasklist.md,0,DRAFT_DONE,Explain that only one autopilot may be engaged at any time except for when APP is armed in order to facilitate a fail-operational autoland.
022.06.02.01.16,022,Aircraft General Knowledge — Instrumentation,MED,N,,3,agent_tasklist.md,0,DRAFT_DONE,"Explain the difference between an armed and an engaged mode: not all modes have an armed state available; a mode will only become armed if certain criteria are met; an armed mode will become engaged (replacing the previously engaged mode, if any) when certain criteria are met."
022.06.02.01.17,022,Aircraft General Knowledge — Instrumentation,MED,N,,3,agent_tasklist.md,0,DRAFT_DONE,Describe the sequence of events when a mode is engaged and the different phases: initial phase where attitude is changed to obtain a new trajectory in order to achieve the new parameter; the trajectory will be based on rate of closure which is again based on the difference between the original parameter and the new parameter; capture phase where the aircraft will follow a predefined rate of change of trajectory to achieve the new parameter without overshooting/ undershooting; tracking or hold phase where the aircraft will maintain the set parameter until a new change has been initiated.
022.06.02.01.18,022,Aircraft General Knowledge — Instrumentation,MED,N,,3,agent_tasklist.md,0,DRAFT_DONE,"Explain automatic mode reversion and typical situations where it may occur: no suitable data for the current mode such as flight plan discontinuity when in LNAV/managed NAV; change of parameter during capture phase for original parameter such as change of altitude target during ALT ACQ/ALT*; mismanagement of a mode resulting in engagement of the autopilot envelope protection, e.g. selecting excessive V/S resulting in a loss of speed control."
022.06.02.01.19,022,Aircraft General Knowledge — Instrumentation,MED,N,,3,agent_tasklist.md,0,DRAFT_DONE,"Explain the dangers of mismanagement of the following modes: use of V/S and lack of speed protection, i.e. excessive V/S or FPA may be selected with subsequent uncontrolled loss or gain of airspeed; arming VOR/LOC or APP outside the protected area of the localiser or ILS."
022.06.02.01.20,022,Aircraft General Knowledge — Instrumentation,MED,N,,3,agent_tasklist.md,0,DRAFT_DONE,"Describe how failure of other systems may influence the availability of the autopilot and how incorrect data from other systems may result in an undesirable aircraft state, potentially without any failure indications. Explain the importance of prompt and appropriate pilot intervention during such events."
022.06.02.01.21,022,Aircraft General Knowledge — Instrumentation,MED,N,,3,agent_tasklist.md,0,DRAFT_DONE,Explain an appropriate procedure for disengaging the autopilot and why both aural and visual warnings are used to indicate that the autopilot is being disengaged: temporary warning for intended disengagement using the design method; continuous warning for unintended disengagement or using a method other than the design method.
022.06.02.01.22,022,Aircraft General Knowledge — Instrumentation,MED,N,,3,agent_tasklist.md,0,DRAFT_DONE,Explain the following regarding autopilot and aircraft with manual trim: the autopilot may not engage unless the aircraft controls are in trim; the aircraft will normally be in trim when the autopilot is disconnected; use of manual trim when the autopilot is engaged will normally lead to autopilot disconnection and a risk of an out-of-trim situation.
022.06.03.01.01,022,Aircraft General Knowledge — Instrumentation,MED,N,,3,agent_tasklist.md,0,DRAFT_DONE,Explain the purpose of a flight director system.
022.06.03.01.02,022,Aircraft General Knowledge — Instrumentation,MED,N,,3,agent_tasklist.md,0,DRAFT_DONE,Describe the different types of display: pitch and roll crossbars; V-bar.
022.06.03.01.03,022,Aircraft General Knowledge — Instrumentation,MED,N,,3,agent_tasklist.md,0,DRAFT_DONE,Explain the differences between a flight director and an autopilot and how the flight director provides a means of cross-checking the control/guidance commands sent to the autopilot.
022.06.03.01.04,022,Aircraft General Knowledge — Instrumentation,MED,N,,3,agent_tasklist.md,0,DRAFT_DONE,"Explain why the flight director must be followed when engaged/shown, and describe the appropriate use of the flight director: flight director only; autopilot only; flight director and autopilot; typical job-share between pilots (pilot flying (PF)/pilot monitoring (PM)) for selecting the parameters when autopilot is engaged versus disengaged; highlight when the flight director should not be followed or should be disengaged."
022.06.03.01.05,022,Aircraft General Knowledge — Instrumentation,MED,N,,3,agent_tasklist.md,0,DRAFT_DONE,Give examples of different scenarios and the resulting flight director indications.
022.06.03.01.06,022,Aircraft General Knowledge — Instrumentation,MED,N,,3,agent_tasklist.md,0,DRAFT_DONE,Explain that the flight director computes and indicates the direction and magnitude of control inputs required in order to achieve an attitude to follow a trajectory.
022.06.03.01.07,022,Aircraft General Knowledge — Instrumentation,MED,N,,3,agent_tasklist.md,0,DRAFT_DONE,"Explain how the modes available for the flight director are the same as those available for the autopilot, and that the same panel (FCU/MCP) is normally used for selection."
022.06.03.01.08,022,Aircraft General Knowledge — Instrumentation,MED,N,,3,agent_tasklist.md,0,DRAFT_DONE,"Explain the importance of checking the FMC data or selected autopilot modes through the FMA when using the flight directors. If the flight directors are showing incorrect guidance, they should not be followed and should be turned off."
022.06.04.01.01,022,Aircraft General Knowledge — Instrumentation,MED,N,,3,agent_tasklist.md,0,DRAFT_DONE,Explain the purpose of FMAs and their importance being the only indication of the state of a system rather than a switch position.
022.06.04.01.02,022,Aircraft General Knowledge — Instrumentation,MED,N,,3,agent_tasklist.md,0,DRAFT_DONE,Describe where the FMAs are normally shown and how the FMAs will be divided into sections (as applicable to aircraft complexity): vertical modes; lateral modes; autothrust modes; autopilot and flight director annunciators; landing capability.
022.06.04.01.03,022,Aircraft General Knowledge — Instrumentation,MED,N,,3,agent_tasklist.md,0,DRAFT_DONE,Explain why FMAs for engaged or armed modes have different colour or different font size.
022.06.04.01.04,022,Aircraft General Knowledge — Instrumentation,MED,N,,3,agent_tasklist.md,0,DRAFT_DONE,Describe the following FMA display scenarios: engagement of a mode; mode change from armed to becoming engaged; mode reversion.
022.06.04.01.05,022,Aircraft General Knowledge — Instrumentation,MED,N,,3,agent_tasklist.md,0,DRAFT_DONE,Explain the importance of monitoring the FMAs and announcing mode changes at all times (including when selecting a new mode) and why only certain mode changes will be accompanied by an aural notification or additional visual cues.
022.06.04.01.06,022,Aircraft General Knowledge — Instrumentation,MED,N,,3,agent_tasklist.md,0,DRAFT_DONE,"Describe the consequences of not understanding what the FMAs imply or missing mode changes, and how it may lead to an undesirable aircraft state."
022.06.05.01.01,022,Aircraft General Knowledge — Instrumentation,MED,N,,3,agent_tasklist.md,0,DRAFT_DONE,Explain the purpose of an autoland system.
022.06.05.01.02,022,Aircraft General Knowledge — Instrumentation,MED,N,,3,agent_tasklist.md,0,DRAFT_DONE,Explain the significance of the following components required for an autoland: autopilot; autothrust; radio altimeter; ILS receivers.
022.06.05.01.03,022,Aircraft General Knowledge — Instrumentation,MED,N,,3,agent_tasklist.md,0,DRAFT_DONE,Explain the following terms (reference to CS-AWO ‘All Weather Operations’): fail-passive automatic landing system; fail-operational automatic landing system; fail-operational hybrid landing system; alert height.
022.06.05.01.04,022,Aircraft General Knowledge — Instrumentation,MED,N,,3,agent_tasklist.md,0,DRAFT_DONE,"Describe the autoland sequence including the following: FMAs regarding the landing capability of the aircraft; the significance of monitoring the FMAs to ensure the automatic arming/engagement of modes triggered by defined radio altitudes or other thresholds; in the event of a go-around, that the aircraft performs the go-around manoeuvre both by reading the FMAs and supporting those readings by raw data; during the landing phase, that ‘FLARE’ mode engages at the appropriate radio altitude, including typical time frame and actions if ‘FLARE’ does not engage; after landing, that ‘ROLL-OUT’ mode engages and the significance of disconnecting the autopilot prior to vacating the runway."
022.06.05.01.05,022,Aircraft General Knowledge — Instrumentation,MED,N,,3,agent_tasklist.md,0,DRAFT_DONE,Explain that there are operational limitations in order to legally perform an autoland beyond the technical capability of the aircraft.
022.06.05.01.06,022,Aircraft General Knowledge — Instrumentation,MED,N,,3,agent_tasklist.md,0,DRAFT_DONE,"Explain the purpose and significance of alert height, describe the indications and implications, and consider typical pilot actions for a failure situation: above the alert height; below the alert height."
022.06.05.01.07,022,Aircraft General Knowledge — Instrumentation,MED,N,,3,agent_tasklist.md,0,DRAFT_DONE,"Describe typical failures that, if occurring below the alert height, will trigger a warning: all autopilots disengage; loss of ILS signal or components thereof; excessive ILS deviations; radio-altimeter failure."
022.06.05.01.08,022,Aircraft General Knowledge — Instrumentation,MED,N,,3,agent_tasklist.md,0,DRAFT_DONE,"Describe how the failure of various systems, including systems not directly involved in the autoland process, can influence the ability to perform an autoland or affect the minima down to which the approach may be conducted."
022.06.05.01.09,022,Aircraft General Knowledge — Instrumentation,MED,N,,3,agent_tasklist.md,0,DRAFT_DONE,Describe the fail-operational hybrid landing system as a primary fail-passive automatic landing system with a secondary independent guidance system such as a head-up display (HUD) to enable the pilot to complete a manual landing if the primary system fails.
022.08.01.01.01,022,Aircraft General Knowledge — Instrumentation,MED,N,,3,agent_tasklist.md,0,DRAFT_DONE,"Explain the purpose of the trim system and describe the layout with one trim system for each control axis, depending on the complexity of the aircraft."
022.08.01.01.02,022,Aircraft General Knowledge — Instrumentation,MED,N,,3,agent_tasklist.md,0,DRAFT_DONE,"Give examples of trim indicators and their function, and explain the significance of a ‘green band/area’ for the pitch trim."
022.08.01.01.03,022,Aircraft General Knowledge — Instrumentation,MED,N,,3,agent_tasklist.md,0,DRAFT_DONE,Describe and explain an automatic pitch-trim system for a conventional aeroplane.
022.08.01.01.04,022,Aircraft General Knowledge — Instrumentation,MED,N,,3,agent_tasklist.md,0,DRAFT_DONE,"Describe and explain an automatic pitch-trim system for an FBW aeroplane and that it is also operating during manual flight; however, during certain phases it may be automatically disabled to alter the handling characteristics of the aircraft."
022.08.01.01.05,022,Aircraft General Knowledge — Instrumentation,MED,N,,3,agent_tasklist.md,0,DRAFT_DONE,Describe the consequences of manual operation on the trim wheel when the automatic pitch-trim system is engaged.
022.08.01.01.06,022,Aircraft General Knowledge — Instrumentation,MED,N,,3,agent_tasklist.md,0,DRAFT_DONE,Describe and explain the engagement and disengagement conditions of the autopilot according to trim controls.
022.08.01.01.07,022,Aircraft General Knowledge — Instrumentation,MED,N,,3,agent_tasklist.md,0,DRAFT_DONE,Define ‘Mach trim’ and state that the Mach-trim system can be independent.
022.08.01.01.08,022,Aircraft General Knowledge — Instrumentation,MED,N,,3,agent_tasklist.md,0,DRAFT_DONE,Describe the implications for the pilot in the event of a runaway trim or significant out-of-trim state.
022.08.02.01.01,022,Aircraft General Knowledge — Instrumentation,MED,N,,3,agent_tasklist.md,0,DRAFT_DONE,Explain the purpose of the yaw-damper system.
022.08.02.01.02,022,Aircraft General Knowledge — Instrumentation,MED,N,,3,agent_tasklist.md,0,DRAFT_DONE,Explain the purpose of the Dutch-roll filter (filtering of the yaw input signal).
022.08.02.01.03,022,Aircraft General Knowledge — Instrumentation,MED,N,,3,agent_tasklist.md,0,DRAFT_DONE,Explain the operation of a yaw-damper system and state the difference between a yaw-damper system and a 3-axis autopilot operation on the rudder channel.
022.08.03.01.01,022,Aircraft General Knowledge — Instrumentation,MED,N,,3,agent_tasklist.md,0,DRAFT_DONE,Explain the purpose of the FEP.
022.08.03.01.02,022,Aircraft General Knowledge — Instrumentation,MED,N,,3,agent_tasklist.md,0,DRAFT_DONE,Explain typical input parameters to the FEP: AoA; aircraft configuration; airspeed information.
022.08.03.01.03,022,Aircraft General Knowledge — Instrumentation,MED,N,,3,agent_tasklist.md,0,DRAFT_DONE,Explain the following functions of the FEP: stall protection; overspeed protection.
022.08.03.01.04,022,Aircraft General Knowledge — Instrumentation,MED,N,,3,agent_tasklist.md,0,DRAFT_DONE,"Explain how the stall-protection function and the overspeed-protection function apply to both mechanical/conventional and FBW control systems, but other functions (e.g. pitch or bank limitation) can only apply to FBW control systems."
022.09.01.01.01,022,Aircraft General Knowledge — Instrumentation,MED,N,,3,agent_tasklist.md,0,DRAFT_DONE,Describe the purpose of the autothrust system and explain how the FMAs will be the only indication on active autothrust modes.
022.09.01.01.02,022,Aircraft General Knowledge — Instrumentation,MED,N,,3,agent_tasklist.md,0,DRAFT_DONE,"Explain the operation of an autothrust system with regard to the following modes: take-off/go-around (TOGA); climb or maximum continuous thrust (MCT), N1 or EPR targeted (THR CLB, THR MCT, N1, THR HOLD, EPR); speed (SPEED, MCP SPD); idle thrust (THR IDLE, RETARD/ARM); landing (RETARD, THR IDLE)."
022.09.01.01.03,022,Aircraft General Knowledge — Instrumentation,MED,N,,3,agent_tasklist.md,0,DRAFT_DONE,Describe the two main variants of autothrust systems: mode selections available on the FCU/MCP and thrust levers move with autothrust commands; mode selections made using the thrust levers which remain static during autothrust operation.
022.09.01.01.04,022,Aircraft General Knowledge — Instrumentation,MED,N,,3,agent_tasklist.md,0,DRAFT_DONE,Explain how flight in turbulence/wind shear giving fluctuating airspeed indications may lead to the autothrust overcompensating in an oscillating manner and that manual thrust may be required to settle the airspeed. Airspeed indications/trend vectors may give an indication of appropriate thrust adjustments but any reaction should not be too aggressive.
022.09.01.01.05,022,Aircraft General Knowledge — Instrumentation,MED,N,,3,agent_tasklist.md,0,DRAFT_DONE,"Explain the threats associated with the use of autothrust resulting in the pilot losing the sense of energy awareness (e.g. speed, thrust)."
022.09.01.01.06,022,Aircraft General Knowledge — Instrumentation,MED,N,,3,agent_tasklist.md,0,DRAFT_DONE,"Explain the relationship between autopilot pitch modes and autothrust modes, and how the autopilot and autothrust will interact upon selecting modes for one of the systems."
022.09.01.01.07,022,Aircraft General Knowledge — Instrumentation,MED,N,,3,agent_tasklist.md,0,DRAFT_DONE,Explain the principles of speed control and how speed can be controlled: by varying the engine thrust; by varying the aircraft pitch.
022.09.01.01.08,022,Aircraft General Knowledge — Instrumentation,MED,N,,3,agent_tasklist.md,0,DRAFT_DONE,Explain the potential implications on speed control when the autothrust controls speed and the autopilot pitch channel has a fixed pitch target for the following mode combinations: MCP SPD/SPEED and ALT HOLD/ALT; MCP SPD/SPEED and VSP (climb); MCP SPD/SPEED and VSP (descent).
022.09.01.01.09,022,Aircraft General Knowledge — Instrumentation,MED,N,,3,agent_tasklist.md,0,DRAFT_DONE,Explain the potential implications on speed control when the autothrust has a fixed thrust target and the autopilot pitch channel controls speed for the following mode combinations: N1/THR CLB and LVL CHG/OP CLB; ARM/THR IDLE and LVL CHG/OP DES.
022.10.01.01.01,022,Aircraft General Knowledge — Instrumentation,MED,N,,3,agent_tasklist.md,0,DRAFT_DONE,Describe the purpose of a data-link transmission system.
022.10.01.01.02,022,Aircraft General Knowledge — Instrumentation,MED,N,,3,agent_tasklist.md,0,DRAFT_DONE,Compare voice communication versus data-link transmission systems.
022.10.01.01.03,022,Aircraft General Knowledge — Instrumentation,MED,N,,3,agent_tasklist.md,0,DRAFT_DONE,Describe the communication links that are used in aircraft: high-frequency (HF) communications; very high-frequency (VHF) communications; satellite communications (SATCOM).
022.10.01.01.04,022,Aircraft General Knowledge — Instrumentation,MED,N,,3,agent_tasklist.md,0,DRAFT_DONE,Consider the properties of the communication links with regard to: signal quality; range/area coverage; range; line-of-sight limitations; quality of the signal received; interference due to ionospheric conditions; data transmission speed.
022.10.01.01.05,022,Aircraft General Knowledge — Instrumentation,MED,N,,3,agent_tasklist.md,0,DRAFT_DONE,Define and explain the following terms in relation to aircraft data-link communications: message/data uplink; message/data downlink.
022.10.01.02.01,022,Aircraft General Knowledge — Instrumentation,MED,N,,3,agent_tasklist.md,0,DRAFT_DONE,Describe the purpose of the ACARS network.
022.10.01.02.02,022,Aircraft General Knowledge — Instrumentation,MED,N,,3,agent_tasklist.md,0,DRAFT_DONE,Describe the systems using the ACARS network through the air traffic service unit (ATSU) suite: aeronautical/airline operational control (AOC); air traffic control (ATC).
022.10.01.02.03,022,Aircraft General Knowledge — Instrumentation,MED,N,,3,agent_tasklist.md,0,DRAFT_DONE,Explain the purpose of the following parts of the on-board equipment: ATSU communications computer; control and display unit (CDU)/multifunction control and display unit (MCDU); data communication display unit (DCDU); ATC message visual annunciator; printer.
022.10.01.02.04,022,Aircraft General Knowledge — Instrumentation,MED,N,,3,agent_tasklist.md,0,DRAFT_DONE,"Give examples of airline operations communications (AOC) data-link messages such as: out of the gate, off the ground, on the ground, into the gate (OOOI); load sheet; passenger information (connecting flights); weather reports (METAR, TAF); maintenance reports (engine exceedances); aircraft technical data; free-text messages."
022.10.01.02.05,022,Aircraft General Knowledge — Instrumentation,MED,N,,3,agent_tasklist.md,0,DRAFT_DONE,Give examples of ATC data-link messages such as: departure clearance; oceanic clearance; digital ATIS (D-ATIS); controller–pilot data-link communications (CPDLC).
022.10.02.01.01,022,Aircraft General Knowledge — Instrumentation,MED,N,,3,agent_tasklist.md,0,DRAFT_DONE,"Describe the existence of the ICAO communication, navigation, surveillance/air traffic management (CNS/ATM) concept."
022.10.02.01.02,022,Aircraft General Knowledge — Instrumentation,MED,N,,3,agent_tasklist.md,0,DRAFT_DONE,Explain the two versions of FANSs: FANS A/FANS 1 using the ACARS network; FANS B/FANS 2 using the ACARS network and the aeronautical telecommunication network (ATN).
022.10.02.01.03,022,Aircraft General Knowledge — Instrumentation,MED,N,,3,agent_tasklist.md,0,DRAFT_DONE,List and explain the following FANS A/FANS 1 applications: ATS facility notification (AFN); automatic dependent surveillance (ADS); CPDLC.
022.10.02.01.04,022,Aircraft General Knowledge — Instrumentation,MED,N,,3,agent_tasklist.md,0,DRAFT_DONE,"Compare the ADS application with the secondary surveillance radar function, and the CPDLC application with VHF communication systems."
022.10.02.01.05,022,Aircraft General Knowledge — Instrumentation,MED,N,,3,agent_tasklist.md,0,DRAFT_DONE,"State that an ATCU can use the ADS application only, or the CPDLC application only, or both of them (not including AFN)."
022.10.02.01.06,022,Aircraft General Knowledge — Instrumentation,MED,N,,3,agent_tasklist.md,0,DRAFT_DONE,Describe the AFN process for logging on with an ATCU and typical data that will be included in the message.
022.10.02.01.07,022,Aircraft General Knowledge — Instrumentation,MED,N,,3,agent_tasklist.md,0,DRAFT_DONE,Describe typical types of CPDLC messages and the typical pilot work practices when requesting or accepting a CPDLC clearance.
022.10.02.01.08,022,Aircraft General Knowledge — Instrumentation,MED,N,,3,agent_tasklist.md,0,DRAFT_DONE,"List and describe the different types of ADS contracts that are controlled by the ATCU and beyond the control of the pilot: periodic: data sent at set time intervals; on demand: data sent when requested; on event: data sent when an event occurs (e.g. heading change, climb initiated, etc.); emergency mode."
022.10.02.01.09,022,Aircraft General Knowledge — Instrumentation,MED,N,,3,agent_tasklist.md,0,DRAFT_DONE,Describe the purpose of the ADS emergency mode contract and highlight the difference to the ATCU controlled contracts.
022.11.01.01.01,022,Aircraft General Knowledge — Instrumentation,MED,N,,3,agent_tasklist.md,0,DRAFT_DONE,Explain the purpose of an FMS.
022.11.01.01.02,022,Aircraft General Knowledge — Instrumentation,MED,N,,3,agent_tasklist.md,0,DRAFT_DONE,Describe a typical dual FMS architecture including the following components: flight management computer (FMC); CDU/MCDU; cross-talk bus.
022.11.01.01.03,022,Aircraft General Knowledge — Instrumentation,MED,N,,3,agent_tasklist.md,0,DRAFT_DONE,Describe the following failures of a dual FMS architecture and explain the potential implications to the pilots: failure of one FMC; failure of one CDU/MCDU; failure of the cross-talk bus.
022.11.01.01.04,022,Aircraft General Knowledge — Instrumentation,MED,N,,3,agent_tasklist.md,0,DRAFT_DONE,Describe how the FMS integrates with other systems and gathers data in order to provide outputs depending on its level of complexity.
022.11.01.01.05,022,Aircraft General Knowledge — Instrumentation,MED,N,,3,agent_tasklist.md,0,DRAFT_DONE,Explain how the FMS may provide the following functions: navigation; lateral and vertical flight planning; performance parameters.
022.11.02.01.01,022,Aircraft General Knowledge — Instrumentation,MED,N,,3,agent_tasklist.md,0,DRAFT_DONE,"Explain the purpose of, and describe typical content of, the navigation database."
022.11.02.01.02,022,Aircraft General Knowledge — Instrumentation,MED,N,,3,agent_tasklist.md,0,DRAFT_DONE,"Describe the 28-day aeronautical information regulation and control (AIRAC) update cycle of the navigation database and explain the reason for having two navigation databases (one active, one standby) and the implication this has to the pilot."
022.11.02.01.03,022,Aircraft General Knowledge — Instrumentation,MED,N,,3,agent_tasklist.md,0,DRAFT_DONE,Explain the purpose of typical user-defined waypoints such as: latitude/longitude coordinates; place/bearing/distance (PBD); place/bearing place/bearing (PBX); place/distance (PD).
022.11.02.01.04,022,Aircraft General Knowledge — Instrumentation,MED,N,,3,agent_tasklist.md,0,DRAFT_DONE,"Explain that the pilot cannot change or overwrite any of the data in the navigation database and that any user-defined waypoints, routes and inputted data will be erased when a different database is activated."
022.11.02.01.05,022,Aircraft General Knowledge — Instrumentation,MED,N,,3,agent_tasklist.md,0,DRAFT_DONE,Explain the threats and implications to the pilot of changing the database by error either on the ground or while flying.
022.11.02.02.01,022,Aircraft General Knowledge — Instrumentation,MED,N,,3,agent_tasklist.md,0,DRAFT_DONE,"Explain the purpose of, and describe the typical content of, the aircraft performance database."
022.11.02.02.02,022,Aircraft General Knowledge — Instrumentation,MED,N,,3,agent_tasklist.md,0,DRAFT_DONE,"Explain the importance of verifying that the aircraft performance database is based on the correct data, such as engine type and aircraft variant."
022.11.02.02.03,022,Aircraft General Knowledge — Instrumentation,MED,N,,3,agent_tasklist.md,0,DRAFT_DONE,Explain that the contents of the aircraft performance database cannot be modified by the pilot.
022.11.02.02.04,022,Aircraft General Knowledge — Instrumentation,MED,N,,3,agent_tasklist.md,0,DRAFT_DONE,Explain the purpose of performance factor and how it influences the calculations.
022.11.02.02.05,022,Aircraft General Knowledge — Instrumentation,MED,N,,3,agent_tasklist.md,0,DRAFT_DONE,Explain the purpose of cost index (CI) and how it influences the calculations.
022.11.03.01.01,022,Aircraft General Knowledge — Instrumentation,MED,N,,3,agent_tasklist.md,0,DRAFT_DONE,Describe typical data that may be provided by the FMS: lateral and vertical navigation guidance; present position; time predictions; fuel predictions; altitude/flight level predictions.
022.11.03.01.02,022,Aircraft General Knowledge — Instrumentation,MED,N,,3,agent_tasklist.md,0,DRAFT_DONE,Explain how the FMS will use a combination of inputted/database and measured data in order to calculate projections and provide output data.
022.11.03.01.03,022,Aircraft General Knowledge — Instrumentation,MED,N,,3,agent_tasklist.md,0,DRAFT_DONE,Explain the issues and threats using inputted/database data and give examples of consequences of inputting data incorrectly/using incorrect data.
022.11.03.01.04,022,Aircraft General Knowledge — Instrumentation,MED,N,,3,agent_tasklist.md,0,DRAFT_DONE,Describe fuel consumption calculations during standard operations and explain typical data that will have an influence on the accuracy of the calculations.
022.11.03.01.05,022,Aircraft General Knowledge — Instrumentation,MED,N,,3,agent_tasklist.md,0,DRAFT_DONE,"Explain the implications on the accuracy of the calculations during flight in abnormal configurations (such as engine out, gear down, flaps extended, spoilers extended, etc.) if the FMS is unable to detect the failure."
022.11.03.01.06,022,Aircraft General Knowledge — Instrumentation,MED,N,,3,agent_tasklist.md,0,DRAFT_DONE,Describe and explain the purpose of an FMS having dedicated radio-navigation receivers that it will tune automatically.
022.11.03.01.07,022,Aircraft General Knowledge — Instrumentation,MED,N,,3,agent_tasklist.md,0,DRAFT_DONE,Explain typical position inputs to an FMS: GPS; IRS; DME; VOR; LOC; runway threshold (RWY THR).
022.11.03.01.08,022,Aircraft General Knowledge — Instrumentation,MED,N,,3,agent_tasklist.md,0,DRAFT_DONE,"Explain how the FMS will create its own FMS position fix and that the FMS calculations will be based on the FMS position. Depending on the type of system, the FMS position may be calculated from: a single source of position data where the most accurate data available at a given time will be used; multiple sources from which a position will be derived using the combined inputs."
022.11.03.01.09,022,Aircraft General Knowledge — Instrumentation,MED,N,,3,agent_tasklist.md,0,DRAFT_DONE,"Explain the implications of a reduction in available position inputs to the FMS, especially GPS in relation to the capability of performing RNP/PBN approaches."
022.11.03.01.10,022,Aircraft General Knowledge — Instrumentation,MED,N,,3,agent_tasklist.md,0,DRAFT_DONE,"Explain the difference between following the FMS data compared to following raw data from radio-navigation receivers and describe how there may be limitations for using FMS data as primary source to follow an instrument approach procedure (IAP) such as LOC, VOR or NDB."
022.11.04.01.01,022,Aircraft General Knowledge — Instrumentation,MED,N,,3,agent_tasklist.md,0,DRAFT_DONE,Describe the purpose of a CDU/MCDU.
022.11.04.01.02,022,Aircraft General Knowledge — Instrumentation,MED,N,,3,agent_tasklist.md,0,DRAFT_DONE,Describe the typical layout of a CDU/MCDU and the general purpose of the following: screen; line select keys; menu select keys; alphanumerical keys.
022.11.04.01.03,022,Aircraft General Knowledge — Instrumentation,MED,N,,3,agent_tasklist.md,0,DRAFT_DONE,Explain the function of the ‘scratchpad’ part of the screen.
022.11.04.01.04,022,Aircraft General Knowledge — Instrumentation,MED,N,,3,agent_tasklist.md,0,DRAFT_DONE,"Describe how input of some data is compulsory for the function of the FMS and other data is optional, and that different symbology is used to highlight this: rectangular boxes = compulsory information; dashed line = optional information."
022.11.04.01.05,022,Aircraft General Knowledge — Instrumentation,MED,N,,3,agent_tasklist.md,0,DRAFT_DONE,"Describe a typical FMS pre-flight set-up process through the CDU/MCDU to cover the most basic information (with the aim to create awareness of required information as this is irrespective of aircraft type and FMS/FMGS make): ident page (who am I = aircraft type/variant, engine type/rating and appropriate navigation database); position initialisation (where am I = position for aligning the IRS and FMS position); route initialisation (where am I going to = place of departure/destination and alternate(s)); route programming (how will I get there = SIDs, STARS, route (company or otherwise)); performance initialisation (when will I arrive = weights, flap setting, FLEX/assumed temperature/derate, take-off speeds)."
022.12.01.01.01,022,Aircraft General Knowledge — Instrumentation,MED,N,,3,agent_tasklist.md,0,DRAFT_DONE,"State definitions, category, criteria and characteristics of alerting systems according to CS-25/AMC 25.1322 for aeroplanes and CS-29 for helicopters as appropriate."
022.12.02.01.01,022,Aircraft General Knowledge — Instrumentation,MED,N,,3,agent_tasklist.md,0,DRAFT_DONE,State the annunciations given by the FWS and typical location for the annunciator(s): master warning; master caution; advisory.
022.12.02.01.02,022,Aircraft General Knowledge — Instrumentation,MED,N,,3,agent_tasklist.md,0,DRAFT_DONE,Explain master warning: colour of annunciator: red; nature of aural alerts: continuous; typical failure scenarios triggering the alert.
022.12.02.01.03,022,Aircraft General Knowledge — Instrumentation,MED,N,,3,agent_tasklist.md,0,DRAFT_DONE,Explain master caution: colour of the annunciator: amber or yellow; nature of aural alerts: attention-getter; typical failure scenarios triggering the alert.
022.12.02.01.04,022,Aircraft General Knowledge — Instrumentation,MED,N,,3,agent_tasklist.md,0,DRAFT_DONE,Describe a typical procedure following a master warning or master caution alert: acknowledging the failure; silencing the aural warning; initiating the appropriate response/procedure.
022.12.02.01.05,022,Aircraft General Knowledge — Instrumentation,MED,N,,3,agent_tasklist.md,0,DRAFT_DONE,"Explain advisory: colour of the annunciator: any other than red, amber, yellow or green; absence of aural alert; typical scenarios triggering the advisory."
022.12.03.01.01,022,Aircraft General Knowledge — Instrumentation,MED,N,,3,agent_tasklist.md,0,DRAFT_DONE,Describe the function of an SWS and explain why the warning must be unique.
022.12.03.01.02,022,Aircraft General Knowledge — Instrumentation,MED,N,,3,agent_tasklist.md,0,DRAFT_DONE,Describe the different types of SWSs.
022.12.03.01.03,022,Aircraft General Knowledge — Instrumentation,MED,N,,3,agent_tasklist.md,0,DRAFT_DONE,List the main components of an SWS.
022.12.03.01.04,022,Aircraft General Knowledge — Instrumentation,MED,N,,3,agent_tasklist.md,0,DRAFT_DONE,Explain the difference between the stall warning speed and the actual stalling speed of the aeroplane.
022.12.04.01.01,022,Aircraft General Knowledge — Instrumentation,MED,N,,3,agent_tasklist.md,0,DRAFT_DONE,Describe the function of a stall protection system.
022.12.04.01.02,022,Aircraft General Knowledge — Instrumentation,MED,N,,3,agent_tasklist.md,0,DRAFT_DONE,Describe the different types of stall protection systems including the difference between mechanical and FBW controls.
022.12.04.01.03,022,Aircraft General Knowledge — Instrumentation,MED,N,,3,agent_tasklist.md,0,DRAFT_DONE,Explain the difference between an SWS and a stall protection system.
022.12.05.01.01,022,Aircraft General Knowledge — Instrumentation,MED,N,,3,agent_tasklist.md,0,DRAFT_DONE,Explain the purpose of an overspeed warning system (VMO/MMO pointer).
022.12.05.01.02,022,Aircraft General Knowledge — Instrumentation,MED,N,,3,agent_tasklist.md,0,DRAFT_DONE,"State that for large aeroplanes, an aural warning must be associated to the overspeed warning if an electronic display is used (see AMC 25.11, paragraph 10.b(2), p. 2-GEN-22)."
022.12.05.01.03,022,Aircraft General Knowledge — Instrumentation,MED,N,,3,agent_tasklist.md,0,DRAFT_DONE,"Describe and give examples of VMO/MMO pointer: barber’s/barber pole pointer, barber’s/barber pole vertical scale."
022.12.06.01.01,022,Aircraft General Knowledge — Instrumentation,MED,N,,3,agent_tasklist.md,0,DRAFT_DONE,"Explain the purpose of a take-off warning system and list the typical abnormal situations which generate a warning (see AMC 25.703, paragraphs 4 and 5)."
022.12.07.01.01,022,Aircraft General Knowledge — Instrumentation,MED,N,,3,agent_tasklist.md,0,DRAFT_DONE,Describe the function of an altitude alert system.
022.12.07.01.02,022,Aircraft General Knowledge — Instrumentation,MED,N,,3,agent_tasklist.md,0,DRAFT_DONE,Describe different types of displays and possible alerts.
022.12.08.01.01,022,Aircraft General Knowledge — Instrumentation,MED,N,,3,agent_tasklist.md,0,DRAFT_DONE,Explain the purpose of a low-altitude radio altimeter.
022.12.08.01.02,022,Aircraft General Knowledge — Instrumentation,MED,N,,3,agent_tasklist.md,0,DRAFT_DONE,Describe the principle of the distance (height) measurement.
022.12.08.01.03,022,Aircraft General Knowledge — Instrumentation,MED,N,,3,agent_tasklist.md,0,DRAFT_DONE,Describe the different types of radio-altimeter displays.
022.12.08.01.04,022,Aircraft General Knowledge — Instrumentation,MED,N,,3,agent_tasklist.md,0,DRAFT_DONE,Describe how the radio altimeter provides input to other systems and how a radio-altimeter failure may impact on the functioning of these systems.
022.12.08.01.05,022,Aircraft General Knowledge — Instrumentation,MED,N,,3,agent_tasklist.md,0,DRAFT_DONE,State the range of a radio altimeter.
022.12.08.01.06,022,Aircraft General Knowledge — Instrumentation,MED,N,,3,agent_tasklist.md,0,DRAFT_DONE,Explain the potential implications of a faulty radio-altimeter and how this in particular may affect the following systems: autothrust (flare/retard); ground-proximity warning systems (GPWSs).
022.12.09.01.01,022,Aircraft General Knowledge — Instrumentation,MED,N,,3,agent_tasklist.md,0,DRAFT_DONE,Explain the purpose of GPWSs.
022.12.09.01.02,022,Aircraft General Knowledge — Instrumentation,MED,N,,3,agent_tasklist.md,0,DRAFT_DONE,Explain inputs and outputs of a GPWS and describe its operating principle.
022.12.09.01.03,022,Aircraft General Knowledge — Instrumentation,MED,N,,3,agent_tasklist.md,0,DRAFT_DONE,List and describe the different modes of operation of a GPWS.
022.12.09.02.01,022,Aircraft General Knowledge — Instrumentation,MED,N,,3,agent_tasklist.md,0,DRAFT_DONE,"Explain the purpose of a TAWS for aeroplanes and of a HTAWS for helicopters, and explain the difference from a GPWS."
022.12.09.02.02,022,Aircraft General Knowledge — Instrumentation,MED,N,,3,agent_tasklist.md,0,DRAFT_DONE,Explain inputs and outputs of a TAWS/HTAWS and describe its working principle.
022.12.09.02.03,022,Aircraft General Knowledge — Instrumentation,MED,N,,3,agent_tasklist.md,0,DRAFT_DONE,Give examples of terrain displays and list the different possible alerts.
022.12.09.02.04,022,Aircraft General Knowledge — Instrumentation,MED,N,,3,agent_tasklist.md,0,DRAFT_DONE,"Give examples of time response left to the pilot according to look-ahead distance, speed and aircraft performances."
022.12.09.02.05,022,Aircraft General Knowledge — Instrumentation,MED,N,,3,agent_tasklist.md,0,DRAFT_DONE,Explain why the TAWS/HTAWS must be coupled to a precise-position sensor.
022.12.09.02.06,022,Aircraft General Knowledge — Instrumentation,MED,N,,3,agent_tasklist.md,0,DRAFT_DONE,Explain the possibility of triggering spurious TAWS/HTAWS warnings as a result of mismanaging the flight path in the proximity to obstacles: high rate of descent; high airspeed; a combination of high rate of descent and high airspeed.
022.12.10.01.01,022,Aircraft General Knowledge — Instrumentation,MED,N,,3,agent_tasklist.md,0,DRAFT_DONE,State that ACAS II is an ICAO standard for anti-collision purposes.
022.12.10.01.02,022,Aircraft General Knowledge — Instrumentation,MED,N,,3,agent_tasklist.md,0,DRAFT_DONE,Explain that ACAS II is an anti-collision system and does not guarantee any specific separation.
022.12.10.01.03,022,Aircraft General Knowledge — Instrumentation,MED,N,,3,agent_tasklist.md,0,DRAFT_DONE,Describe the purpose of an ACAS II system as an anti-collision system.
022.12.10.01.04,022,Aircraft General Knowledge — Instrumentation,MED,N,,3,agent_tasklist.md,0,DRAFT_DONE,Describe the following outputs from a TCAS: other intruders; proximate intruders; traffic advisory (TA); resolution advisory (RA).
022.12.10.01.05,022,Aircraft General Knowledge — Instrumentation,MED,N,,3,agent_tasklist.md,0,DRAFT_DONE,"State that ACAS II will issue commands in the vertical plane only (climb, descent or maintain), and that the commands are complied with as a manual manoeuvre."
022.12.10.01.06,022,Aircraft General Knowledge — Instrumentation,MED,N,,3,agent_tasklist.md,0,DRAFT_DONE,Explain that an RA may or may not require any active control input and the implications of reacting instinctively without awareness of actual control inputs required to comply with the RA.
022.12.10.01.07,022,Aircraft General Knowledge — Instrumentation,MED,N,,3,agent_tasklist.md,0,DRAFT_DONE,"Explain that if two aircraft are fitted with ACAS II, the RA will be coordinated."
022.12.10.01.08,022,Aircraft General Knowledge — Instrumentation,MED,N,,3,agent_tasklist.md,0,DRAFT_DONE,State that ACAS II equipment can take into account several threats simultaneously.
022.12.10.01.09,022,Aircraft General Knowledge — Instrumentation,MED,N,,3,agent_tasklist.md,0,DRAFT_DONE,State that a detected aircraft without altitude-reporting can only generate a TA; describe typical type of traffic and how this can create distractions during flight in certain areas of significant air traffic activity.
022.12.10.01.10,022,Aircraft General Knowledge — Instrumentation,MED,N,,3,agent_tasklist.md,0,DRAFT_DONE,"Describe the interaction between the TCAS II system and the transponder, radio altimeter and the air-data computer: antenna used; computer and links with radio altimeter, air-data computer and mode-S transponder."
022.12.10.01.11,022,Aircraft General Knowledge — Instrumentation,MED,N,,3,agent_tasklist.md,0,DRAFT_DONE,Explain the principle of TCAS II interrogations.
022.12.10.01.12,022,Aircraft General Knowledge — Instrumentation,MED,N,,3,agent_tasklist.md,0,DRAFT_DONE,State the typical standard detection range for TCAS II: 35–40 NM horizontally; approximately 2 000 ft above and below (any setting); extension to approximately 10 000 ft above (ABV selected) or approximately 10 000 ft below (BLW selected).
022.12.10.01.13,022,Aircraft General Knowledge — Instrumentation,MED,N,,3,agent_tasklist.md,0,DRAFT_DONE,Explain the principle of ‘reduced surveillance’.
022.12.10.01.14,022,Aircraft General Knowledge — Instrumentation,MED,N,,3,agent_tasklist.md,0,DRAFT_DONE,Explain that in high-density traffic areas the range may automatically be decreased in order to enable detection of the threats in the proximity of the aircraft due to a limitation of the maximum number of possible intruders the system is able to process.
022.12.10.01.15,022,Aircraft General Knowledge — Instrumentation,MED,N,,3,agent_tasklist.md,0,DRAFT_DONE,Identify the equipment which an intruder must be fitted with in order to be detected by TCAS II.
022.12.10.01.16,022,Aircraft General Knowledge — Instrumentation,MED,N,,3,agent_tasklist.md,0,DRAFT_DONE,"Explain in the anti-collision process: the criteria used to trigger an alarm (TA or RA) are the time to reach the closest point of approach (CPA) (called TAU) and the difference of altitude; an intruder will be classified as ‘proximate’ when being less than 6 NM and 1 200 ft from the TCAS-equipped aircraft; the time limit to CPA is different depending on aircraft altitude, is linked to a sensitivity level (SL), and state that the value to trigger an RA is from 15 to 35 seconds; in case of an RA, the intended vertical separation varies from 300 to 600 ft (700 ft above FL420), depending on the SL; below 1 000 ft above ground, no RA can be generated; below 1 450 ft (radio-altimeter value) ‘increase descent’ RA is inhibited; at high altitude, performances of the type of aircraft are taken into account to inhibit ‘climb’ and ‘increase climb’ RA."
022.12.10.01.17,022,Aircraft General Knowledge — Instrumentation,MED,N,,3,agent_tasklist.md,0,DRAFT_DONE,"List and interpret the following information available from TCAS: the different possible statuses of a detected aircraft: ‘other’, ‘proximate’, ‘intruder’; the appropriate graphic symbols and their position on the horizontal display; different aural warnings."
022.12.10.01.18,022,Aircraft General Knowledge — Instrumentation,MED,N,,3,agent_tasklist.md,0,DRAFT_DONE,"Explain the indications of a TA and an RA and how an RA will generate a red area on the VSI. Some variants will also include a green area. To manoeuvre the aircraft to comply with the RA, the pilot should ‘avoid the red’ or ‘fly the green’."
022.12.10.01.19,022,Aircraft General Knowledge — Instrumentation,MED,N,,3,agent_tasklist.md,0,DRAFT_DONE,Explain that the pilot must not interpret the horizontal track of an intruder upon the display.
022.13.01.01.01,022,Aircraft General Knowledge — Instrumentation,MED,N,,3,agent_tasklist.md,0,DRAFT_DONE,"List the different technologies used, e.g. CRT and LCD, and the associated limitations: cockpit temperature; glare; resolution."
022.13.02.01.01,022,Aircraft General Knowledge — Instrumentation,MED,N,,3,agent_tasklist.md,0,DRAFT_DONE,Describe an ADI and an HSI.
022.13.02.01.02,022,Aircraft General Knowledge — Instrumentation,MED,N,,3,agent_tasklist.md,0,DRAFT_DONE,List all the information that can be displayed on either instrument.
022.13.03.01.01,022,Aircraft General Knowledge — Instrumentation,MED,N,,3,agent_tasklist.md,0,DRAFT_DONE,List the following parts of an EFIS: control panel; display units; symbol generator; remote light sensor.
022.13.03.01.02,022,Aircraft General Knowledge — Instrumentation,MED,N,,3,agent_tasklist.md,0,DRAFT_DONE,Describe the typical layout of the EFIS display units and how there may be a facility to transfer the information from one display unit on to another if a display unit fails.
022.13.03.01.03,022,Aircraft General Knowledge — Instrumentation,MED,N,,3,agent_tasklist.md,0,DRAFT_DONE,"Explain the need for standby instruments to supplement the EFIS in the event of all the display units failing and the challenge of using these standby instruments, namely their size and position on the flight deck."
022.13.03.01.04,022,Aircraft General Knowledge — Instrumentation,MED,N,,3,agent_tasklist.md,0,DRAFT_DONE,"Explain the difference between a symbol generator failing and a display unit failing, and the implications if there are redundant symbol generators available."
022.13.03.01.05,022,Aircraft General Knowledge — Instrumentation,MED,N,,3,agent_tasklist.md,0,DRAFT_DONE,"Describe the purpose of an EFIS control panel and typical selections that may be available: altimeter pressure setting; navigation display (ND) mode selector; ND range selector; ND data selector (waypoints, facilities, constraints, data, etc.); radio-navigation aids selector (VOR 1/2 or ADF 1/2); decision altitude (DA)/decision height (DH) selection."
022.13.03.02.01,022,Aircraft General Knowledge — Instrumentation,MED,N,,3,agent_tasklist.md,0,DRAFT_DONE,"Describe that a PFD (or an EADI) presents a dynamic colour display of all the parameters necessary to control the aircraft, and that the main layout conforms with the ‘basic T’ principle: attitude information in the centre; airspeed information on the left; altitude information on the right; heading/track indication lower centre; flight mode annunciation; basic T; take-off and landing reference speeds; minimum airspeed; lower selectable airspeed; Mach number."
022.13.03.02.02,022,Aircraft General Knowledge — Instrumentation,MED,N,,3,agent_tasklist.md,0,DRAFT_DONE,Describe the typical design of the attitude information: artificial horizon with aircraft symbol; superimposed flight director command bars.
022.13.03.02.03,022,Aircraft General Knowledge — Instrumentation,MED,N,,3,agent_tasklist.md,0,DRAFT_DONE,Describe the typical design of the speed tape: rolling speed scale with numerical read-out of current speed; limiting airspeeds according to configuration; speed trend vector; bug/indication for selected airspeed.
022.13.03.02.04,022,Aircraft General Knowledge — Instrumentation,MED,N,,3,agent_tasklist.md,0,DRAFT_DONE,Explain the Mach number indications and how a selected Mach number is presented with the speed bug on a corresponding IAS on the speed tape with the Mach number shown as a numerical indication outside the speed tape.
022.13.03.02.05,022,Aircraft General Knowledge — Instrumentation,MED,N,,3,agent_tasklist.md,0,DRAFT_DONE,Describe the typical design of the altitude information: rolling altitude scale with numerical read-out of current altitude; altimeter pressure setting; bug/indication for selected altitude; means of highlighting the altitude if certain criteria are met.
022.13.03.02.06,022,Aircraft General Knowledge — Instrumentation,MED,N,,3,agent_tasklist.md,0,DRAFT_DONE,Describe the typical design of the heading/track information: rolling compass scale/rose with numerical read-out of current heading/track; bug/indication for selected heading/track.
022.13.03.02.07,022,Aircraft General Knowledge — Instrumentation,MED,N,,3,agent_tasklist.md,0,DRAFT_DONE,"Describe the typical design and location of the following information: flight mode annunciators (FMAs); vertical speed indicator including TCAS RA command indications; radio altitude; ILS localiser/glideslope and RNP/PBN, GBAS or SBAS horizontal/vertical flight path deviation indicator; decision altitude/height (DA/H)."
022.13.03.03.01,022,Aircraft General Knowledge — Instrumentation,MED,N,,3,agent_tasklist.md,0,DRAFT_DONE,Describe that an ND (or an EHSI) provides a mode-selectable colour flight ND.
022.13.03.03.02,022,Aircraft General Knowledge — Instrumentation,MED,N,,3,agent_tasklist.md,0,DRAFT_DONE,List the following four modes typically available to be displayed on an ND unit: MAP (or ARC); VOR (or ROSE VOR); APP (or ROSE LS); PLAN.
022.13.03.03.03,022,Aircraft General Knowledge — Instrumentation,MED,N,,3,agent_tasklist.md,0,DRAFT_DONE,"List and explain the following information that can be displayed with the MAP (or ARC) mode selected on an ND unit: aircraft symbol, compass scale and range markers; current heading and track (either one may be ‘up’ depending on selection), true or magnetic; selected heading and track; TAS/GS; wind direction and speed (W/V); raw data radio magnetic indicator (RMI) needles/pointers for VOR/automatic direction-finding equipment (ADF), if selected, including the frequency or ident of the selected navigation facility; route/flight plan data from the FMS; TO/next waypoint data from the FMS; data from the navigation database such as airports, waypoints or navigation facilities as selected; weather radar information; TCAS traffic information (no TCAS commands); TAWS (EGPWS) terrain information; failure flags and messages."
022.13.03.03.04,022,Aircraft General Knowledge — Instrumentation,MED,N,,3,agent_tasklist.md,0,DRAFT_DONE,"List and explain the following information that can be displayed with the VOR or APP (or ROSE VOR or ROSE LS) mode selected on an ND unit: aircraft symbol and compass scale; current heading and track (either one may be ‘up’ depending on selection), true or magnetic; selected heading and track; TAS/ground speed (GS); wind direction and speed (W/V); VOR or ILS frequency and identification of the selected navigation aid; VOR selected course, deviation indicator and a TO/FROM indicator in a HSI-type display format when in VOR mode; localiser selected course, deviation indicator and glideslope indicator in a HSI-type display format when in APP mode. weather radar information; TCAS traffic information (no TCAS commands); TAWS (EGPWS) terrain information; failure flags and messages."
022.13.03.03.05,022,Aircraft General Knowledge — Instrumentation,MED,N,,3,agent_tasklist.md,0,DRAFT_DONE,"List and explain the following information that can be displayed with the PLAN mode selected on an ND unit: north-up compass rose and range markers; aircraft symbol oriented according to aircraft heading; TAS/GS; wind direction and speed (W/V); route/flight plan data from the FMS; TO/next waypoint data from the FMS; data from the navigation database such as airports, waypoints or navigation facilities as selected; failure flags and messages."
022.13.03.03.06,022,Aircraft General Knowledge — Instrumentation,MED,N,,3,agent_tasklist.md,0,DRAFT_DONE,Explain the purpose of PLAN mode and its characteristics such as: no compass information; north is up on the display unit at all times; the centre waypoint is the selected waypoint on the FMS CDU; scrolling through the flight plan on the FMS CDU will shift the map view along the flight path; the aircraft symbol will be positioned in the appropriate place along the flight path; using PLAN mode as the primary mode during flight may lead to disorientation and loss of situational awareness.
022.13.03.03.07,022,Aircraft General Knowledge — Instrumentation,MED,N,,3,agent_tasklist.md,0,DRAFT_DONE,Distinguish the difference between the appearance of an EXPANDED or FULL/ROSE mode and how the displayed range differs between them.
022.13.03.03.08,022,Aircraft General Knowledge — Instrumentation,MED,N,,3,agent_tasklist.md,0,DRAFT_DONE,Explain the combination of mode and range selection including how selecting the appropriate range and displayed data can improve situational awareness for a given phase of flight.
022.13.04.01.01,022,Aircraft General Knowledge — Instrumentation,MED,N,,3,agent_tasklist.md,0,DRAFT_DONE,State the purpose of the following systems: engine instruments centralised display unit; crew alerting system/aircraft display unit; facility for appropriate on-screen checklists; that the aircraft systems display unit enables the display of normal and degraded modes of operation of the aircraft systems; that the systems/aircraft display unit is able to show pictorial systems diagrams/schematics and associated parameters.
022.13.04.01.02,022,Aircraft General Knowledge — Instrumentation,MED,N,,3,agent_tasklist.md,0,DRAFT_DONE,Describe the similarities to EFIS with regard to basic system architecture.
022.13.04.01.03,022,Aircraft General Knowledge — Instrumentation,MED,N,,3,agent_tasklist.md,0,DRAFT_DONE,"Give the following different names by which engine parameters, crew warnings, aircraft systems and procedures display systems are known: multifunction display unit (MFDU); engine indication and crew alerting systems (EICASs); engine and warning display (EWD); electronic centralised aircraft monitor (ECAM); systems display (S/D)."
022.13.04.01.07,022,Aircraft General Knowledge — Instrumentation,MED,N,,3,agent_tasklist.md,0,DRAFT_DONE,Explain why awareness of the consequences of the actions commanded by the automatic checklist is required.
022.13.04.01.08,022,Aircraft General Knowledge — Instrumentation,MED,N,,3,agent_tasklist.md,0,DRAFT_DONE,Explain the limited ability of the computer to assess a situation other than using the exceedance of certain thresholds to trigger the main and subsequent events and programmed actions.
022.13.04.01.09,022,Aircraft General Knowledge — Instrumentation,MED,N,,3,agent_tasklist.md,0,DRAFT_DONE,"Describe an appropriate procedure for following an on-screen checklist associated with a failure scenario including the following: confirm the failure with the other flight crew member prior to performing any of the actions; seek confirmation prior to manipulating any guarded switches or thrust levers; follow the checklist slowly and methodically; assess the possible implications of making certain selections, such as opening the fuel cross-feed if there is a fuel leak even though the electronic checklist may ask for the action."
022.13.06.01.01,022,Aircraft General Knowledge — Instrumentation,MED,N,,3,agent_tasklist.md,0,DRAFT_DONE,Explain the purpose of the EFB and list typical equipment: computer laptop; tablet device; integrated avionics suite in the aircraft.
022.13.06.01.02,022,Aircraft General Knowledge — Instrumentation,MED,N,,3,agent_tasklist.md,0,DRAFT_DONE,"Describe the ‘class’ hardware certification: portable: portable electronic device (PED) that can be used inside or outside the aircraft, is not part of the certified aircraft configuration and does not require tools to remove it from the flight-deck cradle, if one exists; installed: an electronic device that is considered an aircraft part covered by the aircraft airworthiness approval, thus is a minimum equipment list (MEL) item in the event of failure."
022.13.06.01.03,022,Aircraft General Knowledge — Instrumentation,MED,N,,3,agent_tasklist.md,0,DRAFT_DONE,Describe the ‘type’ software certification: type A: applications whose misuse or malfunctions have no adverse effect on flight safety; type B: applications for which evaluation of the hazards presented by misuse or malfunctions is required.
022.13.06.01.04,022,Aircraft General Knowledge — Instrumentation,MED,N,,3,agent_tasklist.md,0,DRAFT_DONE,Explain implications of malfunctions with the EFB installation in a fully electronic flight-deck environment: mass and balance calculations; performance calculations; access to charts; access to manuals.
022.13.07.01.01,022,Aircraft General Knowledge — Instrumentation,MED,N,,3,agent_tasklist.md,0,DRAFT_DONE,State the components of a typical HUD installation: HUD projector and stowable combiner; HUD controls such as declutter and dimmer; HUD computer.
022.13.07.01.02,022,Aircraft General Knowledge — Instrumentation,MED,N,,3,agent_tasklist.md,0,DRAFT_DONE,Explain the reasons and benefits of having an HUD: increased situational awareness due to reduced need to look inside to view primary flight information; lower minima for both departure and landing; improved accuracy of flying thus reduced susceptibility to enter a state of aircraft upset.
022.13.07.01.03,022,Aircraft General Knowledge — Instrumentation,MED,N,,3,agent_tasklist.md,0,DRAFT_DONE,"Describe how the HUD replicates the information on the primary flight display (PFD) by showing the following data: altitude; speed, including speed trend; heading; flight path vector (track and vertical flight path); flight mode annunciator (FMA); CAS, TAWS and wind shear command annunciations."
022.13.07.01.04,022,Aircraft General Knowledge — Instrumentation,MED,N,,3,agent_tasklist.md,0,DRAFT_DONE,Describe the following modes of operation of an HUD: normal display mode that may automatically adapt the information based on the phase of flight; declutter function.
022.13.07.01.05,022,Aircraft General Knowledge — Instrumentation,MED,N,,3,agent_tasklist.md,0,DRAFT_DONE,Describe the principle of SVS: an enhanced database used as reference to provide terrain and ground features to be shown on the PFD; limitations due to being a synthetic image not based on actual sensory information thus not lowering landing minima; implications if aircraft position accuracy becomes reduced.
022.13.07.01.06,022,Aircraft General Knowledge — Instrumentation,MED,N,,3,agent_tasklist.md,0,DRAFT_DONE,"Describe the principle of EVS: includes external sensors such as infrared cameras to generate a real-time image on the PFD or on the HUD; limitation of the fact that an infrared camera uses temperature and temperature difference in order to produce an image; enables lower minima because of the real-time image, thus enhancing the visibility as experienced by the pilot."
022.14.01.01.01,022,Aircraft General Knowledge — Instrumentation,MED,N,,3,agent_tasklist.md,0,DRAFT_DONE,"Describe the purpose of a CVR, its typical location, and explain the implications of knowingly erasing or tampering with any information or equipment."
022.14.01.01.02,022,Aircraft General Knowledge — Instrumentation,MED,N,,3,agent_tasklist.md,0,DRAFT_DONE,"List the main components of a CVR: a shock-resistant tape recorder or digital storage associated with an underwater locating beacon (ULB); a cockpit area microphone (CAM); a control unit with the following controls: auto/on, test and erase, and a headset jack; limited flight-deck controls such as erase and test switches."
022.14.01.01.03,022,Aircraft General Knowledge — Instrumentation,MED,N,,3,agent_tasklist.md,0,DRAFT_DONE,"List the following main parameters recorded on the CVR: voice communications transmitted from or received on the flight deck; the aural environment of the flight deck; voice communication of flight crew members using the aeroplane’s interphone system; voice or audio signals introduced into a headset or speaker; voice communication of flight crew members using the public address system, if installed."
022.14.02.01.01,022,Aircraft General Knowledge — Instrumentation,MED,N,,3,agent_tasklist.md,0,DRAFT_DONE,Describe the purpose of an FDR and its typical location.
022.14.02.01.02,022,Aircraft General Knowledge — Instrumentation,MED,N,,3,agent_tasklist.md,0,DRAFT_DONE,"List the main components of an FDR: a shock-resistant data recorder associated with a ULB; a data interface and acquisition unit; a recording system (digital flight data recorder); two control units (start sequence, event mark setting); limited flight-deck controls, but includes an event switch."
022.14.02.01.03,022,Aircraft General Knowledge — Instrumentation,MED,N,,3,agent_tasklist.md,0,DRAFT_DONE,"List the following main parameters recorded on the FDR: time or relative time count; attitude (pitch and roll); airspeed; pressure altitude; heading; normal acceleration; propulsive/thrust power on each engine and flight-deck thrust/power lever position, if applicable; flaps/slats configuration or flight-deck selection; ground spoilers or speed brake selection."
022.14.02.01.04,022,Aircraft General Knowledge — Instrumentation,MED,N,,3,agent_tasklist.md,0,DRAFT_DONE,State that additional parameters can be recorded according to FDR capacity and applicable operational requirements.
022.14.03.03.01,022,Aircraft General Knowledge — Instrumentation,MED,N,,3,agent_tasklist.md,0,DRAFT_DONE,State the purpose of an ACMS.
022.14.03.03.02,022,Aircraft General Knowledge — Instrumentation,MED,N,,3,agent_tasklist.md,0,DRAFT_DONE,"Describe the structure of an ACMS including: inputs: aircraft systems (such as air conditioning, autoflight, flight controls, fuel, landing gear, navigation, pneumatic, APU, engine), MCDU; data management unit; recording unit: digital recorder; outputs: printer, ACARS or ATSU."
022.14.03.03.03,022,Aircraft General Knowledge — Instrumentation,MED,N,,3,agent_tasklist.md,0,DRAFT_DONE,State that maintenance messages sent by an ACMS can be transmitted without crew notification.
022.14.03.03.04,022,Aircraft General Knowledge — Instrumentation,MED,N,,3,agent_tasklist.md,0,DRAFT_DONE,Explain that data from the ACMS can be used as part of an FDM and safety programme.
022.14.03.03.05,022,Aircraft General Knowledge — Instrumentation,MED,N,,3,agent_tasklist.md,0,DRAFT_DONE,"Explain that the FDM program collects data anonymously; however, grave exceedance of parameters may warrant a further investigation of the event by the operator."
022.14.03.03.06,022,Aircraft General Knowledge — Instrumentation,MED,N,,3,agent_tasklist.md,0,DRAFT_DONE,Explain the purpose of FDM as a system for identifying adverse safety trends and tailoring training programmes in order to enhance the overall safety of the operation.
022.15.01.01.01,022,Aircraft General Knowledge — Instrumentation,MED,N,,3,agent_tasklist.md,0,DRAFT_DONE,Define a ‘computer’ as a machine for manipulating data according to a list of instructions.
022.15.01.01.02,022,Aircraft General Knowledge — Instrumentation,MED,N,,3,agent_tasklist.md,0,DRAFT_DONE,"Explain the term ‘bus’ being used as a term for a facility (wiring, optical fibre, etc.) transferring data between different parts of a computer, both internally and externally."
022.15.01.01.03,022,Aircraft General Knowledge — Instrumentation,MED,N,,3,agent_tasklist.md,0,DRAFT_DONE,Define the terms ‘hardware’ and ‘software’.
022.15.01.01.04,022,Aircraft General Knowledge — Instrumentation,LOW,Y,,3,agent_tasklist.md,0,DRAFT_DONE,"With the help of the relevant 022 references, give examples of airborne computers and list the possible peripheral equipment for each system, such as: ADC with pitot probe(s), static port(s) and indicators; FMS with GPS, CDU/MCDU and ND; GPWS with radio altimeter, ADC and ND."
031.01.01.01.01,031,Mass and Balance,LOW,Y,,3,agent_tasklist.md,0,DRAFT_DONE,Describe the relationship between aircraft mass and structural stress. Remark: See also Subject 021 01 01 00.
031.01.01.01.02,031,Mass and Balance,LOW,Y,,3,agent_tasklist.md,0,DRAFT_DONE,Describe why mass must be limited to ensure adequate margins of strength.
031.01.01.02.01,031,Mass and Balance,MED,N,,3,agent_tasklist.md,0,DRAFT_DONE,Describe the relationship between aircraft mass and aircraft performance.
031.01.01.02.02,031,Mass and Balance,LOW,Y,,3,agent_tasklist.md,0,DRAFT_DONE,Describe why aircraft mass must be limited to ensure adequate aircraft performance.
031.01.02.01.01,031,Mass and Balance,LOW,Y,,3,agent_tasklist.md,0,DRAFT_DONE,Describe the relationship between CG position and stability/controllability of the aircraft.
031.01.02.01.02,031,Mass and Balance,MED,N,,3,agent_tasklist.md,0,DRAFT_DONE,Describe the consequences if CG is in front of the forward limit.
031.01.02.01.03,031,Mass and Balance,MED,N,,3,agent_tasklist.md,0,DRAFT_DONE,Describe the consequences if CG is behind the aft limit.
031.01.02.02.01,031,Mass and Balance,LOW,Y,,3,agent_tasklist.md,0,DRAFT_DONE,Describe the relationship between CG position and aircraft performance.
031.01.02.02.02,031,Mass and Balance,MED,N,,3,agent_tasklist.md,0,DRAFT_DONE,"Describe the effects of CG position on performance parameters (speeds, altitude, endurance and range)."
031.02.01.01.01,031,Mass and Balance,HIGH,Y,"Fuel/energy scheme (basic, RCF 3%, isolated aerodrome, extra/discretionary fuel)",3,agent_tasklist.md,0,DRAFT_DONE,Define the following mass terms: basic empty mass; dry operating mass; operating mass; take-off mass; landing mass; ramp/taxi mass; in-flight mass (gross mass); zero fuel mass.
031.02.01.02.01,031,Mass and Balance,HIGH,Y,"Fuel/energy scheme (basic, RCF 3%, isolated aerodrome, extra/discretionary fuel)",3,agent_tasklist.md,0,DRAFT_DONE,"Define the following load terms: payload/traffic load; block fuel; taxi fuel; take-off fuel; trip fuel; reserve fuel (contingency, alternate, final reserve and additional fuel); extra fuel."
031.02.01.02.02,031,Mass and Balance,MED,N,,3,agent_tasklist.md,0,DRAFT_DONE,Explain the relationship between the various load-and-mass components listed in 031 02 01 01 and 031 02 01 02.
031.02.01.02.03,031,Mass and Balance,MED,N,,3,agent_tasklist.md,0,DRAFT_DONE,Calculate the mass of particular components from other given components.
031.02.01.02.04,031,Mass and Balance,HIGH,N,"Fuel/energy scheme (basic, RCF 3%, isolated aerodrome, extra/discretionary fuel)",3,agent_tasklist.md,0,DRAFT_DONE,"Convert fuel mass, fuel volume and fuel density given in different units used in aviation."
031.02.02.01.01,031,Mass and Balance,HIGH,Y,"Fuel/energy scheme (basic, RCF 3%, isolated aerodrome, extra/discretionary fuel)",3,agent_tasklist.md,0,DRAFT_DONE,Define the maximum zero fuel mass.
031.02.02.01.02,031,Mass and Balance,LOW,Y,,3,agent_tasklist.md,0,DRAFT_DONE,Define the maximum ramp/taxi mass.
031.02.02.01.03,031,Mass and Balance,LOW,Y,,3,agent_tasklist.md,0,DRAFT_DONE,Define the maximum take-off mass.
031.02.02.01.05,031,Mass and Balance,LOW,Y,,3,agent_tasklist.md,0,DRAFT_DONE,Define the maximum landing mass.
031.02.02.02.01,031,Mass and Balance,MED,N,,3,agent_tasklist.md,0,DRAFT_DONE,Describe the following performance and regulated mass  limitations: performance-limited take-off mass; performance-limited landing mass; regulated take-off mass;  regulated landing mass.
031.02.02.03.01,031,Mass and Balance,LOW,Y,,3,agent_tasklist.md,0,DRAFT_DONE,Describe the maximum floor load (maximum load per unit of area).
031.02.02.03.02,031,Mass and Balance,LOW,Y,,3,agent_tasklist.md,0,DRAFT_DONE,Describe the maximum running load (maximum load per unit of fuselage length).
031.02.03.01.01,031,Mass and Balance,MED,N,,3,agent_tasklist.md,0,DRAFT_DONE,Calculate the maximum mass for take-off (regulated take-off mass) given mass-and-load components and structural/ performance limits.
031.02.03.01.02,031,Mass and Balance,MED,N,,3,agent_tasklist.md,0,DRAFT_DONE,Calculate the maximum mass for landing (regulated landing mass) given mass-and-load components and structural/ performance limits.
031.02.03.01.03,031,Mass and Balance,MED,N,,3,agent_tasklist.md,0,DRAFT_DONE,Calculate the allowed mass for take-off.
031.02.03.02.01,031,Mass and Balance,HIGH,N,"Fuel/energy scheme (basic, RCF 3%, isolated aerodrome, extra/discretionary fuel)",3,agent_tasklist.md,0,DRAFT_DONE,Calculate the maximum allowed traffic load and fuel load in order not to exceed the given allowed take-off mass.
031.02.03.02.02,031,Mass and Balance,MED,N,,3,agent_tasklist.md,0,DRAFT_DONE,"Calculate ‘under load’/‘over load’ given the allowed mass for take-off, operating mass and actual traffic load."
031.02.03.03.01,031,Mass and Balance,LOW,Y,,3,agent_tasklist.md,0,DRAFT_DONE,"Extract the appropriate standard masses for passengers, baggage and crew from relevant documents or operator requirements."
031.02.03.03.02,031,Mass and Balance,MED,N,,3,agent_tasklist.md,0,DRAFT_DONE,Calculate the traffic load by using standard masses.
031.04.01.01.01,031,Mass and Balance,LOW,Y,,3,agent_tasklist.md,0,DRAFT_DONE,State where the datum and moment arms for aircraft can be found.
031.04.01.01.02,031,Mass and Balance,LOW,Y,,3,agent_tasklist.md,0,DRAFT_DONE,Extract the appropriate data from given documents.
031.04.01.01.03,031,Mass and Balance,LOW,Y,,3,agent_tasklist.md,0,DRAFT_DONE,"Define ‘datum’ (reference point), ‘moment arm’ and ‘moment’."
031.04.01.02.01,031,Mass and Balance,LOW,Y,,3,agent_tasklist.md,0,DRAFT_DONE,State where the CG position for an aircraft at basic empty mass can be found.
031.04.01.02.02,031,Mass and Balance,LOW,Y,,3,agent_tasklist.md,0,DRAFT_DONE,State where the CG limits for an aircraft can be found.
031.04.01.02.03,031,Mass and Balance,MED,N,,3,agent_tasklist.md,0,DRAFT_DONE,Describe the different forms in presenting CG position as distance from datum or other references.
031.04.01.02.04,031,Mass and Balance,MED,N,,3,agent_tasklist.md,0,DRAFT_DONE,Explain the meaning of centre of gravity (CG).
031.04.01.03.01,031,Mass and Balance,MED,N,,3,agent_tasklist.md,0,DRAFT_DONE,Extract MAC information from aircraft documents.
031.04.01.03.02,031,Mass and Balance,MED,N,,3,agent_tasklist.md,0,DRAFT_DONE,Explain the principle of using per cent MAC for the description of the CG position.
031.04.01.03.03,031,Mass and Balance,MED,N,,3,agent_tasklist.md,0,DRAFT_DONE,Calculate the CG position as per cent MAC.
031.04.01.04.01,031,Mass and Balance,MED,N,,3,agent_tasklist.md,0,DRAFT_DONE,Extract the appropriate data from given sample documents.
031.04.01.06.01,031,Mass and Balance,MED,N,,3,agent_tasklist.md,0,DRAFT_DONE,"Extract the appropriate data (e.g. seating schemes, compartment dimensions and limitations) from given sample documents."
031.04.01.07.01,031,Mass and Balance,HIGH,Y,"Fuel/energy scheme (basic, RCF 3%, isolated aerodrome, extra/discretionary fuel)",3,agent_tasklist.md,0,DRAFT_DONE,Extract the appropriate data (e.g. fuel-tank capacities and fuel-tank positions) from given sample documents.
031.04.01.07.02,031,Mass and Balance,HIGH,N,"Fuel/energy scheme (basic, RCF 3%, isolated aerodrome, extra/discretionary fuel)",3,agent_tasklist.md,0,DRAFT_DONE,"Explain aircraft CG movement as flight progresses given location of fuel tank (inner wing, outer wing, central, additional aft central, horizontal stabiliser) and mass of fuel consumed from that tank and aeroplane’s previous CG."
031.04.01.07.03,031,Mass and Balance,HIGH,N,"Fuel/energy scheme (basic, RCF 3%, isolated aerodrome, extra/discretionary fuel)",3,agent_tasklist.md,0,DRAFT_DONE,Explain advantages and risks associated with fuel tanks in the aeroplane’s fin or horizontal stabiliser.
031.04.02.01.01,031,Mass and Balance,MED,N,,3,agent_tasklist.md,0,DRAFT_DONE,"Describe the general procedure and regulations relating to when an aircraft should be weighed, reweighed or data recalculated.  Remark: See the applicable operational requirements."
031.04.02.01.02,031,Mass and Balance,LOW,Y,,3,agent_tasklist.md,0,DRAFT_DONE,Extract and interpret entries from/in ‘mass (weight) report’ of an aircraft.
031.04.02.02.01,031,Mass and Balance,MED,N,,3,agent_tasklist.md,0,DRAFT_DONE,Calculate the mass and CG position of an aircraft from given reaction forces on jacking points.
031.04.03.01.01,031,Mass and Balance,LOW,Y,,3,agent_tasklist.md,0,DRAFT_DONE,Extract values for BEM or DOM from given documents.
031.04.03.02.01,031,Mass and Balance,MED,N,,3,agent_tasklist.md,0,DRAFT_DONE,Extract values for CG position and moment at BEM or DOM from given documents.
031.04.03.03.01,031,Mass and Balance,HIGH,N,"Fuel/energy scheme (basic, RCF 3%, isolated aerodrome, extra/discretionary fuel)",3,agent_tasklist.md,0,DRAFT_DONE,"Extract values from given documents for deviation from standard configuration as a result of varying crew, optional equipment, optional fuel tanks, etc."
031.05.01.01.01,031,Mass and Balance,MED,N,,3,agent_tasklist.md,0,DRAFT_DONE,Calculate the CG position of an aircraft by using the formula: CG position = sum of moments / total mass.
031.05.01.02.01,031,Mass and Balance,MED,N,,3,agent_tasklist.md,0,DRAFT_DONE,Determine the CG position of an aircraft by using the loading graphs given in sample documents.
031.05.01.03.01,031,Mass and Balance,LOW,Y,,3,agent_tasklist.md,0,DRAFT_DONE,Explain the principle of the index method.
031.05.01.03.02,031,Mass and Balance,MED,N,,3,agent_tasklist.md,0,DRAFT_DONE,"Define the terms ‘index’ and ‘dry operating index’ (DOI), and calculate the DOI given the relevant formula and data."
031.05.01.03.03,031,Mass and Balance,MED,N,,3,agent_tasklist.md,0,DRAFT_DONE,Explain the advantage(s) of the index method.
031.05.02.01.01,031,Mass and Balance,LOW,Y,,3,agent_tasklist.md,0,DRAFT_DONE,Explain the principle and the purpose of load sheets.
031.05.02.01.02,031,Mass and Balance,LOW,Y,,3,agent_tasklist.md,0,DRAFT_DONE,Explain the principle and the purpose of trim sheets.
031.05.02.02.01,031,Mass and Balance,MED,N,,3,agent_tasklist.md,0,DRAFT_DONE,Add loading data and calculate masses in a sample load sheet/balance schedule.
031.05.02.02.02,031,Mass and Balance,MED,N,,3,agent_tasklist.md,0,DRAFT_DONE,Calculate moments and CG positions.
031.05.02.02.03,031,Mass and Balance,HIGH,N,"Fuel/energy scheme (basic, RCF 3%, isolated aerodrome, extra/discretionary fuel)",3,agent_tasklist.md,0,DRAFT_DONE,"Check CG position at zero fuel mass and take-off mass to be within the CG envelope including last-minute changes, if applicable."
031.05.02.03.01,031,Mass and Balance,MED,N,,3,agent_tasklist.md,0,DRAFT_DONE,"Complete a sample load sheet to determine the ‘allowed mass for take-off’, ‘allowed traffic load’ and ‘under load’."
031.05.02.03.02,031,Mass and Balance,MED,N,,3,agent_tasklist.md,0,DRAFT_DONE,Explain the purpose of each load sheet section.
031.05.02.03.03,031,Mass and Balance,MED,N,,3,agent_tasklist.md,0,DRAFT_DONE,Explain that the purpose of boxed maximum figures in load sheet sections is to cross-check the actual and limiting mass values.
031.05.02.03.04,031,Mass and Balance,MED,N,,3,agent_tasklist.md,0,DRAFT_DONE,Complete and cross-check a sample load sheet.
031.05.02.04.01,031,Mass and Balance,MED,N,,3,agent_tasklist.md,0,DRAFT_DONE,Explain the purpose of the trim sheet and the methods to determine the CG position.
031.05.02.04.02,031,Mass and Balance,HIGH,N,"Fuel/energy scheme (basic, RCF 3%, isolated aerodrome, extra/discretionary fuel)",3,agent_tasklist.md,0,DRAFT_DONE,Check if the zero fuel mass CG or index is within the limits.
031.05.02.04.03,031,Mass and Balance,HIGH,N,"Fuel/energy scheme (basic, RCF 3%, isolated aerodrome, extra/discretionary fuel)",3,agent_tasklist.md,0,DRAFT_DONE,Determine the fuel index by using the ‘fuel index correction table’ and determine the CG position as per cent MAC.
031.05.02.04.04,031,Mass and Balance,MED,N,,3,agent_tasklist.md,0,DRAFT_DONE,Check that the take-off mass CG or index are within the limits.
031.05.02.04.05,031,Mass and Balance,MED,N,,3,agent_tasklist.md,0,DRAFT_DONE,Determine ‘stabiliser trim units’ for take-off.
031.05.02.04.06,031,Mass and Balance,MED,N,,3,agent_tasklist.md,0,DRAFT_DONE,Explain the difference between certified and operational CG limits.
031.05.02.04.07,031,Mass and Balance,HIGH,N,"Fuel/energy scheme (basic, RCF 3%, isolated aerodrome, extra/discretionary fuel)",3,agent_tasklist.md,0,DRAFT_DONE,Determine the zero fuel mass CG or index.
031.05.02.04.08,031,Mass and Balance,MED,N,,3,agent_tasklist.md,0,DRAFT_DONE,Explain the relationship between pitch control and CG position and the operational significance.
031.05.02.06.01,031,Mass and Balance,LOW,Y,,3,agent_tasklist.md,0,DRAFT_DONE,"Describe information from other methods of presenting load and balance information, e.g. aircraft communications addressing and reporting system (ACARS), electronic flight bags (EFBs), and the ‘less paper in the cockpit’ (LPC) software."
031.05.03.01.01,031,Mass and Balance,MED,N,,3,agent_tasklist.md,0,DRAFT_DONE,"Calculate the mass to be moved over a given distance, or to/from given compartments, to establish a defined CG position."
031.05.03.01.02,031,Mass and Balance,MED,N,,3,agent_tasklist.md,0,DRAFT_DONE,Calculate the distance to move a given mass to establish a defined CG position.
031.05.03.01.03,031,Mass and Balance,LOW,Y,,3,agent_tasklist.md,0,DRAFT_DONE,"Describe the methods to check that cargo has been loaded in correct position in relation to the loading manifest, including identifying hazard of cargo loaded in reverse order (visual inspection of one or more unit load devices (ULDs)."
031.05.03.01.04,031,Mass and Balance,MED,N,,3,agent_tasklist.md,0,DRAFT_DONE,Determine whether CG remains within limits if cargo has been loaded in incorrect order or at incorrect location.
031.05.03.02.01,031,Mass and Balance,MED,N,,3,agent_tasklist.md,0,DRAFT_DONE,Calculate the amount of additional load or ballast to be loaded at or removed from a given position or compartment to establish a defined CG position.
031.05.03.02.02,031,Mass and Balance,MED,N,,3,agent_tasklist.md,0,DRAFT_DONE,Calculate the loading position or compartment for a given amount of additional load or ballast to establish a defined CG position.
031.06.01.01.01,031,Mass and Balance,MED,N,,3,agent_tasklist.md,0,DRAFT_DONE,"Describe the typical types of cargo, e.g. containerised cargo, palletised cargo, bulk cargo, and the advantages of containerised and palletised cargo."
031.06.02.01.01,031,Mass and Balance,MED,N,,3,agent_tasklist.md,0,DRAFT_DONE,Calculate the required floor-contact area for a given load to avoid exceeding the maximum permissible floor load of a cargo compartment.
031.06.02.01.02,031,Mass and Balance,MED,N,,3,agent_tasklist.md,0,DRAFT_DONE,Calculate the maximum mass of a container with given floor-contact area to avoid exceeding the maximum permissible floor load of a cargo compartment.
031.06.02.01.03,031,Mass and Balance,MED,N,,3,agent_tasklist.md,0,DRAFT_DONE,Calculate the linear load distribution of a container to avoid exceeding the maximum permissible running load.
031.06.03.01.01,031,Mass and Balance,MED,N,,3,agent_tasklist.md,0,DRAFT_DONE,Explain the reasons to restrain or secure cargo and baggage.
031.06.03.01.02,031,Mass and Balance,MED,N,,3,agent_tasklist.md,0,DRAFT_DONE,Describe the basic methods to restrain or secure loads (unit load devices secured by latches on roller tracks or to tie down points by straps; bulk cargo restrained by restraining nets attached to attachment points and tie-down points).
032.01.01.01.01,032,Performance — Aeroplanes,LOW,Y,,3,agent_tasklist.md,0,DRAFT_DONE,Describe the application of certification specification (CSs) with regard to the different kinds of aeroplanes.
032.01.01.01.02,032,Performance — Aeroplanes,LOW,Y,,3,agent_tasklist.md,0,DRAFT_DONE,Describe the general differences between aeroplanes certified according to CS-23 and CS-25.
032.01.01.02.01,032,Performance — Aeroplanes,LOW,Y,,3,agent_tasklist.md,0,DRAFT_DONE,Describe the basic concept that the applicable operational requirements differ depending on aeroplane performance.
032.01.01.02.02,032,Performance — Aeroplanes,MED,N,,3,agent_tasklist.md,0,DRAFT_DONE,Describe the performance classes for commercial air transport according to the applicable operational requirements.
032.01.01.03.01,032,Performance — Aeroplanes,LOW,Y,,3,agent_tasklist.md,0,DRAFT_DONE,State that aeroplane performance required for commercial air transport may limit the weight of a dispatched aeroplane in order to achieve a sufficient level of safety.
032.01.01.03.02,032,Performance — Aeroplanes,LOW,Y,,3,agent_tasklist.md,0,DRAFT_DONE,"Describe that the minimum level of safety required for commercial air transport is ensured through the combination of airworthiness requirements and operational limitations, i.e. the more stringent airworthiness requirements of CS-25 enable a wider range of operating conditions for these aeroplanes."
032.01.01.04.01,032,Performance — Aeroplanes,LOW,Y,,3,agent_tasklist.md,0,DRAFT_DONE,Describe measured performance and explain how it is determined.
032.01.01.04.02,032,Performance — Aeroplanes,MED,N,,3,agent_tasklist.md,0,DRAFT_DONE,Describe gross performance.
032.01.01.04.03,032,Performance — Aeroplanes,MED,N,,3,agent_tasklist.md,0,DRAFT_DONE,Describe net performance and safety factors.
032.01.01.04.04,032,Performance — Aeroplanes,LOW,Y,,3,agent_tasklist.md,0,DRAFT_DONE,Describe that the size of a safety factor depends on the likelihood of the event and the range of the measured performance data.
032.01.01.04.05,032,Performance — Aeroplanes,MED,N,,3,agent_tasklist.md,0,DRAFT_DONE,"Describe the relationship between net and gross take-off and landing distances, and net and gross climb and descent gradients."
032.01.02.02.01,032,Performance — Aeroplanes,LOW,Y,,3,agent_tasklist.md,0,DRAFT_DONE,Define the terms ‘climb angle’ and ‘climb gradient’.
032.01.02.02.02,032,Performance — Aeroplanes,LOW,Y,,3,agent_tasklist.md,0,DRAFT_DONE,Define the terms ‘flight-path angle’ and ‘flight-path gradient’.
032.01.02.02.03,032,Performance — Aeroplanes,LOW,Y,,3,agent_tasklist.md,0,DRAFT_DONE,Define the terms ‘descent angle’ and ‘descent gradient’.
032.01.02.02.04,032,Performance — Aeroplanes,LOW,Y,,3,agent_tasklist.md,0,DRAFT_DONE,Explain the difference between climb/descent angle and flight-path angle.
032.01.02.02.05,032,Performance — Aeroplanes,LOW,Y,,3,agent_tasklist.md,0,DRAFT_DONE,Define ‘absolute ceiling’.
032.01.02.02.06,032,Performance — Aeroplanes,MED,N,,3,agent_tasklist.md,0,DRAFT_DONE,Describe ‘clearway’ and ‘stopway’ according to CS-Definitions.
032.01.02.02.07,032,Performance — Aeroplanes,MED,N,,3,agent_tasklist.md,0,DRAFT_DONE,Describe: take-off run available (TORA); take-off distance available (TODA); accelerate-stop distance available (ASDA); and determine each from given data or appropriate aerodrome charts.
032.01.02.02.08,032,Performance — Aeroplanes,MED,N,,3,agent_tasklist.md,0,DRAFT_DONE,Describe ‘screen height’ including its various values.
032.01.02.02.09,032,Performance — Aeroplanes,LOW,Y,,3,agent_tasklist.md,0,DRAFT_DONE,Define the terms ‘range’ and ‘endurance’.
032.01.02.02.10,032,Performance — Aeroplanes,HIGH,N,Fuel/energy scheme alignment,3,agent_tasklist.md,0,DRAFT_DONE,"Define an aeroplane’s ‘specific range’ (SR) in terms of nautical air miles (NAM) per unit of fuel, and ‘specific range over the ground’ (SRG) in terms of nautical ground miles (NGM) per unit of fuel."
032.01.02.02.11,032,Performance — Aeroplanes,MED,N,,3,agent_tasklist.md,0,DRAFT_DONE,Define the power available and power required.
032.01.02.03.01,032,Performance — Aeroplanes,LOW,Y,,3,agent_tasklist.md,0,DRAFT_DONE,"Name the following factors that affect aeroplane performance: pressure altitude and temperature, wind, aeroplane weight, aeroplane configuration, aeroplane anti-skid status, aeroplane centre of gravity (CG), aerodrome runway surface, and aerodrome runway slope."
032.01.02.03.02,032,Performance — Aeroplanes,LOW,Y,,3,agent_tasklist.md,0,DRAFT_DONE,"Describe how, for different density altitudes, the thrust and power available vary with speed for a propeller-driven aeroplane."
032.01.02.03.03,032,Performance — Aeroplanes,LOW,Y,,3,agent_tasklist.md,0,DRAFT_DONE,"Describe how, for different density altitudes, the thrust and power available vary with speed for a turbojet aeroplane."
032.01.02.03.04,032,Performance — Aeroplanes,MED,N,,3,agent_tasklist.md,0,DRAFT_DONE,"Describe how, for different density altitudes, the drag and power required vary with indicated airspeeds (IAS) and true airspeeds (TAS)."
032.01.02.03.05,032,Performance — Aeroplanes,MED,N,,3,agent_tasklist.md,0,DRAFT_DONE,"Describe how, for different aeroplane weights and configurations, the drag and power required vary with IAS and TAS."
032.01.03.01.01,032,Performance — Aeroplanes,LOW,Y,,3,agent_tasklist.md,0,DRAFT_DONE,Explain how drag (thrust) and power required vary with speed in straight and level flight.
032.01.03.01.02,032,Performance — Aeroplanes,LOW,Y,,3,agent_tasklist.md,0,DRAFT_DONE,Explain the effect of excess thrust and power on speed in level flight.
032.01.03.01.03,032,Performance — Aeroplanes,MED,N,,3,agent_tasklist.md,0,DRAFT_DONE,Interpret the ‘thrust/power required’ and ‘thrust/power available’ curves in straight and level flight.
032.01.03.01.04,032,Performance — Aeroplanes,MED,N,,3,agent_tasklist.md,0,DRAFT_DONE,Describe how the maximum achievable straight and level flight IAS and TAS vary with altitude.
032.01.03.01.05,032,Performance — Aeroplanes,MED,N,,3,agent_tasklist.md,0,DRAFT_DONE,Describe situations in which a pilot may elect to fly for ‘maximum endurance’ or ‘maximum range’.
032.01.03.02.01,032,Performance — Aeroplanes,HIGH,N,Fuel/energy scheme alignment,3,agent_tasklist.md,0,DRAFT_DONE,Define a turbojet aeroplane’s specific fuel consumption (SFC) and describe how it affects fuel flow and specific range.
032.01.03.02.02,032,Performance — Aeroplanes,HIGH,N,Fuel/energy scheme alignment,3,agent_tasklist.md,0,DRAFT_DONE,Define a propeller-driven aeroplane’s SFC and describe how it affects fuel flow and specific range.
032.01.03.02.03,032,Performance — Aeroplanes,MED,N,,3,agent_tasklist.md,0,DRAFT_DONE,Explain the optimum speed for maximum SR for a turbojet aeroplane in relation to the drag curve.
032.01.03.02.04,032,Performance — Aeroplanes,MED,N,,3,agent_tasklist.md,0,DRAFT_DONE,Explain the optimum speed to achieve maximum SR for a propeller-driven aeroplane in relation to the power required and drag graphs.
032.01.03.02.05,032,Performance — Aeroplanes,HIGH,N,Fuel/energy scheme alignment,3,agent_tasklist.md,0,DRAFT_DONE,"Explain the effect of aeroplane weight and CG position on fuel consumption, range and the optimum speed for maximum SR."
032.01.03.02.06,032,Performance — Aeroplanes,MED,N,,3,agent_tasklist.md,0,DRAFT_DONE,State how a turbojet engine’s SFC varies with temperature and thrust setting.
032.01.03.02.07,032,Performance — Aeroplanes,MED,N,,3,agent_tasklist.md,0,DRAFT_DONE,Explain how SR for a turbojet aeroplane varies with altitude and under different meteorological conditions.
032.01.03.02.08,032,Performance — Aeroplanes,MED,N,,3,agent_tasklist.md,0,DRAFT_DONE,Explain how SRG for a propeller-driven aeroplane varies with altitude and under different meteorological conditions.
032.01.03.02.09,032,Performance — Aeroplanes,MED,N,,3,agent_tasklist.md,0,DRAFT_DONE,Explain the effect of weight on the optimum altitude for maximum range.
032.01.03.02.10,032,Performance — Aeroplanes,MED,N,,3,agent_tasklist.md,0,DRAFT_DONE,"Describe the effect of wind on SRG and the optimum speed for SRG , when compared to SR, and the optimum speed for SR."
032.01.03.03.01,032,Performance — Aeroplanes,HIGH,N,Fuel/energy scheme alignment,3,agent_tasklist.md,0,DRAFT_DONE,Explain fuel flow in relation to TAS and thrust for a turbojet aeroplane.
032.01.03.03.02,032,Performance — Aeroplanes,MED,N,,3,agent_tasklist.md,0,DRAFT_DONE,State the speed for maximum endurance for a turbojet aeroplane.
032.01.03.03.03,032,Performance — Aeroplanes,HIGH,N,Fuel/energy scheme alignment,3,agent_tasklist.md,0,DRAFT_DONE,Explain fuel flow in relation to TAS and thrust for a propeller-driven aeroplane.
032.01.03.03.04,032,Performance — Aeroplanes,MED,N,,3,agent_tasklist.md,0,DRAFT_DONE,State the speed for maximum endurance for a propeller-driven aeroplane and the disadvantages of holding at this speed (e.g. high angle of attack (AoA) and lack of speed stability).
032.01.03.03.05,032,Performance — Aeroplanes,MED,N,,3,agent_tasklist.md,0,DRAFT_DONE,"Explain the effect of wind and altitude on endurance, and the maximum endurance speed for a turbojet aeroplane."
032.01.03.03.06,032,Performance — Aeroplanes,MED,N,,3,agent_tasklist.md,0,DRAFT_DONE,"Explain the effect of wind and altitude on endurance, and the maximum endurance speed for a propeller-driven aeroplane."
032.01.03.03.07,032,Performance — Aeroplanes,MED,N,,3,agent_tasklist.md,0,DRAFT_DONE,"Describe the benefits of managing your en-route airspeed to reduce or avoid holding time, and the operational situations when it could be used (commanded by the pilot or air traffic control (ATC), when delays at arrival airport occur)."
032.01.04.01.01,032,Performance — Aeroplanes,MED,N,,3,agent_tasklist.md,0,DRAFT_DONE,Resolve the forces during a steady climb.
032.01.04.01.02,032,Performance — Aeroplanes,MED,N,,3,agent_tasklist.md,0,DRAFT_DONE,Define and explain the following terms: critical engine; speed for best angle of climb (VX); speed for best rate of climb (VY).
032.01.04.01.03,032,Performance — Aeroplanes,MED,N,,3,agent_tasklist.md,0,DRAFT_DONE,"Explain climb performance in relation to the thrust available and thrust required (angle of climb), and power available and power required (rate of climb)."
032.01.04.01.04,032,Performance — Aeroplanes,MED,N,,3,agent_tasklist.md,0,DRAFT_DONE,Explain the meaning and effect of ‘excess thrust’ and ‘excess power’ in a steady climb.
032.01.04.01.05,032,Performance — Aeroplanes,MED,N,,3,agent_tasklist.md,0,DRAFT_DONE,Interpret the ‘thrust/power required’ and ‘thrust/power available’ curves in a steady climb.
032.01.04.01.06,032,Performance — Aeroplanes,MED,N,,3,agent_tasklist.md,0,DRAFT_DONE,State the difference between climb angle and gradient.
032.01.04.01.07,032,Performance — Aeroplanes,MED,N,,3,agent_tasklist.md,0,DRAFT_DONE,"Explain the effect of weight on the climb angle and rate of climb, and the speed for best angle and best rate of climb."
032.01.04.01.08,032,Performance — Aeroplanes,MED,N,,3,agent_tasklist.md,0,DRAFT_DONE,"Explain the effects of pressure altitude and temperature, including an inversion on climb performance (angle and rate of climb)."
032.01.04.01.09,032,Performance — Aeroplanes,MED,N,,3,agent_tasklist.md,0,DRAFT_DONE,"Explain the effect of configuration on climb performance (angle and rate of climb, and VX and VY)."
032.01.04.01.10,032,Performance — Aeroplanes,MED,N,,3,agent_tasklist.md,0,DRAFT_DONE,"Describe the effect of engine failure on climb performance (angle and rate of climb, and VX and VY)."
032.01.04.01.11,032,Performance — Aeroplanes,MED,N,,3,agent_tasklist.md,0,DRAFT_DONE,Calculate the all-engine and one-engine-out climb gradient from given values of engine thrust and aeroplane drag and weight.
032.01.05.01.01,032,Performance — Aeroplanes,MED,N,,3,agent_tasklist.md,0,DRAFT_DONE,Resolve the forces during steady descent and in the glide.
032.01.05.01.02,032,Performance — Aeroplanes,MED,N,,3,agent_tasklist.md,0,DRAFT_DONE,"Explain descent performance in relation to thrust available and thrust required (drag), and power available and power required."
032.01.05.01.03,032,Performance — Aeroplanes,MED,N,,3,agent_tasklist.md,0,DRAFT_DONE,Explain the meaning of ‘excess thrust required’ (excess drag) and ‘excess power required’ in a steady descent.
032.01.05.01.04,032,Performance — Aeroplanes,MED,N,,3,agent_tasklist.md,0,DRAFT_DONE,Interpret the ‘thrust/power required’ and ‘thrust/power available’ curves in a steady descent.
032.01.05.01.05,032,Performance — Aeroplanes,MED,N,,3,agent_tasklist.md,0,DRAFT_DONE,"Explain the effect of mass, altitude, wind, speed and configuration on the glide descent."
032.01.05.01.06,032,Performance — Aeroplanes,MED,N,,3,agent_tasklist.md,0,DRAFT_DONE,"Explain the effect of mass, altitude, wind, speed and configuration on the powered descent."
032.02.01.01.01,032,Performance — Aeroplanes,LOW,Y,,3,agent_tasklist.md,0,DRAFT_DONE,"Define the following speeds: stall speeds VS, VS0 and VS1; rotation speed VR; speed at 50 ft above the take-off surface level; reference landing speed VREF."
032.02.01.01.02,032,Performance — Aeroplanes,MED,N,,3,agent_tasklist.md,0,DRAFT_DONE,"Describe the limitations on VR, on the speed at 50 ft above the take-off surface and on VREF, and given the appropriate stall speed, estimate the values based on these limitations for a single-engine, class B aeroplane."
032.02.01.01.03,032,Performance — Aeroplanes,MED,N,,3,agent_tasklist.md,0,DRAFT_DONE,"Describe the limitations on VR, on the speed at 50 ft above the take-off surface and on VREF, and given the appropriate stall speed, estimate the values based on these limitations for a multi-engine, class B aeroplane."
032.02.01.01.04,032,Performance — Aeroplanes,LOW,Y,,3,agent_tasklist.md,0,DRAFT_DONE,"Describe the European Union airworthiness requirements according to CS-23 relating to aeroplane performance (stall, take-off, climb, landing)."
032.02.01.01.05,032,Performance — Aeroplanes,MED,N,,3,agent_tasklist.md,0,DRAFT_DONE,Define and identify the critical engine of a multi-engine propeller aeroplane.
032.02.01.01.06,032,Performance — Aeroplanes,MED,N,,3,agent_tasklist.md,0,DRAFT_DONE,"Explain the effect of an engine failure on the power required, the total drag (thrust required) and climb performance of a multi-engine aeroplane."
032.02.01.01.07,032,Performance — Aeroplanes,MED,N,,3,agent_tasklist.md,0,DRAFT_DONE,Explain the effect of engine failure on the minimum control speed of a multi-engine aeroplane under given conditions (temperature and pressure altitude).
032.02.03.01.01,032,Performance — Aeroplanes,LOW,Y,,3,agent_tasklist.md,0,DRAFT_DONE,Define the following distances and masses: take-off distance; landing distance; ground-roll distance; maximum allowed take-off mass; maximum allowed landing mass.
032.02.03.01.02,032,Performance — Aeroplanes,MED,N,,3,agent_tasklist.md,0,DRAFT_DONE,"Explain the effect of flap-setting on the take-off, landing and ground-roll distances."
032.02.03.01.03,032,Performance — Aeroplanes,MED,N,,3,agent_tasklist.md,0,DRAFT_DONE,"Explain the effects of the following runway (RWY) variables on take-off distances: RWY slope; RWY surface conditions: dry, wet and contaminated; RWY elevation."
032.02.03.01.04,032,Performance — Aeroplanes,MED,N,,3,agent_tasklist.md,0,DRAFT_DONE,"For both fixed-pitch and constant-speed propeller aeroplanes, explain the effect of airspeed on thrust during the take-off run."
032.02.03.01.05,032,Performance — Aeroplanes,MED,N,,3,agent_tasklist.md,0,DRAFT_DONE,Describe the effects of brake release before take-off power is set on the TOD and ASD.
032.02.03.01.06,032,Performance — Aeroplanes,MED,N,,3,agent_tasklist.md,0,DRAFT_DONE,"Explain the effect of wind on take-off and landing distances, and determine the actual headwind/tailwind component given the runway direction, wind speed and direction, by use of wind component graphs, mathematical calculations, and rule of thumb."
032.02.03.01.07,032,Performance — Aeroplanes,MED,N,,3,agent_tasklist.md,0,DRAFT_DONE,"Explain why an aeroplane has maximum crosswind limit(s) and determine the crosswind component given the runway direction, wind speed and direction, by use of wind component graphs, mathematical calculations, and rule of thumb."
032.02.03.01.08,032,Performance — Aeroplanes,MED,N,,3,agent_tasklist.md,0,DRAFT_DONE,Explain the percentage of accountability for headwind and tailwind components during take-off and landing calculations.
032.02.03.01.09,032,Performance — Aeroplanes,MED,N,,3,agent_tasklist.md,0,DRAFT_DONE,Explain the effect of runway conditions on the landing distance.
032.02.03.01.10,032,Performance — Aeroplanes,MED,N,,3,agent_tasklist.md,0,DRAFT_DONE,"Explain the effects of pressure altitude and temperature on the take-off distance, take-off climb, landing distance and approach climb."
032.02.03.01.11,032,Performance — Aeroplanes,MED,N,,3,agent_tasklist.md,0,DRAFT_DONE,Describe the landing airborne distance and ground-roll distance and estimate the effect on the landing distance when the aeroplane is too fast or too high at the screen.
032.02.03.01.12,032,Performance — Aeroplanes,MED,N,,3,agent_tasklist.md,0,DRAFT_DONE,"Describe the take-off flight path for a multi-engine, class B aeroplane."
032.02.03.01.13,032,Performance — Aeroplanes,MED,N,,3,agent_tasklist.md,0,DRAFT_DONE,Describe the dimensions of the take off flight path accountability area (domain).
032.02.04.01.01,032,Performance — Aeroplanes,MED,N,,3,agent_tasklist.md,0,DRAFT_DONE,Describe the climb and en-route requirements according to the applicable operational requirements.
032.02.04.01.02,032,Performance — Aeroplanes,MED,N,,3,agent_tasklist.md,0,DRAFT_DONE,"For a single-engine aeroplane, calculate the expected obstacle clearance (in visual meteorological conditions (VMC)) given gross climb performance, obstacle height and distance from reference zero."
032.02.04.01.03,032,Performance — Aeroplanes,MED,N,,3,agent_tasklist.md,0,DRAFT_DONE,"For a single-engine aeroplane, calculate the net glide gradient and net glide distance, given aeroplane altitude, terrain elevation, gross gradient or lift/drag ratio (L/D ratio), and headwind or tailwind component."
032.03.03.01.01,032,Performance — Aeroplanes,MED,N,,3,agent_tasklist.md,0,DRAFT_DONE,"Determine the field-length-limited take-off mass and take-off speeds given defactored distance, configuration, pressure altitude, temperature and headwind/tailwind component."
032.03.03.01.02,032,Performance — Aeroplanes,MED,N,,3,agent_tasklist.md,0,DRAFT_DONE,Determine the accelerate-go distance and accelerate-stop distance data.
032.03.03.01.03,032,Performance — Aeroplanes,MED,N,,3,agent_tasklist.md,0,DRAFT_DONE,Determine the ground-roll distance and take-off distance from graphs.
032.03.03.01.04,032,Performance — Aeroplanes,MED,N,,3,agent_tasklist.md,0,DRAFT_DONE,Determine the all-engine-out and critical-engine-out take-off climb data.
032.03.03.01.05,032,Performance — Aeroplanes,MED,N,,3,agent_tasklist.md,0,DRAFT_DONE,"Determine take off flight path for a MEP aeroplane of given mass and given airfield conditions, and calculate the obstacle clearance based on the take off flight path."
032.03.03.01.06,032,Performance — Aeroplanes,MED,N,,3,agent_tasklist.md,0,DRAFT_DONE,Determine the minimum headwind or maximum tailwind component required for take-off for a given mass and given airfield conditions.
032.03.03.01.07,032,Performance — Aeroplanes,MED,N,,3,agent_tasklist.md,0,DRAFT_DONE,"Given take-off run available (TORA), TODA and ASDA, slope and surface conditions, calculate the defactored distance to be used for commercial air transport using the appropriate take-off graphs."
032.03.03.01.08,032,Performance — Aeroplanes,MED,N,,3,agent_tasklist.md,0,DRAFT_DONE,"Calculate the minimum TORA or TODA for commercial air transport given the defactored take-off distance or run, runway surface and slope."
032.03.03.02.01,032,Performance — Aeroplanes,MED,N,,3,agent_tasklist.md,0,DRAFT_DONE,Determine rate of climb.
032.03.03.02.02,032,Performance — Aeroplanes,MED,N,,3,agent_tasklist.md,0,DRAFT_DONE,Calculate obstacle clearance climb data.
032.03.03.02.03,032,Performance — Aeroplanes,MED,N,,3,agent_tasklist.md,0,DRAFT_DONE,"Determine the still-air and flight-path gradients for given IAS, altitude, temperature, aeroplane weight and, if relevant, wind component."
032.03.03.04.01,032,Performance — Aeroplanes,MED,N,,3,agent_tasklist.md,0,DRAFT_DONE,"Determine the field-length-limited landing mass and landing speeds given defactored distance, configuration, pressure altitude, temperature and headwind or tailwind component."
032.03.03.04.02,032,Performance — Aeroplanes,MED,N,,3,agent_tasklist.md,0,DRAFT_DONE,Determine landing climb data in the event of balked landing.
032.03.03.04.03,032,Performance — Aeroplanes,MED,N,,3,agent_tasklist.md,0,DRAFT_DONE,"Determine landing distance and ground-roll distance for given flap position, aeroplane weight and airfield data."
032.03.03.04.04,032,Performance — Aeroplanes,MED,N,,3,agent_tasklist.md,0,DRAFT_DONE,"Calculate, given the landing distance available (LDA), slope and surface type and condition, the defactored distance to be used for commercial air transport using the appropriate landing graphs."
032.03.03.04.05,032,Performance — Aeroplanes,MED,N,,3,agent_tasklist.md,0,DRAFT_DONE,"Calculate the minimum landing distance (LD) that must be available for commercial air transport given the defactored landing distance, runway surface and slope."
032.04.01.01.01,032,Performance — Aeroplanes,LOW,Y,,3,agent_tasklist.md,0,DRAFT_DONE,Explain the forces affecting the aeroplane during the take-off run.
032.04.01.01.02,032,Performance — Aeroplanes,LOW,Y,,3,agent_tasklist.md,0,DRAFT_DONE,State the effects of thrust-to-weight ratio and flap-setting on ground roll.
032.04.01.01.03,032,Performance — Aeroplanes,MED,N,,3,agent_tasklist.md,0,DRAFT_DONE,Describe the European Union airworthiness requirements according to CS-25 relating to large aeroplane performance (General and Take-off).
032.04.01.01.04,032,Performance — Aeroplanes,HIGH,N,Pavement strength — ACN/PCN questions remain pending EU update,3,agent_tasklist.md,0,DRAFT_DONE,"Describe the terms ‘aircraft classification number’ (ACN) and ‘pavement classification number’ (PCN), and the requirements and hazards of operating on aerodrome surfaces with PCNs smaller than the ACNs."
032.04.01.01.05,032,Performance — Aeroplanes,MED,N,,3,agent_tasklist.md,0,DRAFT_DONE,Define and explain the following speeds in accordance with CS-25 or CS-Definitions: reference stall speed (VSR); reference stall speed in a specific configuration (VSR1); 1-g stall speed at which the aeroplane can develop a lift force (normal to the flight path) equal to its weight (VS1g); minimum control speed with critical engine inoperative (VMC); minimum control speed on or near the ground (VMCG); minimum control speed at take-off climb (VMCA); engine failure speed (VEF); take-off decision speed (V1); rotation speed (VR); take-off safety speed (V2); minimum take-off safety speed (V2MIN); minimum unstick speed (VMU); lift-off speed (VLOF); maximum brake energy speed (VMBE); maximum tyre speed (VMax Tyre).
032.04.01.01.06,032,Performance — Aeroplanes,MED,N,,3,agent_tasklist.md,0,DRAFT_DONE,Explain the interdependence between the above-mentioned speeds where relevant.
032.04.01.01.07,032,Performance — Aeroplanes,MED,N,,3,agent_tasklist.md,0,DRAFT_DONE,Define the following distances in accordance with CS-25: take-off run with all engines operating and one-engine- inoperative; take-off distance with all engines operating and one-engine-inoperative; accelerate-stop distance with all engines operating and one-engine-inoperative.
032.04.01.01.08,032,Performance — Aeroplanes,MED,N,,3,agent_tasklist.md,0,DRAFT_DONE,Explain how loss of TORA due to alignment is accounted for.
032.04.01.01.09,032,Performance — Aeroplanes,MED,N,,3,agent_tasklist.md,0,DRAFT_DONE,Explain the effect of the interdependency of relevant speeds in 032 04 01 01 (05) and the situations in which these interdependencies can cause speed and performance restrictions.
032.04.01.02.01,032,Performance — Aeroplanes,MED,N,,3,agent_tasklist.md,0,DRAFT_DONE,"Explain the effects of the following runway (RWY) variables on take-off distances: RWY slope; RWY surface conditions: dry, wet and contaminated; RWY elevation."
032.04.01.02.02,032,Performance — Aeroplanes,MED,N,,3,agent_tasklist.md,0,DRAFT_DONE,Explain the effects of the following aeroplane variables on take-off distance: aeroplane mass; take-off configuration; bleed-air configurations.
032.04.01.02.03,032,Performance — Aeroplanes,MED,N,,3,agent_tasklist.md,0,DRAFT_DONE,Explain the effects of the following meteorological variables on take-off distances: wind; temperature; pressure altitude.
032.04.01.02.04,032,Performance — Aeroplanes,MED,N,,3,agent_tasklist.md,0,DRAFT_DONE,Explain the consequence of errors in rotation technique on take-off distance: early and late rotation; too high and too low rotation angle; too high and too low rotation rate.
032.04.01.02.05,032,Performance — Aeroplanes,MED,N,,3,agent_tasklist.md,0,DRAFT_DONE,Compare the take-off distance for specified conditions and configuration for all engines operating and one-engine-inoperative.
032.04.01.02.06,032,Performance — Aeroplanes,MED,N,,3,agent_tasklist.md,0,DRAFT_DONE,Explain the effect of using clearway on the field-length-limited take-off mass.
032.04.01.02.07,032,Performance — Aeroplanes,MED,N,,3,agent_tasklist.md,0,DRAFT_DONE,"Explain the influence of aeroplane mass, air density and flap settings on V1, V2 and V2MIN and thereby on take-off distance."
032.04.01.02.08,032,Performance — Aeroplanes,MED,N,,3,agent_tasklist.md,0,DRAFT_DONE,Explain the effect of an error in V1 on the resulting one-engine-out take-off distance.
032.04.01.03.01,032,Performance — Aeroplanes,MED,N,,3,agent_tasklist.md,0,DRAFT_DONE,Explain how the accelerate-stop distance is affected by given conditions and configuration for all engines operating and one-engine-inoperative.
032.04.01.03.02,032,Performance — Aeroplanes,MED,N,,3,agent_tasklist.md,0,DRAFT_DONE,Explain the effect of using a stopway on the field-length-limited take-off mass.
032.04.01.03.03,032,Performance — Aeroplanes,MED,N,,3,agent_tasklist.md,0,DRAFT_DONE,Explain the effect of an error in V1 on the resulting accelerate-stop distance.
032.04.01.03.04,032,Performance — Aeroplanes,MED,N,,3,agent_tasklist.md,0,DRAFT_DONE,Explain the effect of runway slope or wind component on the accelerate-stop distance.
032.04.01.03.05,032,Performance — Aeroplanes,MED,N,,3,agent_tasklist.md,0,DRAFT_DONE,Explain how the accelerate-stop distance is determined and discuss the deceleration procedure.
032.04.01.03.06,032,Performance — Aeroplanes,MED,N,,3,agent_tasklist.md,0,DRAFT_DONE,"Explain how the accelerate-stop distance is affected by the use of brakes, anti-skid, reverse thrust, ground spoilers (lift dumpers) and by brake energy absorption limits, delayed temperature rise and brake temperature indication."
032.04.01.03.07,032,Performance — Aeroplanes,LOW,Y,,3,agent_tasklist.md,0,DRAFT_DONE,"Explain the hazards of rejecting a take-off from high ground speed or high take-off mass, and how to manage these hazards."
032.04.01.04.01,032,Performance — Aeroplanes,LOW,Y,,3,agent_tasklist.md,0,DRAFT_DONE,Define the term ‘balanced field length’.
032.04.01.04.02,032,Performance — Aeroplanes,MED,N,,3,agent_tasklist.md,0,DRAFT_DONE,"Describe the relationship between take-off distance and accelerate-stop distance, and identify on a diagram the balanced field length and balanced V1."
032.04.01.04.03,032,Performance — Aeroplanes,LOW,Y,,3,agent_tasklist.md,0,DRAFT_DONE,Describe the applicability of a balanced field length.
032.04.01.05.01,032,Performance — Aeroplanes,LOW,Y,,3,agent_tasklist.md,0,DRAFT_DONE,Describe the applicability of an unbalanced field length.
032.04.01.05.02,032,Performance — Aeroplanes,MED,N,,3,agent_tasklist.md,0,DRAFT_DONE,Explain the effect of additional stopway on the allowed take-off mass and appropriate V1 when using an unbalanced field.
032.04.01.05.03,032,Performance — Aeroplanes,MED,N,,3,agent_tasklist.md,0,DRAFT_DONE,Explain the effect of additional clearway on the allowed take-off mass and appropriate V1 when using an unbalanced field.
032.04.01.06.01,032,Performance — Aeroplanes,MED,N,,3,agent_tasklist.md,0,DRAFT_DONE,Explain the factors that affect the FLLTOM.
032.04.01.06.02,032,Performance — Aeroplanes,MED,N,,3,agent_tasklist.md,0,DRAFT_DONE,Explain the concept of a ‘range of V1’ and explain reasons for the placement of the designated V1 towards the faster or slower end of the range.
032.04.01.07.01,032,Performance — Aeroplanes,MED,N,,3,agent_tasklist.md,0,DRAFT_DONE,"Define a ‘contaminated runway’, ‘wet runway’, and a ‘dry runway’."
032.04.01.07.02,032,Performance — Aeroplanes,MED,N,,3,agent_tasklist.md,0,DRAFT_DONE,"Describe the different types of contamination: wet or water patches, frost-covered, dry snow, wet snow, slush, ice, compacted or rolled snow, frozen ruts or ridges."
032.04.01.07.05,032,Performance — Aeroplanes,MED,N,,3,agent_tasklist.md,0,DRAFT_DONE,Define the different types of hydroplaning.
032.04.01.07.06,032,Performance — Aeroplanes,MED,N,,3,agent_tasklist.md,0,DRAFT_DONE,Explain the difference between the two dynamic hydroplaning speeds and state which of them is the most limiting for an aircraft operating on a wet runway.
032.04.01.07.07,032,Performance — Aeroplanes,MED,N,,3,agent_tasklist.md,0,DRAFT_DONE,State that some wind limitations may apply in case of contaminated runways. Those limitations are to be found in Part B of the Operations Manual - Limitations.
032.04.01.07.08,032,Performance — Aeroplanes,MED,N,,3,agent_tasklist.md,0,DRAFT_DONE,State that the procedures associated with take-off and landing on contaminated runways are to be found in Part B of the Operations Manual - Normal procedures.
032.04.01.07.09,032,Performance — Aeroplanes,MED,N,,3,agent_tasklist.md,0,DRAFT_DONE,State that the performance associated with contaminated runways is to be found in Part B of the Operations Manual - Performance.
032.04.01.08.01,032,Performance — Aeroplanes,MED,N,,3,agent_tasklist.md,0,DRAFT_DONE,Explain the difference between the flat-rated and non-flat-rated part in performance charts.
032.04.01.08.02,032,Performance — Aeroplanes,MED,N,,3,agent_tasklist.md,0,DRAFT_DONE,"State the differences in climb-gradient requirements for two-, three- and four-engined aeroplanes."
032.04.01.08.03,032,Performance — Aeroplanes,MED,N,,3,agent_tasklist.md,0,DRAFT_DONE,Explain the effects of aeroplane configuration and meteorological conditions on the take-off climb.
032.04.01.08.04,032,Performance — Aeroplanes,MED,N,,3,agent_tasklist.md,0,DRAFT_DONE,Determine the climb-limited take-off mass.
032.04.01.09.01,032,Performance — Aeroplanes,MED,N,,3,agent_tasklist.md,0,DRAFT_DONE,Describe the operational regulations for obstacle clearance in the net take-off flight path (NTOFP).
032.04.01.09.02,032,Performance — Aeroplanes,MED,N,,3,agent_tasklist.md,0,DRAFT_DONE,Define the actual and NTOFP with one-engine-inoperative in accordance with CS-25.
032.04.01.09.03,032,Performance — Aeroplanes,MED,N,,3,agent_tasklist.md,0,DRAFT_DONE,Explain the effects of aeroplane configuration and meteorological conditions on the obstacle-limited take-off mass.
032.04.01.09.04,032,Performance — Aeroplanes,MED,N,,3,agent_tasklist.md,0,DRAFT_DONE,Describe the segments of the actual take-off flight path.
032.04.01.09.05,032,Performance — Aeroplanes,MED,N,,3,agent_tasklist.md,0,DRAFT_DONE,"Describe the changes in the configuration, power, thrust and speed in the NTOFP climb segments."
032.04.01.09.06,032,Performance — Aeroplanes,MED,N,,3,agent_tasklist.md,0,DRAFT_DONE,"State the standard maximum bank angle(s) in the first and second segment, and determine the effect on the stall speed and implication on V2."
032.04.01.09.07,032,Performance — Aeroplanes,MED,N,,3,agent_tasklist.md,0,DRAFT_DONE,"Explain the influence of airspeed selection, acceleration and turns on the climb gradient."
032.04.01.09.08,032,Performance — Aeroplanes,MED,N,,3,agent_tasklist.md,0,DRAFT_DONE,Describe the European Union airworthiness requirements according to CS-25 relating to aeroplane performance take-off climb and flight path.
032.04.01.10.01,032,Performance — Aeroplanes,MED,N,,3,agent_tasklist.md,0,DRAFT_DONE,Define PLTOM and RTOM.
032.04.01.10.02,032,Performance — Aeroplanes,LOW,Y,,3,agent_tasklist.md,0,DRAFT_DONE,Describe the use of RTOM tables or similar to find PLTOM and how this can also be done using an EFB.
032.04.01.10.03,032,Performance — Aeroplanes,MED,N,,3,agent_tasklist.md,0,DRAFT_DONE,"Interpret what take-off limitation (field length, obstacle, climb, structural, etc.) is restricting a particular RTOM as it is presented in RTOM tables or similar."
032.04.01.10.04,032,Performance — Aeroplanes,MED,N,,3,agent_tasklist.md,0,DRAFT_DONE,Describe why data from an EFB can differ from data derived from RTOM tables or similar.
032.04.01.11.01,032,Performance — Aeroplanes,MED,N,,3,agent_tasklist.md,0,DRAFT_DONE,Explain the differences between the take-off performance determination on a wet or contaminated runway and on a dry runway.
032.04.01.11.02,032,Performance — Aeroplanes,MED,N,,3,agent_tasklist.md,0,DRAFT_DONE,Describe a wet V1 and explain the consequences of using a wet V1.
032.04.01.11.03,032,Performance — Aeroplanes,MED,N,,3,agent_tasklist.md,0,DRAFT_DONE,"Describe the hazards, effects and management of operating from a contaminated runway."
032.04.01.11.04,032,Performance — Aeroplanes,MED,N,,3,agent_tasklist.md,0,DRAFT_DONE,"Describe displacement drag, impingement drag, and the methods to monitor acceleration."
032.04.01.11.05,032,Performance — Aeroplanes,MED,N,,3,agent_tasklist.md,0,DRAFT_DONE,Explain the benefits and implications of using a derated take-off on a contaminated runway.
032.04.01.12.01,032,Performance — Aeroplanes,MED,N,,3,agent_tasklist.md,0,DRAFT_DONE,Explain the advantages and disadvantages of using reduced (flex) and derated thrust.
032.04.01.12.02,032,Performance — Aeroplanes,MED,N,,3,agent_tasklist.md,0,DRAFT_DONE,Explain the difference between and principles behind reduced (flex) and derated thrust.
032.04.01.12.03,032,Performance — Aeroplanes,MED,N,,3,agent_tasklist.md,0,DRAFT_DONE,Explain when reduced (flex) and derated thrust may and may not be used.
032.04.01.12.04,032,Performance — Aeroplanes,MED,N,,3,agent_tasklist.md,0,DRAFT_DONE,"Explain the effect of using reduced (flex) and derated thrust on take-off performance including take-off speeds, take-off distance, climb performance and obstacle clearance."
032.04.01.12.05,032,Performance — Aeroplanes,MED,N,,3,agent_tasklist.md,0,DRAFT_DONE,Explain the assumed temperature method for determining reduced (flex) thrust performance.
032.04.01.13.01,032,Performance — Aeroplanes,MED,N,,3,agent_tasklist.md,0,DRAFT_DONE,Explain the advantages and disadvantages of using different take-off flap settings to optimise the performance-limited take-off mass (PLTOM).
032.04.01.13.02,032,Performance — Aeroplanes,MED,N,,3,agent_tasklist.md,0,DRAFT_DONE,Determine the optimum flap position and PLTOM from given figures.
032.04.01.14.01,032,Performance — Aeroplanes,MED,N,,3,agent_tasklist.md,0,DRAFT_DONE,Explain the advantages and disadvantages of the increased V2 procedure.
032.04.01.14.02,032,Performance — Aeroplanes,MED,N,,3,agent_tasklist.md,0,DRAFT_DONE,Explain under what circumstances this procedure can be used.
032.04.01.14.03,032,Performance — Aeroplanes,MED,N,,3,agent_tasklist.md,0,DRAFT_DONE,Explain the hazards of the fast V1 and VLOF speeds associated with the increased V2 procedure and how they can be managed.
032.04.01.15.01,032,Performance — Aeroplanes,MED,N,,3,agent_tasklist.md,0,DRAFT_DONE,Explain the effects on take-off performance of brake-energy and tyre-speed limits.
032.04.01.15.02,032,Performance — Aeroplanes,MED,N,,3,agent_tasklist.md,0,DRAFT_DONE,Explain under what conditions they are more likely to become limiting.
032.04.02.01.01,032,Performance — Aeroplanes,MED,N,,3,agent_tasklist.md,0,DRAFT_DONE,Explain the effect of climbing at constant IAS on: TAS; Mach number; climb gradient; rate of climb.
032.04.02.01.02,032,Performance — Aeroplanes,MED,N,,3,agent_tasklist.md,0,DRAFT_DONE,Explain the effect of climbing at constant Mach number on: TAS; IAS; climb gradient; rate of climb.
032.04.02.01.03,032,Performance — Aeroplanes,MED,N,,3,agent_tasklist.md,0,DRAFT_DONE,Explain the correct sequence of climb speeds for turbojet transport aeroplanes.
032.04.02.01.04,032,Performance — Aeroplanes,MED,N,,3,agent_tasklist.md,0,DRAFT_DONE,Determine the effect on TAS when climbing in and above the troposphere at constant Mach number.
032.04.02.02.01,032,Performance — Aeroplanes,MED,N,,3,agent_tasklist.md,0,DRAFT_DONE,Explain the effect on the operational speed limit when climbing at constant IAS and at constant Mach number.
032.04.02.02.02,032,Performance — Aeroplanes,MED,N,,3,agent_tasklist.md,0,DRAFT_DONE,Explain the term ‘crossover altitude’ which occurs during the climb speed schedule (IAS–Mach number).
032.04.03.04.01,032,Performance — Aeroplanes,MED,N,,3,agent_tasklist.md,0,DRAFT_DONE,Define the term ‘long-range cruise’.
032.04.03.04.02,032,Performance — Aeroplanes,HIGH,N,Fuel/energy scheme alignment,3,agent_tasklist.md,0,DRAFT_DONE,Explain the differences between flying at long-range speed and maximum-range speed with regard to fuel-flow and speed stability.
032.04.03.06.01,032,Performance — Aeroplanes,LOW,Y,,3,agent_tasklist.md,0,DRAFT_DONE,Define the term ‘optimum cruise altitude’.
032.04.03.06.02,032,Performance — Aeroplanes,MED,N,,3,agent_tasklist.md,0,DRAFT_DONE,Explain the factors that affect optimum cruise altitude.
032.04.03.06.03,032,Performance — Aeroplanes,MED,N,,3,agent_tasklist.md,0,DRAFT_DONE,Explain the factors that can affect or limit the maximum operating cruise altitude.
032.04.03.06.04,032,Performance — Aeroplanes,MED,N,,3,agent_tasklist.md,0,DRAFT_DONE,"Explain the purpose of, and operational reasons for, a step climb and when such a climb would be initiated for optimum range."
032.04.03.06.05,032,Performance — Aeroplanes,MED,N,,1,syllabus_canonical.json,0,DRAFT_DONE,Describe the buffet onset boundary (BOB) and determine the high- and low-speed buffet (speed/Mach number only).
032.04.03.06.06,032,Performance — Aeroplanes,MED,N,,3,agent_tasklist.md,0,DRAFT_DONE,"Analyse the influence of bank angle, mass and the 1.3g buffet margin on a step climb."
032.04.03.06.07,032,Performance — Aeroplanes,MED,N,,3,agent_tasklist.md,0,DRAFT_DONE,Describe that the high-speed buffet can occur at speeds slower or faster than MMO.
032.04.03.06.08,032,Performance — Aeroplanes,MED,N,,3,agent_tasklist.md,0,DRAFT_DONE,"Explain the reasons why a step climb may not be used (e.g. for short sectors, advantageous winds, avoiding turbulence, and due to air traffic restrictions)."
032.04.03.07.01,032,Performance — Aeroplanes,MED,N,,3,agent_tasklist.md,0,DRAFT_DONE,Describe ‘cost index’.
032.04.03.07.02,032,Performance — Aeroplanes,MED,N,,3,agent_tasklist.md,0,DRAFT_DONE,Describe the reason for economical cruise speed.
032.04.03.07.03,032,Performance — Aeroplanes,MED,N,,3,agent_tasklist.md,0,DRAFT_DONE,"Describe the effect of cost index on climb, cruise and descent speeds."
032.04.04.01.01,032,Performance — Aeroplanes,MED,N,,3,agent_tasklist.md,0,DRAFT_DONE,Describe the determination of en-route flight-path data with one-engine-inoperative in accordance with the CS-25 provision on en-route flight paths.
032.04.04.01.02,032,Performance — Aeroplanes,MED,N,,3,agent_tasklist.md,0,DRAFT_DONE,Describe the minimum obstacle-clearance height prescribed in the applicable operational requirements.
032.04.04.01.03,032,Performance — Aeroplanes,MED,N,,3,agent_tasklist.md,0,DRAFT_DONE,Describe the optimum speed that the pilot should select during drift-down.
032.04.04.01.04,032,Performance — Aeroplanes,MED,N,,3,agent_tasklist.md,0,DRAFT_DONE,Explain the influence of deceleration on the drift-down profiles.
032.04.04.02.01,032,Performance — Aeroplanes,MED,N,,3,agent_tasklist.md,0,DRAFT_DONE,Describe and explain the factors which affect the en-route net drift-down flight path.
032.04.05.01.01,032,Performance — Aeroplanes,MED,N,,3,agent_tasklist.md,0,DRAFT_DONE,Explain the effect of descending at constant Mach number.
032.04.05.01.02,032,Performance — Aeroplanes,MED,N,,3,agent_tasklist.md,0,DRAFT_DONE,Explain the effect of descending at constant IAS.
032.04.05.01.03,032,Performance — Aeroplanes,MED,N,,3,agent_tasklist.md,0,DRAFT_DONE,Explain the correct sequence of descent speeds for turbojet transport aeroplanes.
032.04.05.01.04,032,Performance — Aeroplanes,MED,N,,3,agent_tasklist.md,0,DRAFT_DONE,Determine the effect on TAS when descending in and above the troposphere at constant Mach number.
032.04.05.01.05,032,Performance — Aeroplanes,MED,N,,3,agent_tasklist.md,0,DRAFT_DONE,Describe the following limiting speeds for descent: maximum operating speed (VMO); maximum Mach number (MMO).
032.04.05.01.06,032,Performance — Aeroplanes,MED,N,,3,agent_tasklist.md,0,DRAFT_DONE,Explain the effect of a descent at constant Mach number on the margin to low- and high-speed buffet.
032.04.05.02.01,032,Performance — Aeroplanes,MED,N,,3,agent_tasklist.md,0,DRAFT_DONE,Explain the advantages and principle of a continuous descent.
032.04.05.02.02,032,Performance — Aeroplanes,LOW,Y,,3,agent_tasklist.md,0,DRAFT_DONE,"Describe energy management in terms of chemical, potential and kinetic energy."
032.04.05.02.03,032,Performance — Aeroplanes,MED,N,,3,agent_tasklist.md,0,DRAFT_DONE,Describe the effect of increasing/decreasing headwind and tailwind on profile management.
032.04.05.02.04,032,Performance — Aeroplanes,MED,N,,3,agent_tasklist.md,0,DRAFT_DONE,Describe the effect of the Mach number to IAS transition (speed conversion) on profile management.
032.04.05.02.05,032,Performance — Aeroplanes,MED,N,,3,agent_tasklist.md,0,DRAFT_DONE,"Describe situations during the descent and approach in which a pilot could find that an aeroplane flies high or fast, and explain how the pilot can manage descent angle/excess energy."
032.04.06.01.01,032,Performance — Aeroplanes,MED,N,,3,agent_tasklist.md,0,DRAFT_DONE,Describe the CS-25 requirements for the approach climb (one-engine-inoprative).
032.04.06.01.02,032,Performance — Aeroplanes,MED,N,,3,agent_tasklist.md,0,DRAFT_DONE,Describe the CS-25 requirements for the landing climb.
032.04.06.01.03,032,Performance — Aeroplanes,MED,N,,3,agent_tasklist.md,0,DRAFT_DONE,Explain the effect of temperature and pressure altitude on approach and landing-climb performance.
032.04.06.02.01,032,Performance — Aeroplanes,LOW,Y,,3,agent_tasklist.md,0,DRAFT_DONE,Describe the landing distance determined according to CS 25 (‘demonstrated’ landing distance).
032.04.06.02.02,032,Performance — Aeroplanes,MED,N,,3,agent_tasklist.md,0,DRAFT_DONE,"Describe the landing-field-length requirements for dry, wet and contaminated runways and the applicable operational requirements."
032.04.06.02.03,032,Performance — Aeroplanes,LOW,Y,,3,agent_tasklist.md,0,DRAFT_DONE,Define the ‘landing distance available’ (LDA).
032.04.06.02.04,032,Performance — Aeroplanes,MED,N,,3,agent_tasklist.md,0,DRAFT_DONE,"Define and explain the following speeds in accordance with CS-25 or CS-Definitions: reference stall speed in the landing configuration (VSR0); reference landing speed (VREF); minimum control speed, approach and landing (VMCL)."
032.04.06.03.01,032,Performance — Aeroplanes,MED,N,,3,agent_tasklist.md,0,DRAFT_DONE,"Explain the effect of runway slope, surface conditions and wind on the maximum landing mass for a given landing distance available in accordance with the applicable operational requirements."
032.04.06.03.02,032,Performance — Aeroplanes,MED,N,,3,agent_tasklist.md,0,DRAFT_DONE,Explain the effect on landing distance and maximum allowable landing mass of the following devices affecting deceleration: reverse; anti-skid; ground spoilers or lift dumpers; autobrakes.
032.04.06.03.03,032,Performance — Aeroplanes,MED,N,,3,agent_tasklist.md,0,DRAFT_DONE,Explain the effect of temperature and pressure altitude on the maximum landing mass for a given landing distance available.
032.04.06.03.04,032,Performance — Aeroplanes,MED,N,,3,agent_tasklist.md,0,DRAFT_DONE,Explain the effect of hydroplaning on landing distance required and methods of managing landing on contaminated or wet runways.
032.04.06.04.01,032,Performance — Aeroplanes,MED,N,,3,agent_tasklist.md,0,DRAFT_DONE,Describe how brake temperature limits the turnaround times.
032.05.01.01.01,032,Performance — Aeroplanes,MED,N,,3,agent_tasklist.md,0,DRAFT_DONE,Determine from given graphs the field-lenght-limited take-off mass (FLLTOM) and describe situations in which this limitation could be most restrictive for take-off.
032.05.01.01.02,032,Performance — Aeroplanes,MED,N,,3,agent_tasklist.md,0,DRAFT_DONE,Determine from given graphs the climb-limited take-off mass and describe situations in which this limitation could be most restrictive for take-off.
032.05.01.01.03,032,Performance — Aeroplanes,MED,N,,3,agent_tasklist.md,0,DRAFT_DONE,Determine from given graphs the obstacle-limited mass and describe situations in which this limitation could be most restrictive for take-off.
032.05.01.01.04,032,Performance — Aeroplanes,MED,N,,3,agent_tasklist.md,0,DRAFT_DONE,Determine from given graphs the tyre-speed-limited take-off mass.
032.05.01.01.05,032,Performance — Aeroplanes,MED,N,,3,agent_tasklist.md,0,DRAFT_DONE,Determine from given graphs the maximum brake-energy-limited take-off mass.
032.05.01.01.06,032,Performance — Aeroplanes,MED,N,,3,agent_tasklist.md,0,DRAFT_DONE,Determine the take-off V speeds for the actual take-off mass.
032.05.01.01.07,032,Performance — Aeroplanes,MED,N,,3,agent_tasklist.md,0,DRAFT_DONE,Determine the maximum take-off mass using given RTOM tables.
032.05.01.01.08,032,Performance — Aeroplanes,MED,N,,3,agent_tasklist.md,0,DRAFT_DONE,"Using RTOM tables, determine the take-off V speeds for the actual take-off weight using appropriate corrections."
032.05.01.01.09,032,Performance — Aeroplanes,MED,N,,3,agent_tasklist.md,0,DRAFT_DONE,Determine the assumed/flex temperature and take-off V speeds using the RTOM tables.
032.05.01.01.10,032,Performance — Aeroplanes,MED,N,,3,agent_tasklist.md,0,DRAFT_DONE,Calculate the break cooling time following a rejected take-off given appropriate data.
032.05.02.01.01,032,Performance — Aeroplanes,MED,N,,3,agent_tasklist.md,0,DRAFT_DONE,Determine the one-engine-out net stabilising altitude (level-off altitude) from given graphs/tables.
032.05.02.01.02,032,Performance — Aeroplanes,MED,N,,3,agent_tasklist.md,0,DRAFT_DONE,Determine the maximum mass at which the net stabilising altitude with one-engine-out clears the highest relevant obstacle by the required clearance margin.
032.05.02.01.03,032,Performance — Aeroplanes,HIGH,N,Fuel/energy scheme alignment,3,agent_tasklist.md,0,DRAFT_DONE,"Determine, using drift-down graphs, fuel used, time and distance travelled in a descent from a cruise flight level to a given altitude."
032.05.03.01.01,032,Performance — Aeroplanes,MED,N,,3,agent_tasklist.md,0,DRAFT_DONE,Determine the field length required for landing with a given landing mass from the aeroplane performance data sheets.
032.05.03.01.02,032,Performance — Aeroplanes,MED,N,,3,agent_tasklist.md,0,DRAFT_DONE,Determine the landing and approach climb-limited landing mass from the aeroplane performance data sheets.
032.05.03.01.03,032,Performance — Aeroplanes,MED,N,,3,agent_tasklist.md,0,DRAFT_DONE,Calculate the maximum allowable landing mass as the lowest of: approach-climb- and landing-climb-limited landing mass; landing-field-length-limited landing mass; structural-limited landing mass.
032.05.03.01.04,032,Performance — Aeroplanes,MED,N,,3,agent_tasklist.md,0,DRAFT_DONE,Determine the brake cooling time for different landing masses using the aeroplane performance data sheets.
033.01.01.01.01,033,Flight Planning and Monitoring,MED,N,,3,agent_tasklist.md,0,DRAFT_DONE,Select routes taking the following criteria into account: classification of airspace; restricted areas; VFR semicircular rules; visually conspicuous points; radio-navigation aids.
033.01.01.01.02,033,Flight Planning and Monitoring,MED,N,,3,agent_tasklist.md,0,DRAFT_DONE,Find the frequencies or identifiers of radio-navigation aids from charts.
033.01.01.01.03,033,Flight Planning and Monitoring,MED,N,,3,agent_tasklist.md,0,DRAFT_DONE,Find the communication frequencies and call signs for the following: control agencies and service facilities; flight information service (FIS); weather information stations; automatic terminal information service (ATIS).
033.01.01.02.01,033,Flight Planning and Monitoring,MED,N,,3,agent_tasklist.md,0,DRAFT_DONE,"Choose visual waypoints in accordance with specified criteria (large, unique, contrast, vertical extent, etc.)."
033.01.01.02.02,033,Flight Planning and Monitoring,MED,N,,3,agent_tasklist.md,0,DRAFT_DONE,Measure courses and distances from a VFR chart.
033.01.01.02.03,033,Flight Planning and Monitoring,MED,N,,3,agent_tasklist.md,0,DRAFT_DONE,Find the highest obstacle within a given distance on either side of the course.
033.01.01.02.04,033,Flight Planning and Monitoring,MED,N,,3,agent_tasklist.md,0,DRAFT_DONE,Find the following data from a VFR chart and transfer them to a navigation plan: waypoints or turning points; distances; true/magnetic courses.
033.01.01.02.05,033,Flight Planning and Monitoring,MED,N,,3,agent_tasklist.md,0,DRAFT_DONE,Calculate the minimum pressure altitude with a given obstacle clearance or true altitude from a given altitude or pressure altitude from minimum grid-area altitude using outside air temperature (OAT) and QNH.
033.01.01.02.06,033,Flight Planning and Monitoring,MED,N,,3,agent_tasklist.md,0,DRAFT_DONE,Calculate the vertical or horizontal distance and time to climb or descend to/from a given level or altitude with given data.
033.01.01.02.07,033,Flight Planning and Monitoring,MED,N,,3,agent_tasklist.md,0,DRAFT_DONE,"Explain how to determine the position of a significant VFR point for insertion into a global navigation satellite system (GNSS) flight plan, using the distance and bearing from an existing significant point and using coordinates."
033.01.01.03.01,033,Flight Planning and Monitoring,LOW,Y,,3,agent_tasklist.md,0,DRAFT_DONE,Explain the reasons for studying the visual departure procedures and the available approach procedures.
033.01.01.03.02,033,Flight Planning and Monitoring,HIGH,N,Fuel/energy scheme: basic + RCF 3% + isolated aerodrome + revised extra/discretionary fuel,3,agent_tasklist.md,0,DRAFT_DONE,"Find all visual procedures which can be expected at the departure, destination and alternate aerodromes."
033.01.01.03.03,033,Flight Planning and Monitoring,MED,N,,3,agent_tasklist.md,0,DRAFT_DONE,Find all relevant aeronautical and regulatory information required for VFR flight planning from the aerodrome charts or aerodrome directory.
033.01.01.05.01,033,Flight Planning and Monitoring,MED,N,,3,agent_tasklist.md,0,DRAFT_DONE,"Calculate the true airspeed (TAS) from given aircraft performance data, altitude and OAT."
033.01.01.05.02,033,Flight Planning and Monitoring,MED,N,,3,agent_tasklist.md,0,DRAFT_DONE,"Calculate wind correction angles (WCAs), drift and ground speeds (GS)."
033.01.01.05.03,033,Flight Planning and Monitoring,HIGH,N,Fuel/energy scheme: basic + RCF 3% + isolated aerodrome + revised extra/discretionary fuel,3,agent_tasklist.md,0,DRAFT_DONE,Calculate individual and accumulated times for each leg to destination and alternate aerodromes.
033.02.01.01.01,033,Flight Planning and Monitoring,MED,N,,3,agent_tasklist.md,0,DRAFT_DONE,Identify suitable routings by identifying all relevant aeronautical and regulatory information (including information published in the national aeronautical information publication (AIP)) required for IFR flight planning.
033.02.01.01.02,033,Flight Planning and Monitoring,MED,N,,3,agent_tasklist.md,0,DRAFT_DONE,"Identify and describe ATS routes (conventional, area navigation (RNAV), required navigation performance (RNP), conditional routes (CDRs), and direct routes)."
033.02.01.02.01,033,Flight Planning and Monitoring,MED,N,,3,agent_tasklist.md,0,DRAFT_DONE,Determine courses and distances.
033.02.01.02.02,033,Flight Planning and Monitoring,MED,N,,3,agent_tasklist.md,0,DRAFT_DONE,Determine bearings and distances of waypoints from radio-navigation aids.
033.02.01.03.01,033,Flight Planning and Monitoring,MED,N,,3,agent_tasklist.md,0,DRAFT_DONE,Define the following altitudes: minimum en-route altitude (MEA); minimum obstacle clearance altitude (MOCA); minimum sector altitude (MSA); minimum off-route altitude (MORA); grid minimum off-route altitude (Grid MORA); maximum authorised altitude (MAA); minimum crossing altitude (MCA); minimum holding altitude (MHA).
033.02.01.03.02,033,Flight Planning and Monitoring,MED,N,,3,agent_tasklist.md,0,DRAFT_DONE,Extract the following altitudes from the chart(s): MEA; MOCA; MSA; MORA; Grid MORA; MAA; MCA; MHA.
033.02.01.03.03,033,Flight Planning and Monitoring,MED,N,,3,agent_tasklist.md,0,DRAFT_DONE,State who is responsible for terrain separation during IFR flight inside and outside controlled airspace.
033.02.01.03.04,033,Flight Planning and Monitoring,MED,N,,3,agent_tasklist.md,0,DRAFT_DONE,State the minimum obstacle clearance requirements for en-route IFR flight inside and outside controlled airspace.
033.02.01.03.05,033,Flight Planning and Monitoring,MED,N,,3,agent_tasklist.md,0,DRAFT_DONE,State when a temperature error correction must be applied by either the pilot or ATC.
033.02.01.03.06,033,Flight Planning and Monitoring,MED,N,,3,agent_tasklist.md,0,DRAFT_DONE,Identify and explain the use of minimum radar vectoring altitudes.
033.02.01.03.07,033,Flight Planning and Monitoring,MED,N,,3,agent_tasklist.md,0,DRAFT_DONE,"Calculate the minimum pressure altitude required with a given obstacle clearance, magnetic track, OAT, QNH and reduced vertical separation minimum (RVSM)/non-RVSM information."
033.02.01.03.08,033,Flight Planning and Monitoring,MED,N,,3,agent_tasklist.md,0,DRAFT_DONE,"Calculate true altitude above a given datum using a given pressure altitude, OAT and QNH."
033.02.01.04.01,033,Flight Planning and Monitoring,LOW,Y,,3,agent_tasklist.md,0,DRAFT_DONE,State the reasons for studying SID and STAR charts.
033.02.01.04.02,033,Flight Planning and Monitoring,LOW,Y,,3,agent_tasklist.md,0,DRAFT_DONE,State that SID and STAR charts show procedures only in a pictorial presentation style which may not be true to scale.
033.02.01.04.03,033,Flight Planning and Monitoring,MED,N,,3,agent_tasklist.md,0,DRAFT_DONE,"Interpret all data and information represented on SID and STAR charts, particularly: routings; distances; courses; radials; altitudes/levels; frequencies; restrictions; RNAV waypoints and non-RNAV intersection; fly-over and fly-by waypoints."
033.02.01.04.04,033,Flight Planning and Monitoring,MED,N,,3,agent_tasklist.md,0,DRAFT_DONE,Identify SID and STAR charts which might be relevant for a planned flight.
033.02.01.04.05,033,Flight Planning and Monitoring,MED,N,,3,agent_tasklist.md,0,DRAFT_DONE,Define SID and STAR for RNAV only.
033.02.01.04.06,033,Flight Planning and Monitoring,MED,N,,3,agent_tasklist.md,0,DRAFT_DONE,"Describe the difference between SID/STAR, RNAV SID/STAR and RNAV SID/STAR overlay."
033.02.01.05.01,033,Flight Planning and Monitoring,HIGH,Y,Fuel/energy scheme: basic + RCF 3% + isolated aerodrome + revised extra/discretionary fuel,3,agent_tasklist.md,0,DRAFT_DONE,"State the reasons for being familiar with instrument-approach procedures (IAPs) and appropriate data for departure, destination and alternate aerodromes."
033.02.01.05.02,033,Flight Planning and Monitoring,HIGH,N,Fuel/energy scheme: basic + RCF 3% + isolated aerodrome + revised extra/discretionary fuel,3,agent_tasklist.md,0,DRAFT_DONE,"Select IAPs appropriate for departure, destination and alternate aerodromes."
033.02.01.05.03,033,Flight Planning and Monitoring,MED,N,,3,agent_tasklist.md,0,DRAFT_DONE,"Interpret all procedures, data and information represented on instrument-approach charts, particularly: courses and radials; distances; altitudes/levels/heights; restrictions; obstructions; frequencies; speeds and times; decision altitudes/heights (DAs/Hs); (DA/H) and minimum descent altitudes/heights (MDAs/Hs); visibility and runway visual ranges (RVRs); approach-light systems."
033.02.01.05.04,033,Flight Planning and Monitoring,MED,N,,3,agent_tasklist.md,0,DRAFT_DONE,"Explain the following IAP terms: type A and B; 2D and 3D; CAT I, II and III; precision approach (conventional and ground-based augmentation system (GBAS)); non-precision approach (conventional and required navigation performance approach (RNP APCH) (lateral navigation (LNAV), LNAV/vertical navigation (VNAV), localiser performance (LP), localiser performance with vertical guidance (LPV), and required navigation performance authorisation required approach (RNP AR APCH)); approach procedure with vertical guidance (APV) (APV Baro and APV satellite-based augmentation system (SBAS))."
033.02.01.06.01,033,Flight Planning and Monitoring,MED,N,,3,agent_tasklist.md,0,DRAFT_DONE,Find the communication frequencies and call signs for aeronautical services for IFR flights from en-route charts.
033.02.01.06.02,033,Flight Planning and Monitoring,MED,N,,3,agent_tasklist.md,0,DRAFT_DONE,Find the frequency or identifiers of radio-navigation aids for IFR flights from en-route charts.
033.02.01.07.01,033,Flight Planning and Monitoring,MED,N,,3,agent_tasklist.md,0,DRAFT_DONE,"Complete a navigation plan with the courses, distances and frequencies taken from charts."
033.02.01.07.02,033,Flight Planning and Monitoring,MED,N,,3,agent_tasklist.md,0,DRAFT_DONE,Find the SID and STAR routes to be flown or to be expected.
033.02.01.07.03,033,Flight Planning and Monitoring,MED,N,,3,agent_tasklist.md,0,DRAFT_DONE,Determine the position of top of climb (TOC) and top of descent (TOD) from given appropriate data.
033.02.01.07.04,033,Flight Planning and Monitoring,MED,N,,3,agent_tasklist.md,0,DRAFT_DONE,Determine variation and calculate magnetic/true courses.
033.02.01.07.05,033,Flight Planning and Monitoring,MED,N,,3,agent_tasklist.md,0,DRAFT_DONE,"Calculate TAS from given aircraft performance data, altitude and OAT."
033.02.01.07.06,033,Flight Planning and Monitoring,MED,N,,3,agent_tasklist.md,0,DRAFT_DONE,Calculate wind correction angles (WCAs)/drift and ground speeds (GSs).
033.02.01.07.07,033,Flight Planning and Monitoring,HIGH,N,Fuel/energy scheme: basic + RCF 3% + isolated aerodrome + revised extra/discretionary fuel,3,agent_tasklist.md,0,DRAFT_DONE,Calculate individual and accumulated times for each leg to destination and alternate aerodromes.
033.02.01.07.08,033,Flight Planning and Monitoring,HIGH,N,Fuel/energy scheme: basic + RCF 3% + isolated aerodrome + revised extra/discretionary fuel,3,agent_tasklist.md,0,DRAFT_DONE,"Describe the advantages of global navigation satellite system/flight management computer (GNSS/FMC) equipment regarding: automatic calculation and display of tracks and leg distances; additional route information in the database (minimum altitudes, approach procedures); time and fuel estimates over waypoints; ability to adjust speed to arrive over a waypoint at a defined time; time and fuel revisions based on predicted and actual wind."
033.02.01.07.09,033,Flight Planning and Monitoring,HIGH,N,Fuel/energy scheme: basic + RCF 3% + isolated aerodrome + revised extra/discretionary fuel,3,agent_tasklist.md,0,DRAFT_DONE,"Describe the limitations of using GNSS/FMC equipment: pilot-inputted errors (flight levels, wind, temperature, fuel); the effect of other than predicted wind on fuel and time estimates; the effect of aircraftʼs non-standard configuration on flight management system (FMS) predictions."
033.03.01.01.01,033,Flight Planning and Monitoring,MED,N,,3,agent_tasklist.md,0,DRAFT_DONE,"Convert to volume, mass and density given in different units which are commonly used in aviation."
033.03.01.01.02,033,Flight Planning and Monitoring,HIGH,N,Fuel/energy scheme: basic + RCF 3% + isolated aerodrome + revised extra/discretionary fuel,3,agent_tasklist.md,0,DRAFT_DONE,"Determine relevant data, such as fuel capacity, fuel flow/ consumption at different power/thrust settings, altitudes and atmospheric conditions, from the flight manual."
033.03.01.01.03,033,Flight Planning and Monitoring,HIGH,N,Fuel/energy scheme: basic + RCF 3% + isolated aerodrome + revised extra/discretionary fuel,3,agent_tasklist.md,0,DRAFT_DONE,Calculate the attainable flight time/range from given average fuel flow/consumption and available amount of fuel.
033.03.01.01.04,033,Flight Planning and Monitoring,HIGH,N,Fuel/energy scheme: basic + RCF 3% + isolated aerodrome + revised extra/discretionary fuel,3,agent_tasklist.md,0,DRAFT_DONE,Calculate the required fuel from given average fuel flow/ consumption and required time/range to be flown.
033.03.01.01.05,033,Flight Planning and Monitoring,HIGH,N,Fuel/energy scheme: basic + RCF 3% + isolated aerodrome + revised extra/discretionary fuel,3,agent_tasklist.md,0,DRAFT_DONE,Calculate the required fuel for a VFR flight from given forecast meteorological conditions.
033.03.01.01.06,033,Flight Planning and Monitoring,HIGH,N,Fuel/energy scheme: basic + RCF 3% + isolated aerodrome + revised extra/discretionary fuel,3,agent_tasklist.md,0,DRAFT_DONE,State the minimum amount of remaining fuel required on arrival at the destination and alternate aerodromes/ heliports.
033.03.01.01.07,033,Flight Planning and Monitoring,MED,N,,3,agent_tasklist.md,0,DRAFT_DONE,Explain and describe how to calculate nautical air miles (NAM) from nautical ground miles (NGM).
033.03.01.01.08,033,Flight Planning and Monitoring,HIGH,N,Fuel/energy scheme: basic + RCF 3% + isolated aerodrome + revised extra/discretionary fuel,3,agent_tasklist.md,0,DRAFT_DONE,Calculate the required fuel for an IFR flight from given forecast meteorological conditions.
033.03.02.01.01,033,Flight Planning and Monitoring,HIGH,N,Fuel/energy scheme: basic + RCF 3% + isolated aerodrome + revised extra/discretionary fuel,3,agent_tasklist.md,0,DRAFT_DONE,Determine the fuel required for engine start and taxiing by consulting the fuel-usage tables or graphs from the flight manual taking into account all the relevant conditions.
033.03.02.02.01,033,Flight Planning and Monitoring,HIGH,N,Fuel/energy scheme: basic + RCF 3% + isolated aerodrome + revised extra/discretionary fuel,3,agent_tasklist.md,0,DRAFT_DONE,Define trip fuel and name the segments of flight for which the trip fuel is relevant.
033.03.02.02.02,033,Flight Planning and Monitoring,HIGH,N,Fuel/energy scheme: basic + RCF 3% + isolated aerodrome + revised extra/discretionary fuel,3,agent_tasklist.md,0,DRAFT_DONE,Determine the trip fuel for the flight by using data from the fuel tables or graphs from the flight manual.
033.03.02.03.01,033,Flight Planning and Monitoring,HIGH,N,Fuel/energy scheme: basic + RCF 3% + isolated aerodrome + revised extra/discretionary fuel,3,agent_tasklist.md,0,DRAFT_DONE,Explain the reasons for having contingency fuel.
033.03.02.03.02,033,Flight Planning and Monitoring,HIGH,N,Fuel/energy scheme: basic + RCF 3% + isolated aerodrome + revised extra/discretionary fuel,3,agent_tasklist.md,0,DRAFT_DONE,Calculate the contingency fuel according to the applicable operational requirements.
033.03.02.03.03,033,Flight Planning and Monitoring,HIGH,N,Fuel/energy scheme: basic + RCF 3% + isolated aerodrome + revised extra/discretionary fuel,3,agent_tasklist.md,0,DRAFT_DONE,Explain the reasons and regulations for having alternate fuel and name the segments of flight for which the alternate fuel is relevant.
033.03.02.03.04,033,Flight Planning and Monitoring,HIGH,N,Fuel/energy scheme: basic + RCF 3% + isolated aerodrome + revised extra/discretionary fuel,3,agent_tasklist.md,0,DRAFT_DONE,Calculate the alternate fuel in accordance with the applicable operational requirements and relevant data from the navigation plan and the flight manual.
033.03.02.03.05,033,Flight Planning and Monitoring,HIGH,N,Fuel/energy scheme: basic + RCF 3% + isolated aerodrome + revised extra/discretionary fuel,3,agent_tasklist.md,0,DRAFT_DONE,Explain the reasons and regulations for having final reserve fuel.
033.03.02.03.06,033,Flight Planning and Monitoring,HIGH,N,Fuel/energy scheme: basic + RCF 3% + isolated aerodrome + revised extra/discretionary fuel,3,agent_tasklist.md,0,DRAFT_DONE,Calculate the final reserve fuel for an aircraft in accordance with the applicable operational requirements and by using relevant data from the flight manual.
033.03.02.03.07,033,Flight Planning and Monitoring,HIGH,N,Fuel/energy scheme: basic + RCF 3% + isolated aerodrome + revised extra/discretionary fuel,3,agent_tasklist.md,0,DRAFT_DONE,Explain the reasons and regulations for having additional fuel.
033.03.02.03.08,033,Flight Planning and Monitoring,HIGH,N,Fuel/energy scheme: basic + RCF 3% + isolated aerodrome + revised extra/discretionary fuel,3,agent_tasklist.md,0,DRAFT_DONE,Calculate the additional fuel for a flight in accordance with the applicable operational requirements.
033.03.02.04.01,033,Flight Planning and Monitoring,HIGH,N,Fuel/energy scheme: basic + RCF 3% + isolated aerodrome + revised extra/discretionary fuel,3,agent_tasklist.md,0,DRAFT_DONE,Explain the reasons and regulations for having extra fuel in accordance with the applicable operational requirements.
033.03.02.04.02,033,Flight Planning and Monitoring,HIGH,N,Fuel/energy scheme: basic + RCF 3% + isolated aerodrome + revised extra/discretionary fuel,3,agent_tasklist.md,0,DRAFT_DONE,Calculate the possible extra fuel under given conditions.
033.03.02.04.03,033,Flight Planning and Monitoring,HIGH,N,Fuel/energy scheme: basic + RCF 3% + isolated aerodrome + revised extra/discretionary fuel,3,agent_tasklist.md,0,DRAFT_DONE,Explain the fuel penalty incurred when loading extra fuel (i.e. the additional fuel consumption due to increased mass).
033.03.02.05.01,033,Flight Planning and Monitoring,HIGH,N,Fuel/energy scheme: basic + RCF 3% + isolated aerodrome + revised extra/discretionary fuel,3,agent_tasklist.md,0,DRAFT_DONE,Calculate the total fuel required for a given flight.
033.03.02.05.02,033,Flight Planning and Monitoring,HIGH,N,Fuel/energy scheme: basic + RCF 3% + isolated aerodrome + revised extra/discretionary fuel,3,agent_tasklist.md,0,DRAFT_DONE,Complete the fuel plan.
033.03.03.01.01,033,Flight Planning and Monitoring,HIGH,Y,Fuel/energy scheme: basic + RCF 3% + isolated aerodrome + revised extra/discretionary fuel,3,agent_tasklist.md,0,DRAFT_DONE,Explain the reasons and regulations for reduced contingency fuel as stated in the applicable operational requirements.
033.03.03.01.02,033,Flight Planning and Monitoring,HIGH,N,Fuel/energy scheme: basic + RCF 3% + isolated aerodrome + revised extra/discretionary fuel,3,agent_tasklist.md,0,DRAFT_DONE,Calculate the contingency fuel and trip fuel required in accordance with the reduced contingency fuel procedure.
033.03.03.02.01,033,Flight Planning and Monitoring,LOW,Y,,3,agent_tasklist.md,0,DRAFT_DONE,Explain the basic procedures for an isolated aerodrome or heliport as stated in the applicable operational requirements.
033.03.03.02.02,033,Flight Planning and Monitoring,HIGH,N,Fuel/energy scheme: basic + RCF 3% + isolated aerodrome + revised extra/discretionary fuel,3,agent_tasklist.md,0,DRAFT_DONE,Calculate the additional fuel for aeroplanes or helicopters according to the isolated aerodrome or heliport procedures.
033.03.03.03.01,033,Flight Planning and Monitoring,LOW,Y,,3,agent_tasklist.md,0,DRAFT_DONE,Explain the basic idea of the predetermined-point procedure as stated in the applicable operational requirements.
033.03.03.04.01,033,Flight Planning and Monitoring,HIGH,N,Fuel/energy scheme: basic + RCF 3% + isolated aerodrome + revised extra/discretionary fuel,3,agent_tasklist.md,0,DRAFT_DONE,Explain the basic idea of fuel-tankering procedures.
033.03.03.04.02,033,Flight Planning and Monitoring,HIGH,N,Fuel/energy scheme: basic + RCF 3% + isolated aerodrome + revised extra/discretionary fuel,3,agent_tasklist.md,0,DRAFT_DONE,"Calculate how much fuel to tank by using given appropriate graphs, tables or data."
033.04.01.01.01,033,Flight Planning and Monitoring,MED,N,,3,agent_tasklist.md,0,DRAFT_DONE,Check that the ground- and satellite-based facilities and services required for the planned flight are available and adequate.
033.04.01.02.01,033,Flight Planning and Monitoring,HIGH,N,Fuel/energy scheme: basic + RCF 3% + isolated aerodrome + revised extra/discretionary fuel,3,agent_tasklist.md,0,DRAFT_DONE,"Find and analyse the latest state at the departure, destination and alternate aerodromes, in particular for: opening hours; work in progress (WIP); special procedures due to WIP; obstructions; changes of frequencies for communications, navigation aids and facilities."
033.04.01.02.02,033,Flight Planning and Monitoring,MED,N,,3,agent_tasklist.md,0,DRAFT_DONE,Check that satellite-based facilities are available during the expected time of use.
033.04.01.02.03,033,Flight Planning and Monitoring,MED,N,,3,agent_tasklist.md,0,DRAFT_DONE,Check that GBAS/SBAS augmentation is available during the expected time of use.
033.04.01.03.01,033,Flight Planning and Monitoring,MED,N,,3,agent_tasklist.md,0,DRAFT_DONE,"Find and analyse the latest en-route state for: airway(s) or route(s); restricted, danger and prohibited areas; changes of frequencies for communications, navigation aids and facilities."
033.04.01.04.01,033,Flight Planning and Monitoring,MED,N,,3,agent_tasklist.md,0,DRAFT_DONE,Define why it is important to check GNSS achievability.
033.04.01.04.02,033,Flight Planning and Monitoring,MED,N,,3,agent_tasklist.md,0,DRAFT_DONE,"Define receiver autonomous integrity monitoring (RAIM), NOTAM and notice advisory to NavStar users (NANU) messages."
033.04.01.04.03,033,Flight Planning and Monitoring,MED,N,,3,agent_tasklist.md,0,DRAFT_DONE,Explain the difference in use of augmented and non-augmented GNSS in connection with the achievability check.
033.04.01.04.04,033,Flight Planning and Monitoring,MED,N,,3,agent_tasklist.md,0,DRAFT_DONE,Explain the difference in planned and unplanned outage of GNSS or SBAS.
033.04.02.02.01,033,Flight Planning and Monitoring,HIGH,N,Fuel/energy scheme: basic + RCF 3% + isolated aerodrome + revised extra/discretionary fuel,3,agent_tasklist.md,0,DRAFT_DONE,"Confirm the most fuel-efficient altitude from given wind, temperature and aircraft data."
033.04.02.02.02,033,Flight Planning and Monitoring,MED,N,,3,agent_tasklist.md,0,DRAFT_DONE,Confirm true altitudes from given atmospheric data to ensure that statutory minimum clearance is attained.
033.04.02.02.03,033,Flight Planning and Monitoring,MED,N,,3,agent_tasklist.md,0,DRAFT_DONE,Confirm magnetic headings and GSs.
033.04.02.02.04,033,Flight Planning and Monitoring,MED,N,,3,agent_tasklist.md,0,DRAFT_DONE,Confirm the individual leg times and the total time en route.
033.04.02.02.05,033,Flight Planning and Monitoring,MED,N,,3,agent_tasklist.md,0,DRAFT_DONE,Confirm the total time en route for the trip to the destination.
033.04.02.02.06,033,Flight Planning and Monitoring,HIGH,N,Fuel/energy scheme: basic + RCF 3% + isolated aerodrome + revised extra/discretionary fuel,3,agent_tasklist.md,0,DRAFT_DONE,Confirm the total time from destination to the alternate aerodrome.
033.04.02.05.01,033,Flight Planning and Monitoring,HIGH,N,Fuel/energy scheme: basic + RCF 3% + isolated aerodrome + revised extra/discretionary fuel,3,agent_tasklist.md,0,DRAFT_DONE,Calculate the revised fuel data in accordance with the changed conditions.
033.04.03.01.01,033,Flight Planning and Monitoring,MED,N,,3,agent_tasklist.md,0,DRAFT_DONE,Define ‘PETʼ.
033.04.03.01.02,033,Flight Planning and Monitoring,MED,N,,3,agent_tasklist.md,0,DRAFT_DONE,Calculate the position of a PET and the estimated time of arrival (ETA) at the PET from given relevant data.
033.04.03.02.01,033,Flight Planning and Monitoring,MED,N,,3,agent_tasklist.md,0,DRAFT_DONE,Define ‘PSRʼ.
033.04.03.02.02,033,Flight Planning and Monitoring,MED,N,,3,agent_tasklist.md,0,DRAFT_DONE,Calculate the position of a PSR and the ETA at the PSR from given relevant data.
033.05.01.01.01,033,Flight Planning and Monitoring,LOW,Y,,3,agent_tasklist.md,0,DRAFT_DONE,State the reasons for a fixed format of an ICAO ATS FPL.
033.05.01.01.02,033,Flight Planning and Monitoring,HIGH,N,Fuel/energy scheme: basic + RCF 3% + isolated aerodrome + revised extra/discretionary fuel,3,agent_tasklist.md,0,DRAFT_DONE,"Determine the correct entries to complete an ATS FPL plus decode and interpret the entries in a completed ATS FPL, particularly for the following: aircraft identification (Item 7); flight rules and type of flight (Item 8); number and type of aircraft and wake-turbulence category (Item 9); equipment (Item 10); departure aerodrome and time (Item 13); route (Item 15); destination aerodrome, total estimated elapsed time and alternate aerodrome (Item 16); other information (Item 18); supplementary information (Item 19)."
033.05.02.01.01,033,Flight Planning and Monitoring,LOW,Y,,3,agent_tasklist.md,0,DRAFT_DONE,Explain the difference between an individual FPL and an RPL.
033.06.01.01.01,033,Flight Planning and Monitoring,MED,N,,3,agent_tasklist.md,0,DRAFT_DONE,State the reasons for possible deviations from the planned track and planned timings.
033.06.01.01.02,033,Flight Planning and Monitoring,MED,N,,3,agent_tasklist.md,0,DRAFT_DONE,Calculate GS by using actual in-flight parameters.
033.06.01.01.03,033,Flight Planning and Monitoring,MED,N,,3,agent_tasklist.md,0,DRAFT_DONE,Calculate the expected leg times by using actual in-flight parameters.
033.06.01.01.04,033,Flight Planning and Monitoring,MED,N,,3,agent_tasklist.md,0,DRAFT_DONE,"Enter, in the progress of flight, at the checkpoint or turning point, the ‘actual time-over’ and the ‘estimated time-over’ for the next checkpoint into the flight plan."
033.06.01.01.05,033,Flight Planning and Monitoring,MED,N,,3,agent_tasklist.md,0,DRAFT_DONE,State that it is necessary to determine the position of the aircraft accurately before commencing descent in order to ensure safe ground clearance.
033.06.01.01.06,033,Flight Planning and Monitoring,MED,N,,3,agent_tasklist.md,0,DRAFT_DONE,"Calculate revised ETA based on changes to the pre-flight plan, including changes of W/V, cruise level, OAT, distances, Mach number and calibrated airspeed (CAS)."
033.06.01.02.01,033,Flight Planning and Monitoring,HIGH,N,Fuel/energy scheme: basic + RCF 3% + isolated aerodrome + revised extra/discretionary fuel,3,agent_tasklist.md,0,DRAFT_DONE,Explain why fuel checks must be carried out in flight at regular intervals and why relevant fuel data must be recorded.
033.06.01.02.02,033,Flight Planning and Monitoring,HIGH,N,Fuel/energy scheme: basic + RCF 3% + isolated aerodrome + revised extra/discretionary fuel,3,agent_tasklist.md,0,DRAFT_DONE,Assess deviations of actual fuel consumption from planned consumption.
033.06.01.02.03,033,Flight Planning and Monitoring,HIGH,N,Fuel/energy scheme: basic + RCF 3% + isolated aerodrome + revised extra/discretionary fuel,3,agent_tasklist.md,0,DRAFT_DONE,"Calculate fuel quantity used, fuel consumption, and fuel remaining at navigation checkpoints/waypoints."
033.06.01.02.04,033,Flight Planning and Monitoring,HIGH,N,Fuel/energy scheme: basic + RCF 3% + isolated aerodrome + revised extra/discretionary fuel,3,agent_tasklist.md,0,DRAFT_DONE,Compare the actual with the planned fuel consumption by means of calculation.
033.06.01.02.05,033,Flight Planning and Monitoring,MED,N,,3,agent_tasklist.md,0,DRAFT_DONE,Determine the remaining range and endurance by means of calculation.
033.06.01.02.06,033,Flight Planning and Monitoring,HIGH,N,Fuel/energy scheme: basic + RCF 3% + isolated aerodrome + revised extra/discretionary fuel,3,agent_tasklist.md,0,DRAFT_DONE,"Calculate the revised fuel consumption based on changes to the pre-flight plan, including changes of W/V, cruise level, OAT, distances, Mach number and CAS."
033.06.02.01.01,033,Flight Planning and Monitoring,HIGH,N,Fuel/energy scheme: basic + RCF 3% + isolated aerodrome + revised extra/discretionary fuel,3,agent_tasklist.md,0,DRAFT_DONE,"State that the commander is responsible for ensuring that, even in case of diversion, the remaining fuel is not less than the fuel required to proceed to an aerodrome where a safe landing can be made, with final reserve fuel remaining."
033.06.02.01.02,033,Flight Planning and Monitoring,HIGH,N,Fuel/energy scheme: basic + RCF 3% + isolated aerodrome + revised extra/discretionary fuel,3,agent_tasklist.md,0,DRAFT_DONE,"Explain that, in the case of an in-flight update, the commander has to check the following: the suitability of the new destination or alternate aerodrome; meteorological conditions on revised routing and at revised destination or alternate aerodrome; the aircraft must be able to land with the prescribed final reserve fuel."
033.06.02.01.03,033,Flight Planning and Monitoring,HIGH,N,Fuel/energy scheme: basic + RCF 3% + isolated aerodrome + revised extra/discretionary fuel,3,agent_tasklist.md,0,DRAFT_DONE,Calculate the revised destination/alternate aerodrome landing mass from given latest data.
040.01.01.01.01,040,Human Performance and Limitations,MED,N,,3,agent_tasklist.md,0,DRAFT_DONE,"State that competence is based on knowledge, skills and attitudes of the individual pilot, and list the ICAO eight core competencies: application of procedures; communication; aircraft flight path management, automation; aircraft flight path management, manual control; leadership and teamwork; problem-solving and decision-making; situation awareness; workload management."
040.01.03.01.01,040,Human Performance and Limitations,MED,N,,3,agent_tasklist.md,0,DRAFT_DONE,Explain the three components of the TEM model.
040.01.03.01.02,040,Human Performance and Limitations,MED,N,,3,agent_tasklist.md,0,DRAFT_DONE,Explain and give examples of latent threats.
040.01.03.01.03,040,Human Performance and Limitations,MED,N,,3,agent_tasklist.md,0,DRAFT_DONE,Explain and give examples of environmental threats.
040.01.03.01.04,040,Human Performance and Limitations,MED,N,,3,agent_tasklist.md,0,DRAFT_DONE,Explain and give examples of organisational threats.
040.01.03.01.05,040,Human Performance and Limitations,MED,N,,3,agent_tasklist.md,0,DRAFT_DONE,"Explain and give a definition of ‘error’ according to the TEM model of ICAO Doc 9683 (Part II, Chapter 2)."
040.01.03.01.06,040,Human Performance and Limitations,MED,N,,3,agent_tasklist.md,0,DRAFT_DONE,"Give examples of different countermeasures which may be used in order to manage threats, errors, and undesired aircraft states."
040.01.03.01.07,040,Human Performance and Limitations,MED,N,,3,agent_tasklist.md,0,DRAFT_DONE,"Explain and give examples of procedural error, communication errors, and aircraft handling errors."
040.01.03.01.08,040,Human Performance and Limitations,MED,N,,3,agent_tasklist.md,0,DRAFT_DONE,Explain and give examples of ‘undesired aircraft states’.
040.01.03.01.09,040,Human Performance and Limitations,MED,N,,3,agent_tasklist.md,0,DRAFT_DONE,State the components of the SHELL model.
040.01.03.01.10,040,Human Performance and Limitations,MED,N,,3,agent_tasklist.md,0,DRAFT_DONE,State the relevance of the SHELL model to the work in the cockpit.
040.01.04.01.01,040,Human Performance and Limitations,MED,N,,3,agent_tasklist.md,0,DRAFT_DONE,Distinguish between ‘open cultures’ and ‘closed cultures’.
040.01.04.01.02,040,Human Performance and Limitations,MED,N,,3,agent_tasklist.md,0,DRAFT_DONE,Illustrate how safety culture is reflected in national culture.
040.01.04.01.03,040,Human Performance and Limitations,MED,N,,3,agent_tasklist.md,0,DRAFT_DONE,Discuss the established expression ‘safety first’ in a commercial entity.
040.01.04.01.04,040,Human Performance and Limitations,MED,N,,3,agent_tasklist.md,0,DRAFT_DONE,Explain James Reason’s ‘Swiss Cheese Model’.
040.01.04.01.05,040,Human Performance and Limitations,MED,N,,3,agent_tasklist.md,0,DRAFT_DONE,State the important factors that promote a good safety culture.
040.01.04.01.06,040,Human Performance and Limitations,MED,N,,3,agent_tasklist.md,0,DRAFT_DONE,Distinguish between ‘just culture’ and ‘non-punitive culture’.
040.01.04.01.07,040,Human Performance and Limitations,MED,N,,3,agent_tasklist.md,0,DRAFT_DONE,"Name the five components which form safety culture (according to James Reason: informed culture, reporting culture, learning culture, just culture, flexible culture)."
040.01.04.01.08,040,Human Performance and Limitations,MED,N,,3,agent_tasklist.md,0,DRAFT_DONE,Name the basic concepts of safety management system (SMS) (including hazard identification and risk management) and its relationship with safety culture in order to: define how the organisation is set up to manage risks; identify workplace risk and implement suitable controls; implement effective communication across all levels of the organisation.
040.02.01.01.01,040,Human Performance and Limitations,MED,N,,3,agent_tasklist.md,0,DRAFT_DONE,State that the volume percentage of the gases in ambient air will remain constant at all altitudes at which conventional aircraft operate.
040.02.01.02.01,040,Human Performance and Limitations,MED,N,,3,agent_tasklist.md,0,DRAFT_DONE,List the main components of the respiratory system and their function.
040.02.01.02.02,040,Human Performance and Limitations,MED,N,,3,agent_tasklist.md,0,DRAFT_DONE,Identify the different volumes of air in the lungs and state the normal respiratory rate.
040.02.01.02.03,040,Human Performance and Limitations,MED,N,,3,agent_tasklist.md,0,DRAFT_DONE,Explain the role of carbon dioxide in the control and regulation of respiration.
040.02.01.02.04,040,Human Performance and Limitations,MED,N,,3,agent_tasklist.md,0,DRAFT_DONE,Describe the basic processes of external respiration and internal respiration.
040.02.01.02.05,040,Human Performance and Limitations,MED,N,,3,agent_tasklist.md,0,DRAFT_DONE,List the factors that determine pulse rate.
040.02.01.02.06,040,Human Performance and Limitations,MED,N,,3,agent_tasklist.md,0,DRAFT_DONE,Name the major components of the circulatory system and describe their function.
040.02.01.02.07,040,Human Performance and Limitations,MED,N,,3,agent_tasklist.md,0,DRAFT_DONE,State the values for a normal pulse rate and the average cardiac output (heart rate × stroke volume) of an adult at rest.
040.02.01.02.08,040,Human Performance and Limitations,MED,N,,3,agent_tasklist.md,0,DRAFT_DONE,Define ‘systolic’ and ‘diastolic’ blood pressure.
040.02.01.02.09,040,Human Performance and Limitations,MED,N,,3,agent_tasklist.md,0,DRAFT_DONE,State the normal blood pressure ranges and units of measurement.
040.02.01.02.10,040,Human Performance and Limitations,MED,N,,3,agent_tasklist.md,0,DRAFT_DONE,List the main constituents of blood and describe their functions.
040.02.01.02.11,040,Human Performance and Limitations,MED,N,,3,agent_tasklist.md,0,DRAFT_DONE,Stress the function of haemoglobin in the circulatory system.
040.02.01.02.12,040,Human Performance and Limitations,MED,N,,3,agent_tasklist.md,0,DRAFT_DONE,Define ‘anaemia’ and state its common causes.
040.02.01.02.13,040,Human Performance and Limitations,MED,N,,3,agent_tasklist.md,0,DRAFT_DONE,Indicate the effect of increasing altitude on haemoglobin oxygen saturation.
040.02.01.02.14,040,Human Performance and Limitations,MED,N,,3,agent_tasklist.md,0,DRAFT_DONE,Define ‘hypertension’ and ‘hypotension’.
040.02.01.02.15,040,Human Performance and Limitations,MED,N,,3,agent_tasklist.md,0,DRAFT_DONE,List the effects that high and low blood pressure will have on some normal functions of the human body.
040.02.01.02.16,040,Human Performance and Limitations,MED,N,,3,agent_tasklist.md,0,DRAFT_DONE,State that both hypotension and hypertension may disqualify a pilot from obtaining medical clearance to fly.
040.02.01.02.17,040,Human Performance and Limitations,MED,N,,3,agent_tasklist.md,0,DRAFT_DONE,List the factors which can lead to hypertension for an individual.
040.02.01.02.18,040,Human Performance and Limitations,MED,N,,3,agent_tasklist.md,0,DRAFT_DONE,State the corrective actions that may be taken to reduce high blood pressure.
040.02.01.02.19,040,Human Performance and Limitations,MED,N,,3,agent_tasklist.md,0,DRAFT_DONE,Stress that hypertension is the major factor of strokes in the general population.
040.02.01.02.20,040,Human Performance and Limitations,MED,N,,3,agent_tasklist.md,0,DRAFT_DONE,Differentiate between ‘angina’ and ‘heart attack’.
040.02.01.02.21,040,Human Performance and Limitations,MED,N,,3,agent_tasklist.md,0,DRAFT_DONE,Explain the major risk factors for coronary disease.
040.02.01.02.22,040,Human Performance and Limitations,MED,N,,3,agent_tasklist.md,0,DRAFT_DONE,State the role physical exercise plays in reducing the chances of developing coronary disease.
040.02.01.02.23,040,Human Performance and Limitations,MED,N,,3,agent_tasklist.md,0,DRAFT_DONE,"Define the two major forms of hypoxia (hypoxic and anaemic), and the common causes of both."
040.02.01.02.24,040,Human Performance and Limitations,MED,N,,3,agent_tasklist.md,0,DRAFT_DONE,State the symptoms of hypoxia.
040.02.01.02.25,040,Human Performance and Limitations,MED,N,,3,agent_tasklist.md,0,DRAFT_DONE,State that healthy people are able to compensate for altitudes up to approximately 10 000-12 000 ft.
040.02.01.02.26,040,Human Performance and Limitations,MED,N,,3,agent_tasklist.md,0,DRAFT_DONE,Name the three physiological thresholds and allocate the corresponding altitudes for each of them: reaction threshold (7 000 ft); disturbance threshold (10-12 000 ft); and critical threshold (22 000 ft).
040.02.01.02.27,040,Human Performance and Limitations,MED,N,,3,agent_tasklist.md,0,DRAFT_DONE,State the altitude at which short-term memory begins to be affected by hypoxia.
040.02.01.02.28,040,Human Performance and Limitations,MED,N,,3,agent_tasklist.md,0,DRAFT_DONE,Define the terms ‘time of useful consciousness’ (TUC) and ‘effective performance time’ (EPT).
040.02.01.02.29,040,Human Performance and Limitations,MED,N,,3,agent_tasklist.md,0,DRAFT_DONE,"State that TUC varies among individuals, but the approximate values for a person seated (at rest) are: 20 000 ft 30 min; 30 000 ft 1-2 min 35 000 ft; 30-90 s 40 000 ft 15-20 s"
040.02.01.02.30,040,Human Performance and Limitations,MED,N,,3,agent_tasklist.md,0,DRAFT_DONE,List the factors that determine the severity of hypoxia.
040.02.01.02.31,040,Human Performance and Limitations,MED,N,,3,agent_tasklist.md,0,DRAFT_DONE,"State the equivalent altitudes when breathing ambient air and 100 per cent oxygen at mean sea level (MSL) and at approximately 10 000, 30 000 and 40 000 ft."
040.02.01.02.32,040,Human Performance and Limitations,MED,N,,3,agent_tasklist.md,0,DRAFT_DONE,Describe the role of carbon dioxide in hyperventilation.
040.02.01.02.33,040,Human Performance and Limitations,MED,N,,3,agent_tasklist.md,0,DRAFT_DONE,Define the term ‘hyperventilation’.
040.02.01.02.34,040,Human Performance and Limitations,MED,N,,3,agent_tasklist.md,0,DRAFT_DONE,List the factors that cause hyperventilation.
040.02.01.02.35,040,Human Performance and Limitations,MED,N,,3,agent_tasklist.md,0,DRAFT_DONE,State that hyperventilation may be caused by psychological or physiological reasons.
040.02.01.02.36,040,Human Performance and Limitations,MED,N,,3,agent_tasklist.md,0,DRAFT_DONE,List the signs and symptoms of hyperventilation.
040.02.01.02.37,040,Human Performance and Limitations,MED,N,,3,agent_tasklist.md,0,DRAFT_DONE,"List the measures which may be taken to counteract hyperventilation: breath slowly, close one opening of the nose, speak loudly, place a paper bag over nose and mouth."
040.02.01.02.38,040,Human Performance and Limitations,MED,N,,3,agent_tasklist.md,0,DRAFT_DONE,State the normal range of cabin pressure altitude in pressurised commercial air transport aircraft and describe its protective function for aircrew and passengers.
040.02.01.02.39,040,Human Performance and Limitations,MED,N,,3,agent_tasklist.md,0,DRAFT_DONE,"List the vital actions the crew has to perform when cabin pressurisation is lost (oxygen mask on, emergency descent, land as soon as possible, and no further flight for the next minimum 24 hours). State that decompression sickness symptoms can occur up to 24 hours later."
040.02.01.02.40,040,Human Performance and Limitations,MED,N,,3,agent_tasklist.md,0,DRAFT_DONE,Identify the causes of decompression sickness in flight operation.
040.02.01.02.41,040,Human Performance and Limitations,MED,N,,3,agent_tasklist.md,0,DRAFT_DONE,State how decompression sickness can be prevented.
040.02.01.02.42,040,Human Performance and Limitations,MED,N,,3,agent_tasklist.md,0,DRAFT_DONE,"List the symptoms of decompression sickness (bends, creeps, chokes, staggers)."
040.02.01.02.43,040,Human Performance and Limitations,MED,N,,3,agent_tasklist.md,0,DRAFT_DONE,Indicate how decompression sickness may be treated.
040.02.01.02.44,040,Human Performance and Limitations,MED,N,,3,agent_tasklist.md,0,DRAFT_DONE,"Define the hazards of diving and flying, and give the recommendations associated with these activities."
040.02.01.02.45,040,Human Performance and Limitations,MED,N,,3,agent_tasklist.md,0,DRAFT_DONE,Define ‘linear acceleration’ and ‘angular acceleration’.
040.02.01.02.46,040,Human Performance and Limitations,MED,N,,3,agent_tasklist.md,0,DRAFT_DONE,Describe the effects of z-acceleration on the circulation and blood volume distribution.
040.02.01.02.47,040,Human Performance and Limitations,MED,N,,3,agent_tasklist.md,0,DRAFT_DONE,"List magnitude, duration and onset as factors that determine the effects of acceleration on the human body."
040.02.01.02.48,040,Human Performance and Limitations,MED,N,,3,agent_tasklist.md,0,DRAFT_DONE,"List the effects of positive acceleration with respect to type, sequence and corresponding G-load."
040.02.01.02.49,040,Human Performance and Limitations,MED,N,,3,agent_tasklist.md,0,DRAFT_DONE,State how carbon monoxide is produced.
040.02.01.02.50,040,Human Performance and Limitations,MED,N,,3,agent_tasklist.md,0,DRAFT_DONE,State how the presence of carbon monoxide in the blood affects the distribution of oxygen.
040.02.01.02.51,040,Human Performance and Limitations,MED,N,,3,agent_tasklist.md,0,DRAFT_DONE,List the signs and symptoms of carbon-monoxide poisoning.
040.02.01.02.52,040,Human Performance and Limitations,MED,N,,3,agent_tasklist.md,0,DRAFT_DONE,Explain immediate countermeasures on suspicion of carbon-monoxide poisoning and how poisoning can be treated later on the ground.
040.02.01.03.01,040,Human Performance and Limitations,MED,N,,3,agent_tasklist.md,0,DRAFT_DONE,State how an increase in altitude may change the proportion of ozone in the atmosphere and that aircraft can be equipped with special ozone removers.
040.02.01.03.02,040,Human Performance and Limitations,MED,N,,3,agent_tasklist.md,0,DRAFT_DONE,State the sources of radiation at high altitude.
040.02.01.03.03,040,Human Performance and Limitations,MED,N,,3,agent_tasklist.md,0,DRAFT_DONE,List the effects of excessive exposure to radiation.
040.02.01.03.04,040,Human Performance and Limitations,MED,N,,3,agent_tasklist.md,0,DRAFT_DONE,List the factors that affect the relative humidity of both the atmosphere and cabin air.
040.02.01.03.05,040,Human Performance and Limitations,MED,N,,3,agent_tasklist.md,0,DRAFT_DONE,"List the effects of low humidity on human body to be spurious thirst, dry eyes, skin and mucous membranes, and indicate measures that can be taken: drinking water, using eye drops and aqueous creams."
040.02.02.01.01,040,Human Performance and Limitations,MED,N,,3,agent_tasklist.md,0,DRAFT_DONE,List the different senses.
040.02.02.02.01,040,Human Performance and Limitations,MED,N,,3,agent_tasklist.md,0,DRAFT_DONE,Define the term ‘sensory threshold’.
040.02.02.02.02,040,Human Performance and Limitations,MED,N,,3,agent_tasklist.md,0,DRAFT_DONE,"Define the term ‘sensitivity’, especially in the context of vision."
040.02.02.02.03,040,Human Performance and Limitations,MED,N,,3,agent_tasklist.md,0,DRAFT_DONE,Give examples of sensory adaptation.
040.02.02.02.04,040,Human Performance and Limitations,MED,N,,3,agent_tasklist.md,0,DRAFT_DONE,Define the term ‘habituation’ and state its implication for flight safety.
040.02.02.03.01,040,Human Performance and Limitations,MED,N,,3,agent_tasklist.md,0,DRAFT_DONE,Name the most important parts of the eye and the pathway to the visual cortex.
040.02.02.03.02,040,Human Performance and Limitations,MED,N,,3,agent_tasklist.md,0,DRAFT_DONE,State the basic functions of the parts of the eye.
040.02.02.03.03,040,Human Performance and Limitations,MED,N,,3,agent_tasklist.md,0,DRAFT_DONE,Define ‘accommodation’.
040.02.02.03.04,040,Human Performance and Limitations,MED,N,,3,agent_tasklist.md,0,DRAFT_DONE,Distinguish between the functions of the rod and cone cells.
040.02.02.03.05,040,Human Performance and Limitations,MED,N,,3,agent_tasklist.md,0,DRAFT_DONE,Describe the distribution of rod and cone cells in the retina and explain their relevance to vision.
040.02.02.03.06,040,Human Performance and Limitations,MED,N,,3,agent_tasklist.md,0,DRAFT_DONE,"Explain the terms ‘visual acuity’, ‘visual field’, ‘central vision’, ‘peripheral vision’ and ‘the fovea’, and explain their function in the process of vision."
040.02.02.03.07,040,Human Performance and Limitations,MED,N,,3,agent_tasklist.md,0,DRAFT_DONE,List the factors that may degrade visual acuity and the importance of ‘lookout’.
040.02.02.03.08,040,Human Performance and Limitations,MED,N,,3,agent_tasklist.md,0,DRAFT_DONE,State the limitations of night vision and the different scanning techniques at both night and day.
040.02.02.03.09,040,Human Performance and Limitations,MED,N,,3,agent_tasklist.md,0,DRAFT_DONE,State the time necessary for the eye to adapt both to bright light and the dark.
040.02.02.03.10,040,Human Performance and Limitations,MED,N,,3,agent_tasklist.md,0,DRAFT_DONE,"State the effect of hypoxia, smoking and altitude in excess of 5 000 ft on night vision."
040.02.02.03.11,040,Human Performance and Limitations,MED,N,,3,agent_tasklist.md,0,DRAFT_DONE,Explain the nature of colour blindness.
040.02.02.03.12,040,Human Performance and Limitations,MED,N,,3,agent_tasklist.md,0,DRAFT_DONE,Distinguish between monocular and binocular vision.
040.02.02.03.13,040,Human Performance and Limitations,MED,N,,3,agent_tasklist.md,0,DRAFT_DONE,Explain the basis of depth perception and its relevance to flight performance.
040.02.02.03.14,040,Human Performance and Limitations,MED,N,,3,agent_tasklist.md,0,DRAFT_DONE,List the possible monocular cues for depth perception.
040.02.02.03.15,040,Human Performance and Limitations,MED,N,,3,agent_tasklist.md,0,DRAFT_DONE,"State that for high-energy blue light and UV rays, sunglasses can prevent damage to the retina."
040.02.02.03.16,040,Human Performance and Limitations,MED,N,,3,agent_tasklist.md,0,DRAFT_DONE,"Explain long-sightedness, short-sightedness and astigmatism."
040.02.02.03.17,040,Human Performance and Limitations,MED,N,,3,agent_tasklist.md,0,DRAFT_DONE,List the causes of and the precautions that may be taken to reduce the probability of vision loss due to: presbyopia; cataract; glaucoma.
040.02.02.03.18,040,Human Performance and Limitations,MED,N,,3,agent_tasklist.md,0,DRAFT_DONE,List the types of sunglasses that could cause perceptional problems in flight.
040.02.02.03.19,040,Human Performance and Limitations,MED,N,,3,agent_tasklist.md,0,DRAFT_DONE,List the measures that may be taken to protect oneself from flash blindness.
040.02.02.03.20,040,Human Performance and Limitations,MED,N,,3,agent_tasklist.md,0,DRAFT_DONE,State the possible problems associated with contact lenses.
040.02.02.03.21,040,Human Performance and Limitations,MED,N,,3,agent_tasklist.md,0,DRAFT_DONE,State the current rules/regulations governing the wearing of corrective spectacles and contact lenses when operating as a pilot.
040.02.02.03.22,040,Human Performance and Limitations,MED,N,,3,agent_tasklist.md,0,DRAFT_DONE,Explain the significance of the ‘blind spot’ on the retina in detecting other traffic in flight.
040.02.02.04.01,040,Human Performance and Limitations,MED,N,,3,agent_tasklist.md,0,DRAFT_DONE,"State the basic parts and functions of the outer, the middle and the inner ear."
040.02.02.04.02,040,Human Performance and Limitations,MED,N,,3,agent_tasklist.md,0,DRAFT_DONE,Differentiate between the functions of the vestibular apparatus and the cochlea in the inner ear.
040.02.02.04.03,040,Human Performance and Limitations,MED,N,,3,agent_tasklist.md,0,DRAFT_DONE,Define the main causes of the following hearing defects/loss: ‘conductive deafness’; ‘noise-induced hearing loss’ (NIHL); ‘presbycusis’.
040.02.02.04.04,040,Human Performance and Limitations,MED,N,,3,agent_tasklist.md,0,DRAFT_DONE,Summarise the effects of environmental noise on hearing.
040.02.02.04.05,040,Human Performance and Limitations,MED,N,,3,agent_tasklist.md,0,DRAFT_DONE,State the decibel level of received noise that will cause NIHL.
040.02.02.04.06,040,Human Performance and Limitations,MED,N,,3,agent_tasklist.md,0,DRAFT_DONE,Identify the potential occupational risks that may cause hearing loss.
040.02.02.04.07,040,Human Performance and Limitations,MED,N,,3,agent_tasklist.md,0,DRAFT_DONE,List the main sources of hearing loss in the flying environment.
040.02.02.04.08,040,Human Performance and Limitations,MED,N,,3,agent_tasklist.md,0,DRAFT_DONE,List the precautions that may be taken to reduce the probability of onset of hearing loss.
040.02.02.05.01,040,Human Performance and Limitations,MED,N,,3,agent_tasklist.md,0,DRAFT_DONE,List the main elements of the vestibular apparatus.
040.02.02.05.02,040,Human Performance and Limitations,MED,N,,3,agent_tasklist.md,0,DRAFT_DONE,State the functions of the vestibular apparatus on the ground and in flight.
040.02.02.05.03,040,Human Performance and Limitations,MED,N,,3,agent_tasklist.md,0,DRAFT_DONE,Distinguish between the component parts of the vestibular apparatus in the detection of linear and angular acceleration as well as on gravity.
040.02.02.05.04,040,Human Performance and Limitations,MED,N,,3,agent_tasklist.md,0,DRAFT_DONE,Explain how the semicircular canals are stimulated.
040.02.02.05.05,040,Human Performance and Limitations,MED,N,,3,agent_tasklist.md,0,DRAFT_DONE,Describe air sickness and its accompanying symptoms.
040.02.02.05.06,040,Human Performance and Limitations,MED,N,,3,agent_tasklist.md,0,DRAFT_DONE,List the causes of air sickness.
040.02.02.05.07,040,Human Performance and Limitations,MED,N,,3,agent_tasklist.md,0,DRAFT_DONE,Describe the necessary actions to be taken to counteract the symptoms of air sickness.
040.02.02.06.01,040,Human Performance and Limitations,MED,N,,3,agent_tasklist.md,0,DRAFT_DONE,"State the interaction between vision, equilibrium, proprioception and hearing to obtain spatial orientation in flight."
040.02.02.06.02,040,Human Performance and Limitations,MED,N,,3,agent_tasklist.md,0,DRAFT_DONE,Define the term ‘illusion’.
040.02.02.06.03,040,Human Performance and Limitations,MED,N,,3,agent_tasklist.md,0,DRAFT_DONE,"Give examples of visual illusions based on shape constancy, size constancy, aerial perspective, atmospheric perspective, the absence of focal or ambient cues, autokinesis, vectional false horizons, field myopia, and surface planes."
040.02.02.06.04,040,Human Performance and Limitations,MED,N,,3,agent_tasklist.md,0,DRAFT_DONE,Relate these illusions to problems that may be experienced in flight and identify the danger attached to them.
040.02.02.06.05,040,Human Performance and Limitations,MED,N,,3,agent_tasklist.md,0,DRAFT_DONE,"List approach and landing illusions for slope of the runway, black-hole approach, and terrain around runway, and state the danger involved with recommendations to avoid or counteract the problems with high or low approach or flare at the wrong time."
040.02.02.06.06,040,Human Performance and Limitations,MED,N,,3,agent_tasklist.md,0,DRAFT_DONE,"State the problems associated with flickering lights (strobe lights, anti-collision lights, propellers and rotors under certain light conditions, etc.)."
040.02.02.06.07,040,Human Performance and Limitations,MED,N,,3,agent_tasklist.md,0,DRAFT_DONE,"Describe vestibular illusions caused by the angular accelerations (the Leans, Coriolis) and linear accelerations (somatogravic, G-effect)."
040.02.02.06.08,040,Human Performance and Limitations,MED,N,,3,agent_tasklist.md,0,DRAFT_DONE,Relate the above-mentioned vestibular illusions to problems encountered in flight and state the dangers involved.
040.02.02.06.09,040,Human Performance and Limitations,MED,N,,3,agent_tasklist.md,0,DRAFT_DONE,State that the ‘seat-of-the-pants’ sense is completely unreliable when visual contact with the ground is lost or when flying in instrument meteorological conditions (IMC) or with a poor visual horizon.
040.02.02.06.10,040,Human Performance and Limitations,MED,N,,3,agent_tasklist.md,0,DRAFT_DONE,"Differentiate between vertigo, Coriolis effect, and spatial disorientation."
040.02.02.06.11,040,Human Performance and Limitations,MED,N,,3,agent_tasklist.md,0,DRAFT_DONE,List the measures to prevent or overcome spatial disorientation.
040.02.03.02.01,040,Human Performance and Limitations,MED,N,,3,agent_tasklist.md,0,DRAFT_DONE,Name some internal body rhythms and their relevance to sleep. Explain that the most important of which is body temperature.
040.02.03.02.02,040,Human Performance and Limitations,MED,N,,3,agent_tasklist.md,0,DRAFT_DONE,Explain the term ‘circadian rhythm’.
040.02.03.02.03,040,Human Performance and Limitations,MED,N,,3,agent_tasklist.md,0,DRAFT_DONE,State the approximate duration of a ‘free-running’ rhythm.
040.02.03.02.04,040,Human Performance and Limitations,MED,N,,3,agent_tasklist.md,0,DRAFT_DONE,Explain the significance of the ‘internal clock’ in regulating the normal circadian rhythm.
040.02.03.02.05,040,Human Performance and Limitations,MED,N,,3,agent_tasklist.md,0,DRAFT_DONE,State the effect of the circadian rhythm of body temperature on an individual’s performance standard and on an individual’s sleep patterns.
040.02.03.02.06,040,Human Performance and Limitations,MED,N,,3,agent_tasklist.md,0,DRAFT_DONE,List and describe the stages of a sleep cycle.
040.02.03.02.07,040,Human Performance and Limitations,MED,N,,3,agent_tasklist.md,0,DRAFT_DONE,Differentiate between rapid eye movement (REM) and non-REM sleep.
040.02.03.02.08,040,Human Performance and Limitations,MED,N,,3,agent_tasklist.md,0,DRAFT_DONE,Explain the function of sleep and describe the effects of insufficient sleep on performance.
040.02.03.02.09,040,Human Performance and Limitations,MED,N,,3,agent_tasklist.md,0,DRAFT_DONE,Explain the simple calculations for the sleep/wake credit/debit situation.
040.02.03.02.10,040,Human Performance and Limitations,MED,N,,3,agent_tasklist.md,0,DRAFT_DONE,Explain how sleep debit can become cumulative.
040.02.03.02.11,040,Human Performance and Limitations,MED,N,,3,agent_tasklist.md,0,DRAFT_DONE,State the time formula for the adjustment of body rhythms to the new local time scale after crossing time zones.
040.02.03.02.12,040,Human Performance and Limitations,MED,N,,3,agent_tasklist.md,0,DRAFT_DONE,State the problems caused by circadian disrhythmia (jet lag) with regard to an individual’s performance and sleep.
040.02.03.02.13,040,Human Performance and Limitations,MED,N,,3,agent_tasklist.md,0,DRAFT_DONE,Differentiate between the effects of westbound and eastbound travel.
040.02.03.02.14,040,Human Performance and Limitations,MED,N,,3,agent_tasklist.md,0,DRAFT_DONE,Explain the interactive effects of circadian rhythm and vigilance on a pilot’s performance during flight as the duty day elapses.
040.02.03.02.15,040,Human Performance and Limitations,MED,N,,3,agent_tasklist.md,0,DRAFT_DONE,Describe the main effects of lack of sleep on an individual’s performance.
040.02.03.02.16,040,Human Performance and Limitations,MED,N,,3,agent_tasklist.md,0,DRAFT_DONE,List the possible strategies to cope with jet lag.
040.02.03.03.01,040,Human Performance and Limitations,MED,N,,3,agent_tasklist.md,0,DRAFT_DONE,State the role of the Eustachian tube in equalising pressure between the middle ear and the environment.
040.02.03.03.02,040,Human Performance and Limitations,MED,N,,3,agent_tasklist.md,0,DRAFT_DONE,State that the in-flight environment may increase the severity of symptoms which may be minor while on the ground.
040.02.03.03.03,040,Human Performance and Limitations,MED,N,,3,agent_tasklist.md,0,DRAFT_DONE,"List the negative effects of suffering from colds or flu on flight operations especially with regard to the middle ear, the sinuses, and the teeth."
040.02.03.03.04,040,Human Performance and Limitations,MED,N,,3,agent_tasklist.md,0,DRAFT_DONE,State when a pilot should seek medical advice from an aeromedical examiner (AME) or aeromedical centre (AeMC).
040.02.03.03.05,040,Human Performance and Limitations,MED,N,,3,agent_tasklist.md,0,DRAFT_DONE,Describe the measures to prevent or clear problems due to pressure changes during flight.
040.02.03.03.06,040,Human Performance and Limitations,MED,N,,3,agent_tasklist.md,0,DRAFT_DONE,Define ‘barotrauma’.
040.02.03.03.07,040,Human Performance and Limitations,MED,N,,3,agent_tasklist.md,0,DRAFT_DONE,"Differentiate between otic, sinus, gastrointestinal and aerodontalgia (of the teeth) barotraumas and explain avoidance strategies."
040.02.03.03.08,040,Human Performance and Limitations,MED,N,,3,agent_tasklist.md,0,DRAFT_DONE,Explain why the effects of otic barotrauma can be worse in the descent.
040.02.03.03.09,040,Human Performance and Limitations,MED,N,,3,agent_tasklist.md,0,DRAFT_DONE,State the effects of gastrointestinal upsets that may occur during flight.
040.02.03.03.10,040,Human Performance and Limitations,MED,N,,3,agent_tasklist.md,0,DRAFT_DONE,List the precautions that should be observed to reduce the occurrence of gastrointestinal upsets.
040.02.03.03.11,040,Human Performance and Limitations,MED,N,,3,agent_tasklist.md,0,DRAFT_DONE,Indicate the major sources of gastrointestinal upsets.
040.02.03.03.12,040,Human Performance and Limitations,MED,N,,3,agent_tasklist.md,0,DRAFT_DONE,Define ‘obesity’.
040.02.03.03.13,040,Human Performance and Limitations,MED,N,,3,agent_tasklist.md,0,DRAFT_DONE,State the following harmful effects obesity can cause: possibility of developing coronary problems; increased chances of developing diabetes; reduced ability to withstand G-forces; development of problems with the joints of the limbs; general circulatory problems; reduced ability to cope with hypoxia or decompression sickness; sleep apnoea.
040.02.03.03.14,040,Human Performance and Limitations,MED,N,,3,agent_tasklist.md,0,DRAFT_DONE,"Describe the problems associated with Type 2 (mostly adult) diabetes: risk factors; insulin resistance; complications (vascular, neurological) and the consequences for the medical licence; pilots are not protected from Type 2 diabetes more than other people."
040.02.03.03.15,040,Human Performance and Limitations,MED,N,,3,agent_tasklist.md,0,DRAFT_DONE,"Describe the typical back problems (unspecific back pain, slipped disc) that pilots have. Explain also the ways of preventing and treating these problems: good sitting posture; lumbar support; good physical condition; in-flight exercise, if possible; physiotherapy."
040.02.03.03.16,040,Human Performance and Limitations,MED,N,,3,agent_tasklist.md,0,DRAFT_DONE,"Stress the importance of and methods to be adopted by aircrew, especially when travelling abroad, to avoid contaminated food and liquids."
040.02.03.03.17,040,Human Performance and Limitations,MED,N,,3,agent_tasklist.md,0,DRAFT_DONE,List the major contaminating sources in foodstuffs.
040.02.03.03.18,040,Human Performance and Limitations,MED,N,,3,agent_tasklist.md,0,DRAFT_DONE,State the major constituents of a healthy diet.
040.02.03.03.19,040,Human Performance and Limitations,MED,N,,3,agent_tasklist.md,0,DRAFT_DONE,State the measure to avoid hypoglycaemia.
040.02.03.03.20,040,Human Performance and Limitations,MED,N,,3,agent_tasklist.md,0,DRAFT_DONE,State the importance of adequate hydration.
040.02.03.03.21,040,Human Performance and Limitations,MED,N,,3,agent_tasklist.md,0,DRAFT_DONE,List the problems associated with operating in tropical climates.
040.02.03.03.22,040,Human Performance and Limitations,MED,N,,3,agent_tasklist.md,0,DRAFT_DONE,State the possible causes/sources of incapacitation in tropical countries with reference to: standards of hygiene; quality of water supply; insect-borne diseases; parasitic worms; rabies or other diseases that may be spread through contact with animals; sexually transmitted diseases.
040.02.03.03.23,040,Human Performance and Limitations,MED,N,,3,agent_tasklist.md,0,DRAFT_DONE,State the precautions to be taken to reduce the risks of developing problems in tropical areas.
040.02.03.03.24,040,Human Performance and Limitations,MED,N,,3,agent_tasklist.md,0,DRAFT_DONE,State the major infectious diseases that may severely incapacitate or kill individuals.
040.02.03.03.25,040,Human Performance and Limitations,MED,N,,3,agent_tasklist.md,0,DRAFT_DONE,State the precautions that must be taken to ensure that disease-carrying insects are not transported between areas.
040.02.03.04.01,040,Human Performance and Limitations,MED,N,,3,agent_tasklist.md,0,DRAFT_DONE,State the harmful effects of tobacco on: the respiratory system; the cardiovascular system; the ability to resist hypoxia; the ability to withstand G-forces; night vision.
040.02.03.04.02,040,Human Performance and Limitations,MED,N,,3,agent_tasklist.md,0,DRAFT_DONE,Indicate the level of caffeine dosage at which performance is degraded.
040.02.03.04.03,040,Human Performance and Limitations,MED,N,,3,agent_tasklist.md,0,DRAFT_DONE,"Besides coffee, indicate other beverages containing caffeine."
040.02.03.04.04,040,Human Performance and Limitations,MED,N,,3,agent_tasklist.md,0,DRAFT_DONE,State the maximum acceptable limit of alcohol for flight crew according to the applicable regulations.
040.02.03.04.05,040,Human Performance and Limitations,MED,N,,3,agent_tasklist.md,0,DRAFT_DONE,State the effects of alcohol consumption on: the ability to reason; inhibitions and self-control; vision; the sense of balance and sensory illusions; sleep patterns; hypoxia.
040.02.03.04.06,040,Human Performance and Limitations,MED,N,,3,agent_tasklist.md,0,DRAFT_DONE,State the effects alcohol may have if consumed together with other drugs.
040.02.03.04.07,040,Human Performance and Limitations,MED,N,,3,agent_tasklist.md,0,DRAFT_DONE,List the signs and symptoms of alcoholism.
040.02.03.04.08,040,Human Performance and Limitations,MED,N,,3,agent_tasklist.md,0,DRAFT_DONE,List the factors that may be associated with the development of alcoholism.
040.02.03.04.09,040,Human Performance and Limitations,MED,N,,3,agent_tasklist.md,0,DRAFT_DONE,Define the ‘unit’ of alcohol and state the approximate elimination rate from the blood.
040.02.03.04.10,040,Human Performance and Limitations,MED,N,,3,agent_tasklist.md,0,DRAFT_DONE,State the maximum daily and weekly intake of units of alcohol which may be consumed without causing damage to the organs and systems of the human body.
040.02.03.04.11,040,Human Performance and Limitations,MED,N,,3,agent_tasklist.md,0,DRAFT_DONE,Discuss the actions that might be taken if a crew member is suspected of being an alcoholic.
040.02.03.04.12,040,Human Performance and Limitations,MED,N,,3,agent_tasklist.md,0,DRAFT_DONE,State the dangers associated with the use of non-prescription drugs.
040.02.03.04.13,040,Human Performance and Limitations,MED,N,,3,agent_tasklist.md,0,DRAFT_DONE,"State the side effects of common non-prescription drugs used to treat colds, flu, hay fever and other allergies, especially medicines containing antihistamine preparations."
040.02.03.04.14,040,Human Performance and Limitations,MED,N,,3,agent_tasklist.md,0,DRAFT_DONE,Interpret the rules relevant to using (prescription or non-prescription) drugs that the pilot has not used before.
040.02.03.04.15,040,Human Performance and Limitations,MED,N,,3,agent_tasklist.md,0,DRAFT_DONE,"Interpret the general rule that ‘if a pilot is so unwell that they require any medication, then they should consider themselves unfit to fly’."
040.02.03.04.16,040,Human Performance and Limitations,MED,N,,3,agent_tasklist.md,0,DRAFT_DONE,"List those materials present in an aircraft which may, when uncontained, cause severe health problems."
040.02.03.04.17,040,Human Performance and Limitations,MED,N,,3,agent_tasklist.md,0,DRAFT_DONE,List those aircraft-component parts which if burnt may give off toxic fumes.
040.02.03.04.18,040,Human Performance and Limitations,MED,N,,3,agent_tasklist.md,0,DRAFT_DONE,Describe a fume event and the possible incapacitating effects on those exposed to it.
040.02.03.05.01,040,Human Performance and Limitations,MED,N,,3,agent_tasklist.md,0,DRAFT_DONE,State that incapacitation is most dangerous when its onset is insidious.
040.02.03.05.02,040,Human Performance and Limitations,MED,N,,3,agent_tasklist.md,0,DRAFT_DONE,List the major causes of in-flight incapacitation.
040.02.03.05.03,040,Human Performance and Limitations,MED,N,,3,agent_tasklist.md,0,DRAFT_DONE,"State the importance of crew to be able to recognise and promptly react upon incapacitation of other crew members, should it occur in flight."
040.02.03.05.04,040,Human Performance and Limitations,MED,N,,3,agent_tasklist.md,0,DRAFT_DONE,Explain methods and procedures to cope with incapacitation in flight.
040.03.01.01.01,040,Human Performance and Limitations,MED,N,,3,agent_tasklist.md,0,DRAFT_DONE,Differentiate between ‘attention’ and ‘vigilance’.
040.03.01.01.02,040,Human Performance and Limitations,MED,N,,3,agent_tasklist.md,0,DRAFT_DONE,Differentiate between ‘selective’ and ‘divided’ attention.
040.03.01.01.03,040,Human Performance and Limitations,MED,N,,3,agent_tasklist.md,0,DRAFT_DONE,Define ‘hypovigilance’.
040.03.01.01.04,040,Human Performance and Limitations,MED,N,,3,agent_tasklist.md,0,DRAFT_DONE,Identify the factors that may affect the state of vigilance.
040.03.01.01.05,040,Human Performance and Limitations,MED,N,,3,agent_tasklist.md,0,DRAFT_DONE,List the factors that may forestall hypovigilance during flight.
040.03.01.01.06,040,Human Performance and Limitations,MED,N,,3,agent_tasklist.md,0,DRAFT_DONE,Indicate the signs of reduced vigilance.
040.03.01.01.07,040,Human Performance and Limitations,MED,N,,3,agent_tasklist.md,0,DRAFT_DONE,List the factors that affect a person’s level of attention.
040.03.01.02.01,040,Human Performance and Limitations,MED,N,,3,agent_tasklist.md,0,DRAFT_DONE,Name the basis of the perceptual process.
040.03.01.02.02,040,Human Performance and Limitations,MED,N,,3,agent_tasklist.md,0,DRAFT_DONE,Describe the mechanism of perception (‘bottom-up’/‘top-down’ process).
040.03.01.02.03,040,Human Performance and Limitations,MED,N,,3,agent_tasklist.md,0,DRAFT_DONE,Illustrate why perception is subjective and state the relevant factors that influence interpretation of perceived information.
040.03.01.02.04,040,Human Performance and Limitations,MED,N,,3,agent_tasklist.md,0,DRAFT_DONE,Describe some basic perceptual illusions.
040.03.01.02.05,040,Human Performance and Limitations,MED,N,,3,agent_tasklist.md,0,DRAFT_DONE,Illustrate some basic perceptual concepts.
040.03.01.02.06,040,Human Performance and Limitations,MED,N,,3,agent_tasklist.md,0,DRAFT_DONE,Give examples where perception plays a decisive role in flight safety.
040.03.01.02.07,040,Human Performance and Limitations,MED,N,,3,agent_tasklist.md,0,DRAFT_DONE,Stress how persuasive and believable mistaken perception can manifest itself both for an individual and a group.
040.03.01.03.01,040,Human Performance and Limitations,MED,N,,3,agent_tasklist.md,0,DRAFT_DONE,"Explain the link between the types of memory (to include sensory, working/short-term and long-term memory)."
040.03.01.03.02,040,Human Performance and Limitations,MED,N,,3,agent_tasklist.md,0,DRAFT_DONE,Describe the differences between the types of memory in terms of capacity and retention time.
040.03.01.03.03,040,Human Performance and Limitations,MED,N,,3,agent_tasklist.md,0,DRAFT_DONE,Justify the importance of sensory-store memories in processing information.
040.03.01.03.04,040,Human Performance and Limitations,MED,N,,3,agent_tasklist.md,0,DRAFT_DONE,State the average maximum number of separate items that may be held in working memory (5 ± 2).
040.03.01.03.05,040,Human Performance and Limitations,MED,N,,3,agent_tasklist.md,0,DRAFT_DONE,Stress how interruption can affect short-term/working memory.
040.03.01.03.06,040,Human Performance and Limitations,MED,N,,3,agent_tasklist.md,0,DRAFT_DONE,Give examples of items that are important for pilots to hold in working memory during flight.
040.03.01.03.07,040,Human Performance and Limitations,MED,N,,3,agent_tasklist.md,0,DRAFT_DONE,Describe how the capacity of the working-memory store may be increased.
040.03.01.03.08,040,Human Performance and Limitations,MED,N,,3,agent_tasklist.md,0,DRAFT_DONE,State the subdivisions of long-term memory and give examples of their content.
040.03.01.03.09,040,Human Performance and Limitations,MED,N,,3,agent_tasklist.md,0,DRAFT_DONE,Explain that skills are kept primarily in the long-term memory.
040.03.01.03.10,040,Human Performance and Limitations,MED,N,,3,agent_tasklist.md,0,DRAFT_DONE,Describe amnesia and how it affects memory.
040.03.01.03.11,040,Human Performance and Limitations,MED,N,,3,agent_tasklist.md,0,DRAFT_DONE,Name the common problems with both the long- and short-term memories and the best methods to try to counteract them.
040.03.01.04.01,040,Human Performance and Limitations,MED,N,,3,agent_tasklist.md,0,DRAFT_DONE,Explain and distinguish between the following basic forms of learning: classic and operant conditioning (behaviouristic approach); learning by insight (cognitive approach); learning by imitating (modelling).
040.03.01.04.02,040,Human Performance and Limitations,MED,N,,3,agent_tasklist.md,0,DRAFT_DONE,"Recognise pilot-related examples as behaviouristic, cognitive or modelling forms of learning."
040.03.01.04.03,040,Human Performance and Limitations,MED,N,,3,agent_tasklist.md,0,DRAFT_DONE,State the factors that are necessary for and promote the quality of learning: intrinsic motivation; good mental health; rehearsals for improvement of memory; consciousness; vigilance; application in practical exercises.
040.03.01.04.04,040,Human Performance and Limitations,MED,N,,3,agent_tasklist.md,0,DRAFT_DONE,Explain ways to facilitate the memorisation of information with the following learning techniques: mnemonics; mental training.
040.03.01.04.05,040,Human Performance and Limitations,MED,N,,3,agent_tasklist.md,0,DRAFT_DONE,"Describe the advantage of planning and anticipation of future actions: define the term ‘skills’; state the three phases of learning a skill (Anderson: cognitive, associative and autonomous phase)."
040.03.01.04.06,040,Human Performance and Limitations,MED,N,,3,agent_tasklist.md,0,DRAFT_DONE,Explain the term ‘motor programme’ or ‘mental schema’.
040.03.01.04.07,040,Human Performance and Limitations,MED,N,,3,agent_tasklist.md,0,DRAFT_DONE,Describe the advantages and disadvantages of mental schemas.
040.03.01.04.08,040,Human Performance and Limitations,MED,N,,3,agent_tasklist.md,0,DRAFT_DONE,Explain the Rasmussen model which describes the guidance of a pilot’s behaviour in different situations.
040.03.01.04.09,040,Human Performance and Limitations,MED,N,,3,agent_tasklist.md,0,DRAFT_DONE,"State the possible problems or risks associated with skill-, rule- and knowledge-based behaviour."
040.03.01.04.10,040,Human Performance and Limitations,MED,N,,3,agent_tasklist.md,0,DRAFT_DONE,Define ‘motivation’.
040.03.01.04.11,040,Human Performance and Limitations,MED,N,,3,agent_tasklist.md,0,DRAFT_DONE,Explain the relationship between motivation and learning.
040.03.01.04.12,040,Human Performance and Limitations,MED,N,,3,agent_tasklist.md,0,DRAFT_DONE,"Explain the problems of over-motivation, especially in the context of the extreme need to achieve."
040.03.02.01.01,040,Human Performance and Limitations,MED,N,,3,agent_tasklist.md,0,DRAFT_DONE,Name and explain the factors that influence human reliability.
040.03.02.02.01,040,Human Performance and Limitations,MED,N,,3,agent_tasklist.md,0,DRAFT_DONE,Define the term ‘situation awareness’.
040.03.02.02.02,040,Human Performance and Limitations,MED,N,,3,agent_tasklist.md,0,DRAFT_DONE,List the cues that indicate loss of situation awareness and name the steps to regain it.
040.03.02.02.03,040,Human Performance and Limitations,MED,N,,3,agent_tasklist.md,0,DRAFT_DONE,"List the factors that influence one’s situation awareness both positively and negatively, and stress the importance of situation awareness in the context of flight safety."
040.03.02.02.04,040,Human Performance and Limitations,MED,N,,3,agent_tasklist.md,0,DRAFT_DONE,Define the term ‘mental model’ in relation to a surrounding complex situation.
040.03.02.02.05,040,Human Performance and Limitations,MED,N,,3,agent_tasklist.md,0,DRAFT_DONE,Describe the advantages/disadvantages of mental models.
040.03.02.02.06,040,Human Performance and Limitations,MED,N,,3,agent_tasklist.md,0,DRAFT_DONE,Explain the relationship between personal ‘mental models’ and the creation of cognitive illusions.
040.03.02.03.01,040,Human Performance and Limitations,MED,N,,3,agent_tasklist.md,0,DRAFT_DONE,Explain the concept of the ‘error chain’.
040.03.02.03.02,040,Human Performance and Limitations,MED,N,,3,agent_tasklist.md,0,DRAFT_DONE,Differentiate between an isolated error and an error chain.
040.03.02.03.03,040,Human Performance and Limitations,MED,N,,3,agent_tasklist.md,0,DRAFT_DONE,"Distinguish between the main forms/types of errors (i.e. slips, faults, omissions and violations)."
040.03.02.03.04,040,Human Performance and Limitations,MED,N,,3,agent_tasklist.md,0,DRAFT_DONE,Discuss the above errors and their relevance in flight.
040.03.02.03.05,040,Human Performance and Limitations,MED,N,,3,agent_tasklist.md,0,DRAFT_DONE,"Distinguish between an active and a latent error, and give examples."
040.03.02.04.01,040,Human Performance and Limitations,MED,N,,3,agent_tasklist.md,0,DRAFT_DONE,Distinguish between internal and external factors in error generation.
040.03.02.04.02,040,Human Performance and Limitations,MED,N,,3,agent_tasklist.md,0,DRAFT_DONE,Identify possible sources of internal error generation.
040.03.02.04.03,040,Human Performance and Limitations,MED,N,,3,agent_tasklist.md,0,DRAFT_DONE,Define and discuss the two errors associated with motor programmes (action slip and environmental capture).
040.03.02.04.04,040,Human Performance and Limitations,MED,N,,3,agent_tasklist.md,0,DRAFT_DONE,List the three main sources of external error generation in the flight crew compartment.
040.03.02.04.05,040,Human Performance and Limitations,MED,N,,3,agent_tasklist.md,0,DRAFT_DONE,Give examples to illustrate the following factors in external error generation in the flight crew compartment: ergonomics; economics; social environment.
040.03.02.04.06,040,Human Performance and Limitations,MED,N,,3,agent_tasklist.md,0,DRAFT_DONE,Name the major goals in the design of human-centred human-machine interfaces.
040.03.02.04.07,040,Human Performance and Limitations,MED,N,,3,agent_tasklist.md,0,DRAFT_DONE,Define the term ‘error tolerance’.
040.03.02.04.08,040,Human Performance and Limitations,MED,N,,3,agent_tasklist.md,0,DRAFT_DONE,List and describe the strategies that are used to reduce human error.
040.03.02.04.09,040,Human Performance and Limitations,MED,N,,3,agent_tasklist.md,0,DRAFT_DONE,Describe the advantage of planning and the anticipation of future actions.
040.03.03.01.01,040,Human Performance and Limitations,MED,N,,3,agent_tasklist.md,0,DRAFT_DONE,Define the terms ‘deciding’ and ‘decision-making’.
040.03.03.01.02,040,Human Performance and Limitations,MED,N,,3,agent_tasklist.md,0,DRAFT_DONE,Describe the major factors on which decision-making should be based during the course of a flight.
040.03.03.01.03,040,Human Performance and Limitations,MED,N,,3,agent_tasklist.md,0,DRAFT_DONE,Describe the main human attributes with regard to decision-making.
040.03.03.01.04,040,Human Performance and Limitations,MED,N,,3,agent_tasklist.md,0,DRAFT_DONE,Discuss the nature of bias and its influence on the decision-making process.
040.03.03.01.05,040,Human Performance and Limitations,MED,N,,3,agent_tasklist.md,0,DRAFT_DONE,Describe the main error sources and limits in an individual’s decision-making mechanism.
040.03.03.01.06,040,Human Performance and Limitations,MED,N,,3,agent_tasklist.md,0,DRAFT_DONE,State the factors upon which an individual’s risk assessment is based.
040.03.03.01.07,040,Human Performance and Limitations,MED,N,,3,agent_tasklist.md,0,DRAFT_DONE,"Explain the relationship between risk assessment, commitment and pressure of time in decision-making strategies."
040.03.03.01.08,040,Human Performance and Limitations,MED,N,,3,agent_tasklist.md,0,DRAFT_DONE,Explain the risks associated with dispersion or channelised attention during the application of procedures requiring a high workload within a short time frame (e.g. a go-around).
040.03.03.01.09,040,Human Performance and Limitations,MED,N,,3,agent_tasklist.md,0,DRAFT_DONE,Describe the positive and negative influences exerted by other group members on an individual’s decision-making process (risky shift).
040.03.03.01.10,040,Human Performance and Limitations,MED,N,,3,agent_tasklist.md,0,DRAFT_DONE,Explain the general idea behind the creation of a model for decision-making based upon: definition of the aim; collection of information; risk assessment; development of options; evaluation of options; decision; implementation; consequences; review and feedback.
040.03.04.01.01,040,Human Performance and Limitations,MED,N,,3,agent_tasklist.md,0,DRAFT_DONE,Justify the need for being aware of not only one’s own performance but that of others before and during a flight and the possible consequences or risks.
040.03.04.02.01,040,Human Performance and Limitations,MED,N,,3,agent_tasklist.md,0,DRAFT_DONE,Name the objectives of the multi-crew concept.
040.03.04.02.02,040,Human Performance and Limitations,MED,N,,3,agent_tasklist.md,0,DRAFT_DONE,State and explain the elements of multi-crew concepts.
040.03.04.02.03,040,Human Performance and Limitations,MED,N,,3,agent_tasklist.md,0,DRAFT_DONE,"Describe the concepts of ‘standard operating procedures’ (SOPs), checklists and crew briefings."
040.03.04.02.04,040,Human Performance and Limitations,MED,N,,3,agent_tasklist.md,0,DRAFT_DONE,Describe the purpose of and procedure for crew briefings.
040.03.04.02.05,040,Human Performance and Limitations,MED,N,,3,agent_tasklist.md,0,DRAFT_DONE,Describe the purpose of and procedure for checklists.
040.03.04.02.06,040,Human Performance and Limitations,MED,N,,3,agent_tasklist.md,0,DRAFT_DONE,Describe the function of communication in a coordinated team.
040.03.04.02.07,040,Human Performance and Limitations,MED,N,,3,agent_tasklist.md,0,DRAFT_DONE,Explain the advantages of SOPs.
040.03.04.02.08,040,Human Performance and Limitations,MED,N,,3,agent_tasklist.md,0,DRAFT_DONE,"Explain how SOPs contribute to avoiding, reducing and managing threats and errors."
040.03.04.02.09,040,Human Performance and Limitations,MED,N,,3,agent_tasklist.md,0,DRAFT_DONE,"Explain potential threats of SOPs, for example during company or type conversion (e.g. motor programmes, company culture, hazardous attitudes, developed habits)."
040.03.04.03.01,040,Human Performance and Limitations,MED,N,,3,agent_tasklist.md,0,DRAFT_DONE,Distinguish between cooperation and coaction.
040.03.04.03.02,040,Human Performance and Limitations,MED,N,,3,agent_tasklist.md,0,DRAFT_DONE,Define the term ‘group’.
040.03.04.03.03,040,Human Performance and Limitations,MED,N,,3,agent_tasklist.md,0,DRAFT_DONE,Illustrate the influence of interdependence in a group.
040.03.04.03.04,040,Human Performance and Limitations,MED,N,,3,agent_tasklist.md,0,DRAFT_DONE,List the advantages and disadvantages of teamwork.
040.03.04.03.05,040,Human Performance and Limitations,MED,N,,3,agent_tasklist.md,0,DRAFT_DONE,Explain the term ‘synergy’.
040.03.04.03.06,040,Human Performance and Limitations,MED,N,,3,agent_tasklist.md,0,DRAFT_DONE,Define the term ‘cohesion’.
040.03.04.03.07,040,Human Performance and Limitations,MED,N,,3,agent_tasklist.md,0,DRAFT_DONE,Define the term ‘groupthink’.
040.03.04.03.08,040,Human Performance and Limitations,MED,N,,3,agent_tasklist.md,0,DRAFT_DONE,State the essential conditions for good teamwork.
040.03.04.03.09,040,Human Performance and Limitations,MED,N,,3,agent_tasklist.md,0,DRAFT_DONE,Explain the function of role and norm in a group.
040.03.04.03.10,040,Human Performance and Limitations,MED,N,,3,agent_tasklist.md,0,DRAFT_DONE,Name the different role patterns which occur in a group situation.
040.03.04.03.11,040,Human Performance and Limitations,MED,N,,3,agent_tasklist.md,0,DRAFT_DONE,Explain how behaviour can be affected by the following factors: persuasion; conformity; compliance; obedience.
040.03.04.03.12,040,Human Performance and Limitations,MED,N,,3,agent_tasklist.md,0,DRAFT_DONE,Distinguish between status and role.
040.03.04.03.13,040,Human Performance and Limitations,MED,N,,3,agent_tasklist.md,0,DRAFT_DONE,Stress the inherent dangers of a situation where there is a mix of role and status within the flight crew compartment.
040.03.04.03.14,040,Human Performance and Limitations,MED,N,,3,agent_tasklist.md,0,DRAFT_DONE,Explain the terms ‘leadership’ and ‘followership’.
040.03.04.03.15,040,Human Performance and Limitations,MED,N,,3,agent_tasklist.md,0,DRAFT_DONE,"Describe the trans-cockpit authority gradient and its affiliated leadership styles (i.e. autocratic, laissez-faire and synergistic)."
040.03.04.03.16,040,Human Performance and Limitations,MED,N,,3,agent_tasklist.md,0,DRAFT_DONE,Name the most important attributes of a positive leadership style.
040.03.04.04.01,040,Human Performance and Limitations,MED,N,,3,agent_tasklist.md,0,DRAFT_DONE,Define the term ‘communication’.
040.03.04.04.02,040,Human Performance and Limitations,MED,N,,3,agent_tasklist.md,0,DRAFT_DONE,List the most basic components of interpersonal communication.
040.03.04.04.03,040,Human Performance and Limitations,MED,N,,3,agent_tasklist.md,0,DRAFT_DONE,Explain the advantages of in-person two-way communication as opposed to one-way communication.
040.03.04.04.05,040,Human Performance and Limitations,MED,N,,3,agent_tasklist.md,0,DRAFT_DONE,Name the importance of non-verbal communication.
040.03.04.04.06,040,Human Performance and Limitations,MED,N,,3,agent_tasklist.md,0,DRAFT_DONE,Describe the general aspects of non-verbal communication.
040.03.04.04.07,040,Human Performance and Limitations,MED,N,,3,agent_tasklist.md,0,DRAFT_DONE,Describe the advantages/disadvantages of implicit and explicit communication.
040.03.04.04.08,040,Human Performance and Limitations,MED,N,,3,agent_tasklist.md,0,DRAFT_DONE,Describe the advantages and possible problems of using ‘social’ and ‘professional’ language in high- and low-workload situations.
040.03.04.04.09,040,Human Performance and Limitations,MED,N,,3,agent_tasklist.md,0,DRAFT_DONE,Name and explain the major obstacles to effective communication.
040.03.04.04.10,040,Human Performance and Limitations,MED,N,,3,agent_tasklist.md,0,DRAFT_DONE,Explain the difference between intrapersonal and interpersonal conflict.
040.03.04.04.11,040,Human Performance and Limitations,MED,N,,3,agent_tasklist.md,0,DRAFT_DONE,Describe the escalation process in human conflict.
040.03.04.04.12,040,Human Performance and Limitations,MED,N,,3,agent_tasklist.md,0,DRAFT_DONE,List the typical consequences of conflicts between crew members.
040.03.04.04.13,040,Human Performance and Limitations,MED,N,,3,agent_tasklist.md,0,DRAFT_DONE,Explain the following terms as part of the communication practice with regard to preventing or resolving conflicts: inquiry; active listening; advocacy; feedback; metacommunication; negotiation.
040.03.04.04.14,040,Human Performance and Limitations,MED,N,,3,agent_tasklist.md,0,DRAFT_DONE,"Describe the limitations of communication in situations of high workload in the flight crew compartment in view of listening, verbal, non-verbal and visual effects."
040.03.05.01.01,040,Human Performance and Limitations,MED,N,,3,agent_tasklist.md,0,DRAFT_DONE,Describe the factors that determine an individual’s behaviour.
040.03.05.01.02,040,Human Performance and Limitations,MED,N,,3,agent_tasklist.md,0,DRAFT_DONE,"Define and distinguish between ‘personality’, ‘attitude’ and ‘behaviour’."
040.03.05.01.03,040,Human Performance and Limitations,MED,N,,3,agent_tasklist.md,0,DRAFT_DONE,State the origin of personality and attitude.
040.03.05.01.04,040,Human Performance and Limitations,MED,N,,3,agent_tasklist.md,0,DRAFT_DONE,State that with behaviour good and bad habits can be formed.
040.03.05.01.05,040,Human Performance and Limitations,MED,N,,3,agent_tasklist.md,0,DRAFT_DONE,"Explain how behaviour is generally a product of personality, attitude and the environment to which one was exposed at significant moments (childhood, schooling and training)."
040.03.05.01.06,040,Human Performance and Limitations,MED,N,,3,agent_tasklist.md,0,DRAFT_DONE,State that personality differences and selfish attitude may have effects on flight crew performance.
040.03.05.02.01,040,Human Performance and Limitations,MED,N,,3,agent_tasklist.md,0,DRAFT_DONE,Describe the individual differences in personality by means of a common trait model (e.g. Eysenck’s personality factors) and use it to describe today’s ideal pilot.
040.03.05.02.02,040,Human Performance and Limitations,MED,N,,3,agent_tasklist.md,0,DRAFT_DONE,Define the term ‘self-concept’ and the role it plays in any change of personality.
040.03.05.02.03,040,Human Performance and Limitations,MED,N,,3,agent_tasklist.md,0,DRAFT_DONE,Explain how a self-concept of under-confidence may lead to an outward show of aggression and self- assertiveness.
040.03.05.02.04,040,Human Performance and Limitations,MED,N,,3,agent_tasklist.md,0,DRAFT_DONE,Define ‘self-discipline’ and justify its importance for flight safety.
040.03.05.03.01,040,Human Performance and Limitations,MED,N,,3,agent_tasklist.md,0,DRAFT_DONE,Explain dangerous attitudes in aviation: anti-authority; macho; impulsivity; invulnerability; complacency; resignation.
040.03.05.03.02,040,Human Performance and Limitations,MED,N,,3,agent_tasklist.md,0,DRAFT_DONE,"Describe the personality, attitude and behaviour patterns of an ideal crew member."
040.03.05.03.03,040,Human Performance and Limitations,MED,N,,3,agent_tasklist.md,0,DRAFT_DONE,Summarise how a person’s attitude influences their work in the flight crew compartment.
040.03.06.01.01,040,Human Performance and Limitations,MED,N,,3,agent_tasklist.md,0,DRAFT_DONE,Explain the term ‘arousal’.
040.03.06.01.02,040,Human Performance and Limitations,MED,N,,3,agent_tasklist.md,0,DRAFT_DONE,Describe the relationship between arousal and performance.
040.03.06.01.03,040,Human Performance and Limitations,MED,N,,3,agent_tasklist.md,0,DRAFT_DONE,Explain the circumstances under which underload may occur and its possible dangers.
040.03.06.02.01,040,Human Performance and Limitations,MED,N,,3,agent_tasklist.md,0,DRAFT_DONE,Explain the term ‘stress’ and why stress is a natural human reaction.
040.03.06.02.02,040,Human Performance and Limitations,MED,N,,3,agent_tasklist.md,0,DRAFT_DONE,State that the physiological response to stress is generated by the ‘fight or flight’ response.
040.03.06.02.03,040,Human Performance and Limitations,MED,N,,3,agent_tasklist.md,0,DRAFT_DONE,Describe the function of the autonomic nervous system (ANS) in stress response.
040.03.06.02.04,040,Human Performance and Limitations,MED,N,,3,agent_tasklist.md,0,DRAFT_DONE,Explain the relationship between arousal and stress.
040.03.06.02.05,040,Human Performance and Limitations,MED,N,,3,agent_tasklist.md,0,DRAFT_DONE,State the relationship between stress and performance.
040.03.06.02.06,040,Human Performance and Limitations,MED,N,,3,agent_tasklist.md,0,DRAFT_DONE,State the basic categories of stressors.
040.03.06.02.07,040,Human Performance and Limitations,MED,N,,3,agent_tasklist.md,0,DRAFT_DONE,List and discuss the major environmental sources of stress in the flight crew compartment.
040.03.06.02.08,040,Human Performance and Limitations,MED,N,,3,agent_tasklist.md,0,DRAFT_DONE,"Discuss the concept of ‘break point’ with regard to stress, overload and performance."
040.03.06.02.09,040,Human Performance and Limitations,MED,N,,3,agent_tasklist.md,0,DRAFT_DONE,Name the principal causes of domestic stress.
040.03.06.02.10,040,Human Performance and Limitations,MED,N,,3,agent_tasklist.md,0,DRAFT_DONE,State that the stress experienced as a result of particular demands varies among individuals.
040.03.06.02.11,040,Human Performance and Limitations,MED,N,,3,agent_tasklist.md,0,DRAFT_DONE,Explain the factors that lead to differences in the levels of stress experienced by individuals.
040.03.06.02.12,040,Human Performance and Limitations,MED,N,,3,agent_tasklist.md,0,DRAFT_DONE,List the factors that influence the tolerance of stressors.
040.03.06.02.13,040,Human Performance and Limitations,MED,N,,3,agent_tasklist.md,0,DRAFT_DONE,State that stress is a result of perceived demands and perceived ability.
040.03.06.02.14,040,Human Performance and Limitations,MED,N,,3,agent_tasklist.md,0,DRAFT_DONE,Explain the relationship between stress and anxiety.
040.03.06.02.15,040,Human Performance and Limitations,MED,N,,3,agent_tasklist.md,0,DRAFT_DONE,Describe the effects of anxiety on human performance.
040.03.06.02.16,040,Human Performance and Limitations,MED,N,,3,agent_tasklist.md,0,DRAFT_DONE,State the general effect of acute stress on people.
040.03.06.02.17,040,Human Performance and Limitations,MED,N,,3,agent_tasklist.md,0,DRAFT_DONE,"Describe the relationship between stress, arousal and vigilance."
040.03.06.02.18,040,Human Performance and Limitations,MED,N,,3,agent_tasklist.md,0,DRAFT_DONE,"State the general effect of chronic stress and the biological reaction by means of the three stages of the general adaptation syndrome (Selye): alarm, resistance, and exhaustion."
040.03.06.02.19,040,Human Performance and Limitations,MED,N,,3,agent_tasklist.md,0,DRAFT_DONE,"Explain the differences between psychological, psychosomatic and somatic stress reactions."
040.03.06.02.20,040,Human Performance and Limitations,MED,N,,3,agent_tasklist.md,0,DRAFT_DONE,Name the typical common physiological and psychological symptoms of human overload.
040.03.06.02.21,040,Human Performance and Limitations,MED,N,,3,agent_tasklist.md,0,DRAFT_DONE,Describe the effects of stress on human behaviour.
040.03.06.02.22,040,Human Performance and Limitations,MED,N,,3,agent_tasklist.md,0,DRAFT_DONE,Explain how stress is cumulative and how stress from one situation can be transferred to a different situation.
040.03.06.02.23,040,Human Performance and Limitations,MED,N,,3,agent_tasklist.md,0,DRAFT_DONE,Explain how successful completion of a stressful task will reduce the amount of stress experienced when a similar situation arises in the future.
040.03.06.02.24,040,Human Performance and Limitations,MED,N,,3,agent_tasklist.md,0,DRAFT_DONE,Describe the effect of human underload/overload on effectiveness in the flight crew compartment.
040.03.06.02.25,040,Human Performance and Limitations,MED,N,,3,agent_tasklist.md,0,DRAFT_DONE,List sources and symptoms of human underload.
040.03.06.05.01,040,Human Performance and Limitations,MED,N,,3,agent_tasklist.md,0,DRAFT_DONE,Explain the term ‘fatigue’ and differentiate between the two types of fatigue (short-term and chronic fatigue).
040.03.06.05.02,040,Human Performance and Limitations,MED,N,,3,agent_tasklist.md,0,DRAFT_DONE,Name the causes of short-term and chronic fatigue.
040.03.06.05.03,040,Human Performance and Limitations,MED,N,,3,agent_tasklist.md,0,DRAFT_DONE,Identify the symptoms and describe the effects of fatigue.
040.03.06.05.04,040,Human Performance and Limitations,MED,N,,3,agent_tasklist.md,0,DRAFT_DONE,List the strategies that prevent or delay the onset of fatigue and hypovigilance.
040.03.06.05.05,040,Human Performance and Limitations,MED,N,,3,agent_tasklist.md,0,DRAFT_DONE,List and describe strategies for coping with stress factors and stress reactions.
040.03.06.05.06,040,Human Performance and Limitations,MED,N,,3,agent_tasklist.md,0,DRAFT_DONE,Distinguish between short-term and long-term methods of stress management.
040.03.06.05.07,040,Human Performance and Limitations,MED,N,,3,agent_tasklist.md,0,DRAFT_DONE,Give examples of short-term methods of stress management.
040.03.06.05.08,040,Human Performance and Limitations,MED,N,,3,agent_tasklist.md,0,DRAFT_DONE,Give examples of long-term methods of coping with stress.
040.03.06.05.09,040,Human Performance and Limitations,MED,N,,3,agent_tasklist.md,0,DRAFT_DONE,"Describe the fatigue risk management system (FRMS) as follows: a data-driven means of continuously monitoring and managing fatigue-related safety risks, based upon scientific principles and knowledge as well as operational experience that aims to ensure relevant personnel are performing at adequate levels of alertness."
040.03.07.01.01,040,Human Performance and Limitations,MED,N,,3,agent_tasklist.md,0,DRAFT_DONE,"Compare the two basic concepts of automation: as per Boeing, where the pilot remains the last operator; and as per Airbus, where automated systems can correct erroneous pilot action."
040.03.07.01.02,040,Human Performance and Limitations,MED,N,,3,agent_tasklist.md,0,DRAFT_DONE,"Explain the fundamental restrictions of autoflight systems to be lack of creativity in unknown situations, and lack of personal motivation with regard to safety."
040.03.07.01.03,040,Human Performance and Limitations,MED,N,,3,agent_tasklist.md,0,DRAFT_DONE,"List the principal strengths and weaknesses of pilot versus autopilot systems to be creativity, decision-making, prioritisation of tasks, safety attitude versus precision, reliability."
040.03.07.01.04,040,Human Performance and Limitations,MED,N,,3,agent_tasklist.md,0,DRAFT_DONE,"Explain the ‘ironies of automation’: designers’ errors due to wrong interpretation of the data, leaving tasks to the pilot that are too complex to automate, loss of manual and cognitive skills of the pilot. State the necessity for regular training flights as one possible countermeasure."
040.03.07.01.05,040,Human Performance and Limitations,MED,N,,3,agent_tasklist.md,0,DRAFT_DONE,"Describe methods to overcome the drawbacks of autoflight systems to be loss of manual flying capabilities, additional workload through programming, risk of slips during programming, and hypovigilance during cruise."
040.03.07.02.01,040,Human Performance and Limitations,MED,N,,3,agent_tasklist.md,0,DRAFT_DONE,"State the main weaknesses in the monitoring of automatic systems to be hypovigilance during flight, and loss of flying skills."
040.03.07.02.02,040,Human Performance and Limitations,MED,N,,3,agent_tasklist.md,0,DRAFT_DONE,Explain some basic flight crew errors and terms that arise with the introduction of automation: passive monitoring; blinkered concentration; confusion; mode awareness.
040.03.07.02.03,040,Human Performance and Limitations,MED,N,,3,agent_tasklist.md,0,DRAFT_DONE,Explain how the method of call-outs counteracts ineffective monitoring of automatic systems.
040.03.07.02.04,040,Human Performance and Limitations,MED,N,,3,agent_tasklist.md,0,DRAFT_DONE,Define ‘complacency’.
040.03.07.03.01,040,Human Performance and Limitations,MED,N,,3,agent_tasklist.md,0,DRAFT_DONE,"Explain that the potential disadvantages of automation on crew communication are loss of awareness of input errors, flight modes, failure detection, failure comprehension, status of the aircraft and aircraft position."
040.03.07.03.02,040,Human Performance and Limitations,MED,N,,3,agent_tasklist.md,0,DRAFT_DONE,Explain how the negative effects of automation on pilots may be alleviated by degrading to a lower level of automation to recover comprehension of the flight status from VNAV/LNAV to ALT/HDG or even to manual flying.
040.03.07.03.03,040,Human Performance and Limitations,MED,N,,3,agent_tasklist.md,0,DRAFT_DONE,"Interpret the role of automation with respect to flight safety regarding the basic principle of the use of manual versus autoflight in normal operations, frequent changes in the flight profile, and in abnormal situations."
050.01.01.01.01,050,Meteorology,MED,N,,3,agent_tasklist.md,0,DRAFT_DONE,"Describe the vertical division of the atmosphere up to flight level (FL) 650, based on the temperature variations with height."
050.01.01.01.02,050,Meteorology,MED,N,,3,agent_tasklist.md,0,DRAFT_DONE,List the different layers and their main qualitative characteristics up to FL 650.
050.01.01.02.01,050,Meteorology,MED,N,,3,agent_tasklist.md,0,DRAFT_DONE,Describe the troposphere.
050.01.01.02.02,050,Meteorology,MED,N,,3,agent_tasklist.md,0,DRAFT_DONE,Describe the main characteristics of the tropopause.
050.01.01.02.03,050,Meteorology,MED,N,,3,agent_tasklist.md,0,DRAFT_DONE,Describe the proportions of the most important gases in the air in the troposphere.
050.01.01.02.04,050,Meteorology,MED,N,,3,agent_tasklist.md,0,DRAFT_DONE,Describe the variations of the FL and temperature of the tropopause from the poles to the equator.
050.01.01.02.05,050,Meteorology,MED,N,,3,agent_tasklist.md,0,DRAFT_DONE,Describe the breaks in the tropopause along the boundaries of the main air masses.
050.01.01.02.06,050,Meteorology,MED,N,,3,agent_tasklist.md,0,DRAFT_DONE,Indicate the variations of the FL of the tropopause with the seasons and the variations of atmospheric pressure.
050.01.01.03.01,050,Meteorology,MED,N,,3,agent_tasklist.md,0,DRAFT_DONE,Describe the stratosphere up to FL 650.
050.01.01.03.02,050,Meteorology,MED,N,,3,agent_tasklist.md,0,DRAFT_DONE,Describe that ozone can occur at jet cruise altitudes and that it constitutes a hazard.
050.01.02.01.01,050,Meteorology,MED,N,,3,agent_tasklist.md,0,DRAFT_DONE,Define ‘air temperature’.
050.01.02.01.02,050,Meteorology,LOW,Y,,3,agent_tasklist.md,0,DRAFT_DONE,"List the units of measurement of air temperature used in aviation meteorology (Celsius, Fahrenheit, Kelvin). (Refer to Subject 050 10 01 01)"
050.01.02.02.01,050,Meteorology,MED,N,,3,agent_tasklist.md,0,DRAFT_DONE,Describe the mean vertical distribution of temperature up to FL 650.
050.01.02.02.02,050,Meteorology,MED,N,,3,agent_tasklist.md,0,DRAFT_DONE,Mention the general causes of the cooling of the air in the troposphere with increasing altitude.
050.01.02.02.03,050,Meteorology,MED,N,,3,agent_tasklist.md,0,DRAFT_DONE,Calculate the temperature and temperature deviations (in relation to International Standard Atmosphere (ISA)) at specified levels.
050.01.02.03.01,050,Meteorology,MED,N,,3,agent_tasklist.md,0,DRAFT_DONE,Explain how local cooling or warming processes result in transfer of heat.
050.01.02.03.02,050,Meteorology,MED,N,,3,agent_tasklist.md,0,DRAFT_DONE,Describe radiation.
050.01.02.03.03,050,Meteorology,MED,N,,3,agent_tasklist.md,0,DRAFT_DONE,Describe solar radiation reaching the Earth.
050.01.02.03.04,050,Meteorology,MED,N,,3,agent_tasklist.md,0,DRAFT_DONE,Describe the filtering effect of the atmosphere on solar radiation.
050.01.02.03.05,050,Meteorology,MED,N,,3,agent_tasklist.md,0,DRAFT_DONE,Describe terrestrial radiation.
050.01.02.03.06,050,Meteorology,MED,N,,3,agent_tasklist.md,0,DRAFT_DONE,Explain how terrestrial radiation is absorbed by some components of the atmosphere.
050.01.02.03.07,050,Meteorology,MED,N,,3,agent_tasklist.md,0,DRAFT_DONE,Explain the effect of absorption and radiation in connection with clouds.
050.01.02.03.08,050,Meteorology,MED,N,,3,agent_tasklist.md,0,DRAFT_DONE,Explain the process of conduction.
050.01.02.03.09,050,Meteorology,MED,N,,3,agent_tasklist.md,0,DRAFT_DONE,Explain the role of conduction in the cooling and warming of the atmosphere.
050.01.02.03.10,050,Meteorology,MED,N,,3,agent_tasklist.md,0,DRAFT_DONE,Explain the process of convection.
050.01.02.03.11,050,Meteorology,MED,N,,3,agent_tasklist.md,0,DRAFT_DONE,Name the situations in which convection occurs.
050.01.02.03.12,050,Meteorology,MED,N,,3,agent_tasklist.md,0,DRAFT_DONE,Explain the process of advection.
050.01.02.03.13,050,Meteorology,MED,N,,3,agent_tasklist.md,0,DRAFT_DONE,Name the situations in which advection occurs.
050.01.02.03.14,050,Meteorology,MED,N,,3,agent_tasklist.md,0,DRAFT_DONE,Describe the transfer of heat by turbulence.
050.01.02.03.15,050,Meteorology,MED,N,,3,agent_tasklist.md,0,DRAFT_DONE,Describe the transfer of latent heat.
050.01.02.04.01,050,Meteorology,MED,N,,3,agent_tasklist.md,0,DRAFT_DONE,Describe qualitatively and quantitatively the temperature lapse rates of the troposphere (mean value 0.65 degrees C/100 m or 2 degrees C/1 000 ft and actual values).
050.01.02.05.01,050,Meteorology,MED,N,,3,agent_tasklist.md,0,DRAFT_DONE,Describe the development and types of inversions.
050.01.02.05.02,050,Meteorology,MED,N,,3,agent_tasklist.md,0,DRAFT_DONE,Explain the characteristics of inversions and of an isothermal layer concerning stability and vertical motions.
050.01.02.05.03,050,Meteorology,MED,N,,3,agent_tasklist.md,0,DRAFT_DONE,"Explain the reasons for the formation of the following inversions: ground inversion (nocturnal radiation/advection), subsidence inversion, frontal inversion, inversion above friction layer, valley inversion."
050.01.02.06.01,050,Meteorology,MED,N,,3,agent_tasklist.md,0,DRAFT_DONE,Explain the cooling/warming of the surface of the Earth by radiation.
050.01.02.06.02,050,Meteorology,MED,N,,3,agent_tasklist.md,0,DRAFT_DONE,Explain the cooling/warming of the air by molecular or turbulent heat transfer to/from the earth or sea surfaces.
050.01.02.06.03,050,Meteorology,MED,N,,3,agent_tasklist.md,0,DRAFT_DONE,Describe qualitatively the influence of the clouds on the cooling and warming of the surface and the air near the surface.
050.01.02.06.04,050,Meteorology,MED,N,,3,agent_tasklist.md,0,DRAFT_DONE,Explain the influence of the wind on the cooling and warming of the air near the surfaces.
050.01.03.01.01,050,Meteorology,MED,N,,3,agent_tasklist.md,0,DRAFT_DONE,Define ‘atmospheric pressure’.
050.01.03.01.02,050,Meteorology,LOW,Y,,3,agent_tasklist.md,0,DRAFT_DONE,"List the units of measurement of the atmospheric pressure used in aviation (hPa, inches of mercury). (Refer to Subject 050 10 01 01)"
050.01.03.01.03,050,Meteorology,LOW,Y,,3,agent_tasklist.md,0,DRAFT_DONE,"Describe the principle of the barometers (mercury barometer, aneroid barometer)."
050.01.03.01.04,050,Meteorology,MED,N,,3,agent_tasklist.md,0,DRAFT_DONE,Define isobars and identify them on surface weather charts.
050.01.03.01.05,050,Meteorology,MED,N,,3,agent_tasklist.md,0,DRAFT_DONE,"Define ‘high’, ‘low’, ‘trough’, ‘ridge’, ‘col’."
050.01.03.02.01,050,Meteorology,MED,N,,3,agent_tasklist.md,0,DRAFT_DONE,Explain the pressure variation with height.
050.01.03.02.02,050,Meteorology,MED,N,,3,agent_tasklist.md,0,DRAFT_DONE,Describe quantitatively the variation of the barometric lapse rate. Remark: An approximation of the average value for the barometric lapse rate near mean sea level (MSL) is 30 ft (9 m) per 1 hPa.
050.01.03.02.03,050,Meteorology,MED,N,,3,agent_tasklist.md,0,DRAFT_DONE,State that (under conditions of ISA) pressure is approximately 50 per cent of MSL at 18 000 ft and density is approximately 50 per cent of MSL at 22 000 ft and 25 per cent of MSL at 40 000 ft.
050.01.03.03.01,050,Meteorology,MED,N,,3,agent_tasklist.md,0,DRAFT_DONE,Define ‘QFF’.
050.01.03.03.02,050,Meteorology,MED,N,,3,agent_tasklist.md,0,DRAFT_DONE,Explain the reduction of measured pressure (QFE) to QFF (MSL).
050.01.03.03.03,050,Meteorology,MED,N,,3,agent_tasklist.md,0,DRAFT_DONE,Mention the use of QFF for surface weather charts.
050.01.03.04.01,050,Meteorology,MED,N,,3,agent_tasklist.md,0,DRAFT_DONE,Illustrate with a vertical cross section of isobaric surfaces the relationship between surface pressure systems and upper-air pressure systems.
050.01.04.01.01,050,Meteorology,MED,N,,3,agent_tasklist.md,0,DRAFT_DONE,"Describe the relationship between pressure, temperature and density."
050.01.04.01.02,050,Meteorology,MED,N,,3,agent_tasklist.md,0,DRAFT_DONE,Describe the vertical variation of the air density in the atmosphere.
050.01.05.01.01,050,Meteorology,MED,N,,3,agent_tasklist.md,0,DRAFT_DONE,Explain the use of standardised values for the atmosphere.
050.01.05.01.02,050,Meteorology,MED,N,,3,agent_tasklist.md,0,DRAFT_DONE,"List the main values of the ISA MSL pressure, MSL temperature, the vertical temperature lapse rate up to FL 650, height and temperature of the tropopause."
050.01.06.01.01,050,Meteorology,MED,N,,3,agent_tasklist.md,0,DRAFT_DONE,"Define the following terms and explain how they are related to each other: height, altitude, pressure altitude, FL, pressure level, true altitude, true height, elevation, QNH, QFE, and standard altimeter setting."
050.01.06.01.02,050,Meteorology,MED,N,,3,agent_tasklist.md,0,DRAFT_DONE,"Describe the terms ‘transition altitude’, ‘transition level’, ‘transition layer’, ‘terrain clearance’, ‘lowest usable flight level’."
050.01.06.02.01,050,Meteorology,MED,N,,3,agent_tasklist.md,0,DRAFT_DONE,"Name the altimeter settings associated to height, altitude, pressure altitude and FL."
050.01.06.02.02,050,Meteorology,MED,N,,3,agent_tasklist.md,0,DRAFT_DONE,Describe the altimeter-setting procedures.
050.01.06.03.01,050,Meteorology,MED,N,,3,agent_tasklist.md,0,DRAFT_DONE,"Calculate the different readings on the altimeter when the pilot uses different settings (QNH, 1013.25, QFE)."
050.01.06.03.02,050,Meteorology,MED,N,,3,agent_tasklist.md,0,DRAFT_DONE,Illustrate with a numbered example the changes of altimeter setting and the associated changes in reading when the pilot climbs through the transition altitude or descends through the transition level.
050.01.06.03.03,050,Meteorology,MED,N,,3,agent_tasklist.md,0,DRAFT_DONE,Derive the reading of the altimeter of an aircraft on the ground when the pilot uses the different settings.
050.01.06.03.04,050,Meteorology,MED,N,,3,agent_tasklist.md,0,DRAFT_DONE,Explain the influence of the air temperature on the distance between the ground and the level read on the altimeter and between two FLs.
050.01.06.03.05,050,Meteorology,MED,N,,3,agent_tasklist.md,0,DRAFT_DONE,Explain the influence of pressure areas on true altitude.
050.01.06.03.06,050,Meteorology,MED,N,,3,agent_tasklist.md,0,DRAFT_DONE,Determine the true altitude/height for a given altitude/height and a given ISA temperature deviation.
050.01.06.03.07,050,Meteorology,MED,N,,3,agent_tasklist.md,0,DRAFT_DONE,Calculate the terrain clearance and the lowest usable FL for given atmospheric temperature and pressure conditions.
050.01.06.03.08,050,Meteorology,MED,N,,3,agent_tasklist.md,0,DRAFT_DONE,"State that the 4 per cent-rule can be used to calculate true altitude from indicated altitude, and also indicated altitude from true altitude (not precise but sufficient due to the approximation of the 4 per cent-rule.)"
050.01.06.04.01,050,Meteorology,MED,N,,3,agent_tasklist.md,0,DRAFT_DONE,Describe qualitatively how the effect of accelerated airflow due to topography (the Bernoulli effect) affects altimetry.
050.02.01.01.01,050,Meteorology,MED,N,,3,agent_tasklist.md,0,DRAFT_DONE,Define ‘wind’ and ‘surface wind’.
050.02.01.01.02,050,Meteorology,MED,N,,3,agent_tasklist.md,0,DRAFT_DONE,"State the units of wind directions (degrees true in reports; degrees magnetic from tower) and speed (kt, m/s)."
050.02.01.01.03,050,Meteorology,MED,N,,3,agent_tasklist.md,0,DRAFT_DONE,"Describe that the reported wind is an average wind derived from measurements with an anemometer at a height of 10 m over 2 min for local routine and special reports and ATS units, and over 10 min for aerodrome routine meteorological reports (METARs) and aerodrome special meteorological reports (SPECIs)."
050.02.02.01.01,050,Meteorology,MED,N,,3,agent_tasklist.md,0,DRAFT_DONE,Define the term ‘horizontal pressure gradient’.
050.02.02.01.02,050,Meteorology,MED,N,,3,agent_tasklist.md,0,DRAFT_DONE,Explain how the pressure gradient force acts in relation to the pressure gradient.
050.02.02.01.03,050,Meteorology,MED,N,,3,agent_tasklist.md,0,DRAFT_DONE,Explain how the Coriolis force acts in relation to the wind.
050.02.02.01.04,050,Meteorology,MED,N,,3,agent_tasklist.md,0,DRAFT_DONE,Explain the development of the geostrophic wind.
050.02.02.01.05,050,Meteorology,MED,N,,3,agent_tasklist.md,0,DRAFT_DONE,Indicate how the geostrophic wind flows in relation to the isobars/isohypses in the northern and in the southern hemisphere.
050.02.02.01.06,050,Meteorology,MED,N,,3,agent_tasklist.md,0,DRAFT_DONE,Analyse the effect of changing latitude on the geostrophic wind speed.
050.02.02.01.07,050,Meteorology,MED,N,,3,agent_tasklist.md,0,DRAFT_DONE,Explain the gradient wind effect and indicate how the gradient wind differs from the geostrophic wind in cyclonic and anticyclonic circulation.
050.02.02.02.01,050,Meteorology,MED,N,,3,agent_tasklist.md,0,DRAFT_DONE,Describe why and how the wind changes direction and speed with height in the friction layer in the northern and in the southern hemisphere (rule of thumb).
050.02.02.02.02,050,Meteorology,MED,N,,3,agent_tasklist.md,0,DRAFT_DONE,State the surface and air-mass conditions that influence the wind in the friction layer (diurnal variation).
050.02.02.02.03,050,Meteorology,MED,N,,3,agent_tasklist.md,0,DRAFT_DONE,"Name terrain, wind speed and stability as the main factors that influence the vertical extent of the friction layer."
050.02.02.02.04,050,Meteorology,MED,N,,3,agent_tasklist.md,0,DRAFT_DONE,Explain the relationship between isobars and wind (direction and speed). Remark: Approximate value for variation of wind in the friction layer (values to be used in examinations): Type of landscape: Wind speed in friction layer in per cent of the geostrophic wind: over water: ca. 70 per cent; over land: ca. 50 per cent; The wind in the friction layer blows across the isobars towards the low pressure. Angle between wind direction and isobars. Over water: ca. 10 degrees; over land: ca. 30 degrees. WMO - No. 266.
050.02.02.03.01,050,Meteorology,MED,N,,3,agent_tasklist.md,0,DRAFT_DONE,Describe atmospheric convergence and divergence.
050.02.02.03.02,050,Meteorology,MED,N,,3,agent_tasklist.md,0,DRAFT_DONE,Explain the relationship between convergence and divergence on the following: pressure systems at the surface and aloft; wind speed; vertical motion and cloud formation (relationship between upper-air conditions and surface pressure systems).
050.02.03.01.01,050,Meteorology,MED,N,,3,agent_tasklist.md,0,DRAFT_DONE,Describe the general global circulation. (Refer to Subject 050 08 01 01)
050.02.03.01.02,050,Meteorology,MED,N,,3,agent_tasklist.md,0,DRAFT_DONE,Name and sketch or indicate on a map the global distribution of the surface pressure and the resulting wind pattern for all latitudes at low level in January and July.
050.02.03.01.03,050,Meteorology,MED,N,,3,agent_tasklist.md,0,DRAFT_DONE,Sketch or indicate on a map the westerly and easterly tropospheric winds at high level in January and July.
050.02.04.01.01,050,Meteorology,MED,N,,3,agent_tasklist.md,0,DRAFT_DONE,Describe and explain anabatic and katabatic winds.
050.02.04.01.02,050,Meteorology,MED,N,,3,agent_tasklist.md,0,DRAFT_DONE,Describe mountain and valley winds.
050.02.04.01.03,050,Meteorology,MED,N,,3,agent_tasklist.md,0,DRAFT_DONE,"Describe the Venturi effect, convergence in valleys and mountain areas."
050.02.04.01.04,050,Meteorology,MED,N,,3,agent_tasklist.md,0,DRAFT_DONE,"Describe land and sea breezes, and sea-breeze front."
050.02.04.01.05,050,Meteorology,MED,N,,3,agent_tasklist.md,0,DRAFT_DONE,"Describe that local, low-level jet streams can develop in the evening."
050.02.05.01.01,050,Meteorology,MED,N,,3,agent_tasklist.md,0,DRAFT_DONE,Explain the origin and formation of mountain waves.
050.02.05.01.02,050,Meteorology,MED,N,,3,agent_tasklist.md,0,DRAFT_DONE,State the conditions necessary for the formation of mountain waves.
050.02.05.01.03,050,Meteorology,MED,N,,3,agent_tasklist.md,0,DRAFT_DONE,Describe the structure and properties of mountain waves.
050.02.05.01.04,050,Meteorology,MED,N,,3,agent_tasklist.md,0,DRAFT_DONE,Explain how mountain waves may be identified by their associated meteorological phenomena.
050.02.05.01.05,050,Meteorology,MED,N,,3,agent_tasklist.md,0,DRAFT_DONE,Describe that mountain wave effects can exceed the performance or structural capability of aircraft.
050.02.05.01.06,050,Meteorology,MED,N,,3,agent_tasklist.md,0,DRAFT_DONE,"Describe that mountain wave effects can propagate from low to high level, e.g. over Greenland and elsewhere."
050.02.06.01.01,050,Meteorology,MED,N,,3,agent_tasklist.md,0,DRAFT_DONE,Describe turbulence and gustiness.
050.02.06.01.02,050,Meteorology,MED,N,,3,agent_tasklist.md,0,DRAFT_DONE,"List the common types of turbulence (convective, mechanical, orographic, frontal, clear-air turbulence)."
050.02.06.02.01,050,Meteorology,MED,N,,3,agent_tasklist.md,0,DRAFT_DONE,"Explain the formation of convective turbulence, mechanical and orographic turbulence, and frontal turbulence."
050.02.06.02.02,050,Meteorology,MED,N,,3,agent_tasklist.md,0,DRAFT_DONE,"State where turbulence will normally be found (rough-ground surfaces, relief, inversion layers, cumulonimbus (CB), thunderstorm (TS) zones, unstable layers)."
050.02.06.03.01,050,Meteorology,MED,N,,3,agent_tasklist.md,0,DRAFT_DONE,Describe CAT.
050.02.06.03.02,050,Meteorology,MED,N,,3,agent_tasklist.md,0,DRAFT_DONE,Describe the formation of CAT.
050.02.06.03.03,050,Meteorology,MED,N,,3,agent_tasklist.md,0,DRAFT_DONE,"State where CAT is found in association with jet streams, in high-level troughs and in other disturbed high-level air flows. (Refer to Subject 050 09 02 02)"
050.02.06.03.04,050,Meteorology,MED,N,,3,agent_tasklist.md,0,DRAFT_DONE,State that remote sensing of CAT from satellites is not possible and that forecasting is limited.
050.02.06.03.05,050,Meteorology,MED,N,,3,agent_tasklist.md,0,DRAFT_DONE,State that pilot reports of turbulence are a very valuable source of information as remote measurements are not available.
050.02.07.01.01,050,Meteorology,MED,N,,3,agent_tasklist.md,0,DRAFT_DONE,Describe jet streams.
050.02.07.01.02,050,Meteorology,MED,N,,3,agent_tasklist.md,0,DRAFT_DONE,State the defined minimum speed of a jet stream (60 kt).
050.02.07.01.03,050,Meteorology,MED,N,,3,agent_tasklist.md,0,DRAFT_DONE,State the typical figures for the dimensions of jet streams.
050.02.07.02.01,050,Meteorology,MED,N,,3,agent_tasklist.md,0,DRAFT_DONE,"Explain the formation and state the heights, the speeds, the seasonal variations of speeds, the geographical positions, the seasonal occurrence and the seasonal movements of the arctic (front) jet stream, the polar (front) jet stream, the subtropical jet stream, and the tropical (easterly/equatorial) jet stream."
050.02.07.03.01,050,Meteorology,MED,N,,3,agent_tasklist.md,0,DRAFT_DONE,Sketch or describe where polar front and arctic jet streams are found in the troposphere in relation to the tropopause and to fronts.
050.02.07.03.02,050,Meteorology,MED,N,,3,agent_tasklist.md,0,DRAFT_DONE,Describe and indicate the areas of worst wind shear and CAT.
050.03.01.01.01,050,Meteorology,MED,N,,3,agent_tasklist.md,0,DRAFT_DONE,State that the density of moist air is less than the density of dry air.
050.03.01.01.02,050,Meteorology,MED,N,,3,agent_tasklist.md,0,DRAFT_DONE,Describe the significance for meteorology of water vapour in the atmosphere.
050.03.01.01.03,050,Meteorology,MED,N,,3,agent_tasklist.md,0,DRAFT_DONE,Indicate the sources of atmospheric humidity.
050.03.01.01.04,050,Meteorology,MED,N,,3,agent_tasklist.md,0,DRAFT_DONE,Define ‘saturation of air by water vapour’.
050.03.01.03.01,050,Meteorology,MED,N,,3,agent_tasklist.md,0,DRAFT_DONE,Define ‘dew point’.
050.03.01.03.02,050,Meteorology,MED,N,,3,agent_tasklist.md,0,DRAFT_DONE,Define ‘relative humidity’.
050.03.01.03.03,050,Meteorology,MED,N,,3,agent_tasklist.md,0,DRAFT_DONE,Explain the factors that influence the relative humidity at constant pressure.
050.03.01.03.04,050,Meteorology,MED,N,,3,agent_tasklist.md,0,DRAFT_DONE,Explain the diurnal variation of the relative humidity.
050.03.01.03.05,050,Meteorology,MED,N,,3,agent_tasklist.md,0,DRAFT_DONE,Describe the relationship between temperature and dew point.
050.03.01.03.06,050,Meteorology,MED,N,,3,agent_tasklist.md,0,DRAFT_DONE,Estimate the relative humidity of the air from the difference between dew point and temperature.
050.03.02.01.01,050,Meteorology,MED,N,,3,agent_tasklist.md,0,DRAFT_DONE,"Define ‘condensation’, ‘evaporation’, ‘sublimation’, ‘freezing and melting’ and ‘latent heat’."
050.03.02.01.02,050,Meteorology,MED,N,,3,agent_tasklist.md,0,DRAFT_DONE,List the conditions for condensation/evaporation.
050.03.02.01.03,050,Meteorology,MED,N,,3,agent_tasklist.md,0,DRAFT_DONE,Explain the condensation process.
050.03.02.01.04,050,Meteorology,MED,N,,3,agent_tasklist.md,0,DRAFT_DONE,Explain the nature of and the need for condensation nuclei.
050.03.02.01.05,050,Meteorology,MED,N,,3,agent_tasklist.md,0,DRAFT_DONE,Explain the effects of condensation on the weather.
050.03.02.01.06,050,Meteorology,MED,N,,3,agent_tasklist.md,0,DRAFT_DONE,List the conditions for freezing/melting.
050.03.02.01.07,050,Meteorology,MED,N,,3,agent_tasklist.md,0,DRAFT_DONE,Explain the process of freezing.
050.03.02.01.08,050,Meteorology,MED,N,,3,agent_tasklist.md,0,DRAFT_DONE,Explain the nature of and the need for freezing nuclei.
050.03.02.01.09,050,Meteorology,MED,N,,3,agent_tasklist.md,0,DRAFT_DONE,Define ‘supercooled water’. (Refer to Subject 050 09 01 01)
050.03.02.01.10,050,Meteorology,MED,N,,3,agent_tasklist.md,0,DRAFT_DONE,List the conditions for sublimation.
050.03.02.01.11,050,Meteorology,MED,N,,3,agent_tasklist.md,0,DRAFT_DONE,Explain the sublimation process.
050.03.02.01.12,050,Meteorology,MED,N,,3,agent_tasklist.md,0,DRAFT_DONE,Explain the nature of and the need for sublimation nuclei.
050.03.02.01.13,050,Meteorology,MED,N,,3,agent_tasklist.md,0,DRAFT_DONE,Describe the absorption or release of latent heat in each change of state of water.
050.03.02.01.14,050,Meteorology,MED,N,,3,agent_tasklist.md,0,DRAFT_DONE,Illustrate all the changes of state of water with practical examples.
050.03.03.01.01,050,Meteorology,MED,N,,3,agent_tasklist.md,0,DRAFT_DONE,Describe the adiabatic process in an unsaturated rising or descending air particle.
050.03.03.01.02,050,Meteorology,MED,N,,3,agent_tasklist.md,0,DRAFT_DONE,Explain the variation of temperature of an unsaturated rising or descending air particle.
050.03.03.01.03,050,Meteorology,MED,N,,3,agent_tasklist.md,0,DRAFT_DONE,Explain the variation of humidity of an unsaturated rising or descending air particle.
050.03.03.01.04,050,Meteorology,MED,N,,3,agent_tasklist.md,0,DRAFT_DONE,Describe the adiabatic process in a saturated rising or descending air particle.
050.03.03.01.05,050,Meteorology,MED,N,,3,agent_tasklist.md,0,DRAFT_DONE,Explain the variation of temperature of a saturated air particle with changing altitude.
050.03.03.01.06,050,Meteorology,MED,N,,3,agent_tasklist.md,0,DRAFT_DONE,Explain the static stability of the atmosphere using the actual temperature curve with reference to the adiabatic lapse rates.
050.03.03.01.07,050,Meteorology,MED,N,,3,agent_tasklist.md,0,DRAFT_DONE,"Define qualitatively and quantitatively the terms ‘stable’, ‘conditionally unstable’, ‘unstable’ and ‘indifferent’."
050.03.03.01.08,050,Meteorology,MED,N,,3,agent_tasklist.md,0,DRAFT_DONE,Illustrate with a schematic sketch the formation of Foehn.
050.03.03.01.09,050,Meteorology,MED,N,,3,agent_tasklist.md,0,DRAFT_DONE,Explain the effect of the advection of air (warm or cold) on the stability of the air. Remark: Dry adiabatic lapse rate = 1 degrees C/100 m or 3 degrees C/1 000 ft; average value at lower levels for saturated adiabatic lapse rate = 0.6 degrees C/100 m or 1.8 degrees C/1 000 ft (values to be used in examinations).
050.04.01.01.01,050,Meteorology,MED,N,,3,agent_tasklist.md,0,DRAFT_DONE,"Explain cloud formation by adiabatic cooling, conduction, advection and radiation."
050.04.01.01.02,050,Meteorology,MED,N,,3,agent_tasklist.md,0,DRAFT_DONE,Describe cloud formation based on the following lifting processes: unorganised lifting in thin layers and turbulent mixing; forced lifting at fronts or over mountains; free convection.
050.04.01.01.03,050,Meteorology,MED,N,,3,agent_tasklist.md,0,DRAFT_DONE,List cloud types typical for stable and unstable air conditions.
050.04.01.01.04,050,Meteorology,MED,N,,3,agent_tasklist.md,0,DRAFT_DONE,Summarise the conditions for the dissipation of clouds.
050.04.01.02.01,050,Meteorology,MED,N,,3,agent_tasklist.md,0,DRAFT_DONE,Describe the different cloud types and their classification.
050.04.01.02.02,050,Meteorology,MED,N,,3,agent_tasklist.md,0,DRAFT_DONE,"Identify by shape cirriform, cumuliform and stratiform clouds."
050.04.01.02.03,050,Meteorology,MED,N,,3,agent_tasklist.md,0,DRAFT_DONE,Identify by shape and typical level the 10 cloud types (general).
050.04.01.02.04,050,Meteorology,MED,N,,3,agent_tasklist.md,0,DRAFT_DONE,"Describe and identify by shape the following species and supplementary features: castellanus, lenticularis, congestus, calvus, capillatus and virga."
050.04.01.02.05,050,Meteorology,MED,N,,3,agent_tasklist.md,0,DRAFT_DONE,"Distinguish between low-, medium- and high-level clouds according to the World Meteorological Organization’s (WMO) ‘cloud etage’."
050.04.01.02.06,050,Meteorology,MED,N,,3,agent_tasklist.md,0,DRAFT_DONE,"Distinguish between ice clouds, mixed clouds and pure-water clouds."
050.04.01.03.01,050,Meteorology,MED,N,,3,agent_tasklist.md,0,DRAFT_DONE,Explain the influence of inversions on vertical movements in the atmosphere.
050.04.01.03.02,050,Meteorology,MED,N,,3,agent_tasklist.md,0,DRAFT_DONE,Explain the influence of an inversion on the formation of stratus clouds.
050.04.01.03.03,050,Meteorology,MED,N,,3,agent_tasklist.md,0,DRAFT_DONE,Explain the influence of ground inversion on the formation of fog.
050.04.01.03.04,050,Meteorology,MED,N,,3,agent_tasklist.md,0,DRAFT_DONE,Describe the role of the tropopause inversion with regard to the vertical development of clouds.
050.04.01.04.01,050,Meteorology,MED,N,,3,agent_tasklist.md,0,DRAFT_DONE,Assess the 10 cloud types for icing and turbulence.
050.04.02.01.01,050,Meteorology,MED,N,,3,agent_tasklist.md,0,DRAFT_DONE,"Define ‘fog’, ‘mist’ and ‘haze’ with reference to the WMO standards of visibility range."
050.04.02.01.02,050,Meteorology,MED,N,,3,agent_tasklist.md,0,DRAFT_DONE,"Explain briefly the formation of fog, mist and haze."
050.04.02.01.03,050,Meteorology,MED,N,,3,agent_tasklist.md,0,DRAFT_DONE,Name the factors that generally contribute to the formation of fog and mist.
050.04.02.01.04,050,Meteorology,MED,N,,3,agent_tasklist.md,0,DRAFT_DONE,Name the factors that contribute to the formation of haze.
050.04.02.01.05,050,Meteorology,MED,N,,3,agent_tasklist.md,0,DRAFT_DONE,Describe freezing fog and ice fog.
050.04.02.02.01,050,Meteorology,MED,N,,3,agent_tasklist.md,0,DRAFT_DONE,Explain the formation of radiation fog.
050.04.02.02.02,050,Meteorology,MED,N,,3,agent_tasklist.md,0,DRAFT_DONE,"Describe the significant characteristics of radiation fog, and its vertical extent."
050.04.02.02.03,050,Meteorology,MED,N,,3,agent_tasklist.md,0,DRAFT_DONE,Summarise the conditions for the dissipation of radiation fog.
050.04.02.03.01,050,Meteorology,MED,N,,4,agent_tasklist.md,0,DRAFT_DONE,Explain the formation of advection fog.
050.04.02.03.02,050,Meteorology,MED,N,,3,agent_tasklist.md,0,DRAFT_DONE,"Describe the different possibilities of advection-fog formation (over land, sea and coastal regions)."
050.04.02.03.03,050,Meteorology,MED,N,,3,agent_tasklist.md,0,DRAFT_DONE,Describe the significant characteristics of advection fog.
050.04.02.03.04,050,Meteorology,MED,N,,3,agent_tasklist.md,0,DRAFT_DONE,Summarise the conditions for the dissipation of advection fog.
050.04.02.04.01,050,Meteorology,MED,N,,3,agent_tasklist.md,0,DRAFT_DONE,Explain the formation of sea smoke.
050.04.02.04.02,050,Meteorology,MED,N,,3,agent_tasklist.md,0,DRAFT_DONE,Explain the conditions for the development of sea smoke.
050.04.02.04.03,050,Meteorology,MED,N,,3,agent_tasklist.md,0,DRAFT_DONE,Summarise the conditions for the dissipation of sea smoke.
050.04.02.05.01,050,Meteorology,MED,N,,3,agent_tasklist.md,0,DRAFT_DONE,Explain the formation of frontal fog.
050.04.02.05.02,050,Meteorology,MED,N,,3,agent_tasklist.md,0,DRAFT_DONE,Describe the significant characteristics of frontal fog.
050.04.02.05.03,050,Meteorology,MED,N,,3,agent_tasklist.md,0,DRAFT_DONE,Summarise the conditions for the dissipation of frontal fog.
050.04.02.06.01,050,Meteorology,MED,N,,3,agent_tasklist.md,0,DRAFT_DONE,Summarise the features of orographic fog.
050.04.02.06.02,050,Meteorology,MED,N,,3,agent_tasklist.md,0,DRAFT_DONE,Describe the significant characteristics of orographic fog.
050.04.02.06.03,050,Meteorology,MED,N,,3,agent_tasklist.md,0,DRAFT_DONE,Summarise the conditions for the dissipation of orographic fog.
050.05.01.01.01,050,Meteorology,MED,N,,3,agent_tasklist.md,0,DRAFT_DONE,"Describe the two basic processes of forming precipitation (the Wegener-Bergeron-Findeisen process, Coalescence)."
050.05.01.01.02,050,Meteorology,MED,N,,3,agent_tasklist.md,0,DRAFT_DONE,Summarise the outlines of the ice-crystal process (the Wegener-Bergeron-Findeisen process).
050.05.01.01.03,050,Meteorology,MED,N,,3,agent_tasklist.md,0,DRAFT_DONE,Summarise the outlines of the coalescence process.
050.05.01.01.04,050,Meteorology,MED,N,,3,agent_tasklist.md,0,DRAFT_DONE,"Explain the development of snow, rain, drizzle and hail."
050.05.02.01.01,050,Meteorology,MED,N,,3,agent_tasklist.md,0,DRAFT_DONE,"List and describe the types of precipitation given in the aerodrome forecast (TAF) and METAR codes (drizzle, rain, snow, snow grains, ice pellets, hail, small hail, snow pellets, ice crystals, freezing drizzle, freezing rain)."
050.05.02.01.02,050,Meteorology,MED,N,,3,agent_tasklist.md,0,DRAFT_DONE,"State the ICAO/WMO approximate diameters for cloud, drizzle and rain drops."
050.05.02.01.03,050,Meteorology,MED,N,,3,agent_tasklist.md,0,DRAFT_DONE,"State that, because of their size, hail stones can cause significant damage to aircraft."
050.05.02.01.04,050,Meteorology,LOW,Y,,3,agent_tasklist.md,0,DRAFT_DONE,Explain the mechanism for the formation of freezing precipitation.
050.05.02.01.05,050,Meteorology,MED,N,,3,agent_tasklist.md,0,DRAFT_DONE,Describe the weather conditions that give rise to freezing precipitation.
050.05.02.01.06,050,Meteorology,MED,N,,3,agent_tasklist.md,0,DRAFT_DONE,Distinguish between the types of precipitation generated in convective and stratiform clouds.
050.05.02.01.07,050,Meteorology,MED,N,,3,agent_tasklist.md,0,DRAFT_DONE,Assign typical precipitation types and intensities to different cloud types.
050.05.02.01.08,050,Meteorology,MED,N,,3,agent_tasklist.md,0,DRAFT_DONE,Explain the relationship between moisture content and visibility during different types of winter precipitation (e.g. large vs small snowflakes).
050.06.01.01.01,050,Meteorology,MED,N,,3,agent_tasklist.md,0,DRAFT_DONE,Define the term ‘air mass’.
050.06.01.01.02,050,Meteorology,MED,N,,3,agent_tasklist.md,0,DRAFT_DONE,Describe the properties of the source regions.
050.06.01.01.03,050,Meteorology,MED,N,,3,agent_tasklist.md,0,DRAFT_DONE,Summarise the classification of air masses by source regions.
050.06.01.01.04,050,Meteorology,MED,N,,3,agent_tasklist.md,0,DRAFT_DONE,State the classifications of air masses by temperature and humidity at source.
050.06.01.01.05,050,Meteorology,MED,N,,3,agent_tasklist.md,0,DRAFT_DONE,State the characteristic weather in each of the air masses.
050.06.01.01.06,050,Meteorology,MED,N,,3,agent_tasklist.md,0,DRAFT_DONE,Name the three main air masses that affect Europe.
050.06.01.01.07,050,Meteorology,MED,N,,3,agent_tasklist.md,0,DRAFT_DONE,Classify air masses on a surface weather chart. Remark: Names and abbreviations of air masses used in examinations: first letter: humidity continental (c) maritime (m) second letter: type of air mass arctic (A) polar (P) tropical (T) equatorial (E) third letter: temperature cold (c) warm (w)
050.06.01.02.01,050,Meteorology,MED,N,,3,agent_tasklist.md,0,DRAFT_DONE,List the environmental factors that affect the final properties of an air mass.
050.06.01.02.02,050,Meteorology,MED,N,,3,agent_tasklist.md,0,DRAFT_DONE,Explain how maritime and continental tracks modify air masses.
050.06.01.02.03,050,Meteorology,MED,N,,3,agent_tasklist.md,0,DRAFT_DONE,Explain the effect of passage over cold or warm surfaces.
050.06.01.02.04,050,Meteorology,MED,N,,3,agent_tasklist.md,0,DRAFT_DONE,"Explain how air-mass weather is affected by the season, the air-mass track and by orographic and thermal effects over land."
050.06.01.02.05,050,Meteorology,MED,N,,3,agent_tasklist.md,0,DRAFT_DONE,Assess the tendencies of the stability of an air mass and describe the typical resulting air-mass weather including the hazards for aviation.
050.06.02.01.01,050,Meteorology,MED,N,,3,agent_tasklist.md,0,DRAFT_DONE,Describe the boundaries between air masses (fronts).
050.06.02.01.02,050,Meteorology,MED,N,,3,agent_tasklist.md,0,DRAFT_DONE,Define ‘front’ and ‘frontal zone’.
050.06.02.01.03,050,Meteorology,MED,N,,3,agent_tasklist.md,0,DRAFT_DONE,"Name the global frontal systems (polar front, arctic front)."
050.06.02.01.04,050,Meteorology,MED,N,,3,agent_tasklist.md,0,DRAFT_DONE,State the approximate seasonal latitudes and geographic positions of the polar front and the arctic front.
050.06.02.02.01,050,Meteorology,MED,N,,3,agent_tasklist.md,0,DRAFT_DONE,Define a ‘warm front’.
050.06.02.02.02,050,Meteorology,MED,N,,3,agent_tasklist.md,0,DRAFT_DONE,"Describe the cloud, weather, ground visibility and aviation hazards at a warm front depending on the stability of the warm air."
050.06.02.02.03,050,Meteorology,MED,N,,3,agent_tasklist.md,0,DRAFT_DONE,Explain the seasonal differences in the weather at warm fronts.
050.06.02.02.04,050,Meteorology,MED,N,,3,agent_tasklist.md,0,DRAFT_DONE,"Describe the structure, slope and dimensions of a warm front."
050.06.02.02.05,050,Meteorology,MED,N,,3,agent_tasklist.md,0,DRAFT_DONE,"Sketch a cross section of a warm front showing weather, cloud and aviation hazards."
050.06.02.03.01,050,Meteorology,MED,N,,3,agent_tasklist.md,0,DRAFT_DONE,Define a ‘cold front’.
050.06.02.03.02,050,Meteorology,MED,N,,3,agent_tasklist.md,0,DRAFT_DONE,"Describe the cloud, weather, ground visibility and aviation hazards at a cold front depending on the stability of the warm air."
050.06.02.03.03,050,Meteorology,MED,N,,3,agent_tasklist.md,0,DRAFT_DONE,Explain the seasonal differences in the weather at cold fronts.
050.06.02.03.04,050,Meteorology,MED,N,,3,agent_tasklist.md,0,DRAFT_DONE,"Describe the structure, slope and dimensions of a cold front."
050.06.02.03.05,050,Meteorology,MED,N,,3,agent_tasklist.md,0,DRAFT_DONE,"Sketch a cross section of a cold front showing weather, cloud and aviation hazards."
050.06.02.04.01,050,Meteorology,MED,N,,3,agent_tasklist.md,0,DRAFT_DONE,Describe fronts and air masses associated with the warm sector.
050.06.02.04.02,050,Meteorology,MED,N,,3,agent_tasklist.md,0,DRAFT_DONE,"Describe the cloud, weather, ground visibility and aviation hazards in a warm sector."
050.06.02.04.03,050,Meteorology,MED,N,,3,agent_tasklist.md,0,DRAFT_DONE,Explain the seasonal differences in the weather in the warm sector.
050.06.02.04.04,050,Meteorology,MED,N,,3,agent_tasklist.md,0,DRAFT_DONE,"Sketch a cross section of a warm sector showing weather, cloud and aviation hazards."
050.06.02.05.01,050,Meteorology,MED,N,,3,agent_tasklist.md,0,DRAFT_DONE,"Describe the cloud, weather, ground visibility and aviation hazards behind the cold front."
050.06.02.05.02,050,Meteorology,MED,N,,3,agent_tasklist.md,0,DRAFT_DONE,Explain the seasonal differences in the weather behind the cold front.
050.06.02.06.01,050,Meteorology,LOW,Y,,3,agent_tasklist.md,0,DRAFT_DONE,Define the term ‘occlusion’ and ‘occluded front’.
050.06.02.06.02,050,Meteorology,MED,N,,3,agent_tasklist.md,0,DRAFT_DONE,"Describe the cloud, weather, ground visibility and aviation hazards in a cold occlusion."
050.06.02.06.03,050,Meteorology,MED,N,,3,agent_tasklist.md,0,DRAFT_DONE,"Describe the cloud, weather, ground visibility and aviation hazards in a warm occlusion."
050.06.02.06.04,050,Meteorology,MED,N,,3,agent_tasklist.md,0,DRAFT_DONE,Explain the seasonal differences in the weather at occlusions.
050.06.02.06.05,050,Meteorology,MED,N,,3,agent_tasklist.md,0,DRAFT_DONE,"Sketch a cross section of occlusions showing weather, cloud and aviation hazards."
050.06.02.06.06,050,Meteorology,MED,N,,3,agent_tasklist.md,0,DRAFT_DONE,On a sketch illustrate the development of an occlusion and the movement of the occlusion point.
050.06.02.07.01,050,Meteorology,MED,N,,3,agent_tasklist.md,0,DRAFT_DONE,Define a ‘stationary front’.
050.06.02.07.02,050,Meteorology,MED,N,,3,agent_tasklist.md,0,DRAFT_DONE,"Describe the cloud, weather, ground visibility and aviation hazards in a stationary front."
050.06.02.08.01,050,Meteorology,MED,N,,3,agent_tasklist.md,0,DRAFT_DONE,Describe the movements of fronts and pressure systems and the life cycle of a mid-latitude depression.
050.06.02.08.02,050,Meteorology,MED,N,,3,agent_tasklist.md,0,DRAFT_DONE,State the rules for predicting the direction and the speed of movement of fronts.
050.06.02.08.03,050,Meteorology,MED,N,,3,agent_tasklist.md,0,DRAFT_DONE,State the difference in the speed of movement between cold and warm fronts.
050.06.02.08.04,050,Meteorology,MED,N,,3,agent_tasklist.md,0,DRAFT_DONE,State the rules for predicting the direction and the speed of movement of frontal depressions.
050.06.02.08.05,050,Meteorology,MED,N,,3,agent_tasklist.md,0,DRAFT_DONE,"Describe, with a sketch if required, the genesis, development and life cycle of a frontal depression with associated cloud and rain belts."
050.06.02.09.01,050,Meteorology,MED,N,,3,agent_tasklist.md,0,DRAFT_DONE,"Sketch a plan and a cross section of a frontal wave (warm front, warm sector, and cold front) and illustrate the changes of pressure, temperature, surface wind and wind in the vertical axis."
050.07.01.01.01,050,Meteorology,MED,N,,3,agent_tasklist.md,0,DRAFT_DONE,Identify or indicate on a map the principal global high-pressure and low-pressure areas in January and July.
050.07.01.01.02,050,Meteorology,MED,N,,3,agent_tasklist.md,0,DRAFT_DONE,Explain how these pressure areas are formed.
050.07.01.01.03,050,Meteorology,MED,N,,3,agent_tasklist.md,0,DRAFT_DONE,Explain how the pressure areas move with the seasons.
050.07.02.01.01,050,Meteorology,MED,N,,3,agent_tasklist.md,0,DRAFT_DONE,List the different types of anticyclones.
050.07.02.01.02,050,Meteorology,MED,N,,3,agent_tasklist.md,0,DRAFT_DONE,Describe the effect of high-level convergence in producing areas of high pressure at ground level.
050.07.02.01.03,050,Meteorology,MED,N,,3,agent_tasklist.md,0,DRAFT_DONE,"Describe air-mass subsidence, its effect on the environmental lapse rate, and the associated weather."
050.07.02.01.04,050,Meteorology,MED,N,,3,agent_tasklist.md,0,DRAFT_DONE,Describe the formation of warm and cold anticyclones.
050.07.02.01.05,050,Meteorology,MED,N,,3,agent_tasklist.md,0,DRAFT_DONE,Describe the formation of ridges.
050.07.02.01.06,050,Meteorology,MED,N,,3,agent_tasklist.md,0,DRAFT_DONE,Describe the properties of and the weather associated with warm and cold anticyclones.
050.07.02.01.07,050,Meteorology,MED,N,,3,agent_tasklist.md,0,DRAFT_DONE,Describe the properties of and the weather associated with ridges.
050.07.02.01.08,050,Meteorology,MED,N,,3,agent_tasklist.md,0,DRAFT_DONE,Describe the blocking anticyclone and its effects.
050.07.03.01.01,050,Meteorology,MED,N,,3,agent_tasklist.md,0,DRAFT_DONE,Describe the effect of high-level divergence in producing areas of low pressure at ground level.
050.07.03.01.02,050,Meteorology,MED,N,,3,agent_tasklist.md,0,DRAFT_DONE,"Describe the formation and properties of thermal, orographic (lee lows), polar and secondary depressions."
050.07.03.01.03,050,Meteorology,MED,N,,3,agent_tasklist.md,0,DRAFT_DONE,"Describe the formation, the properties and the associated weather at troughs."
050.07.04.01.01,050,Meteorology,MED,N,,3,agent_tasklist.md,0,DRAFT_DONE,State the conditions necessary for the formation of tropical revolving storms.
050.07.04.01.02,050,Meteorology,MED,N,,3,agent_tasklist.md,0,DRAFT_DONE,State how a tropical revolving storm generally moves in its area of occurrence.
050.07.04.01.03,050,Meteorology,MED,N,,3,agent_tasklist.md,0,DRAFT_DONE,"Name the stages of the development of tropical revolving storms (tropical disturbance, tropical depression, tropical storm, severe tropical storm, tropical revolving storm)."
050.07.04.01.04,050,Meteorology,MED,N,,3,agent_tasklist.md,0,DRAFT_DONE,Describe the meteorological conditions in and near a tropical revolving storm.
050.07.04.01.05,050,Meteorology,MED,N,,3,agent_tasklist.md,0,DRAFT_DONE,State the approximate dimensions of a tropical revolving storm.
050.07.04.01.06,050,Meteorology,MED,N,,3,agent_tasklist.md,0,DRAFT_DONE,"State that the movement of a tropical revolving storm can only rarely be forecast exactly, and that utmost care is necessary near a tropical revolving storm."
050.07.04.02.01,050,Meteorology,MED,N,,3,agent_tasklist.md,0,DRAFT_DONE,"List the areas of origin and occurrence of tropical revolving storms, and their specified names (hurricane, typhoon, tropical cyclone)."
050.07.04.02.02,050,Meteorology,MED,N,,3,agent_tasklist.md,0,DRAFT_DONE,"State the expected times of occurrence of tropical revolving storms in each of the source areas, and their approximate frequency."
050.08.01.01.01,050,Meteorology,LOW,Y,,3,agent_tasklist.md,0,DRAFT_DONE,Describe the general tropospheric and low stratospheric circulation. (Refer to Subject 050 02 03 01)
050.08.01.02.01,050,Meteorology,MED,N,,3,agent_tasklist.md,0,DRAFT_DONE,"Describe the characteristics of the tropical rain climate, the dry climate, the mid-latitude climate (warm temperate rain climate), the subarctic climate (cold snow forest climate) and the snow climate (polar climate)."
050.08.01.02.02,050,Meteorology,MED,N,,3,agent_tasklist.md,0,DRAFT_DONE,Explain how the seasonal movement of the sun generates the transitional climate zones.
050.08.01.02.03,050,Meteorology,MED,N,,3,agent_tasklist.md,0,DRAFT_DONE,State the typical locations of each major climatic zone.
050.08.02.01.01,050,Meteorology,MED,N,,3,agent_tasklist.md,0,DRAFT_DONE,"State the conditions necessary for the formation of tropical showers and thunderstorms (mesoscale convective complex, cloud clusters)."
050.08.02.01.02,050,Meteorology,MED,N,,3,agent_tasklist.md,0,DRAFT_DONE,Describe the characteristics of tropical squall lines.
050.08.02.01.03,050,Meteorology,MED,N,,3,agent_tasklist.md,0,DRAFT_DONE,Explain the formation of convective cloud structures caused by convergence at the boundary of the NE and SE trade winds (Intertropical Convergence Zone (ITCZ)).
050.08.02.01.04,050,Meteorology,MED,N,,3,agent_tasklist.md,0,DRAFT_DONE,"State the typical figures for tropical surface air temperatures and humidities, and for heights of the zero-degree isotherm."
050.08.02.02.01,050,Meteorology,MED,N,,3,agent_tasklist.md,0,DRAFT_DONE,Indicate on a map the trade winds (tropical easterlies) and describe the associated weather.
050.08.02.02.02,050,Meteorology,MED,N,,3,agent_tasklist.md,0,DRAFT_DONE,Indicate on a map the doldrums and describe the associated weather.
050.08.02.02.03,050,Meteorology,MED,N,,3,agent_tasklist.md,0,DRAFT_DONE,Indicate on a sketch the latitudes of subtropical high (horse latitudes) and describe the associated weather.
050.08.02.02.04,050,Meteorology,MED,N,,3,agent_tasklist.md,0,DRAFT_DONE,Indicate on a map the major monsoon winds.
050.08.02.03.01,050,Meteorology,MED,N,,3,agent_tasklist.md,0,DRAFT_DONE,Identify or indicate on a map the positions of the ITCZ in January and July.
050.08.02.03.02,050,Meteorology,MED,N,,3,agent_tasklist.md,0,DRAFT_DONE,Explain the seasonal movement of the ITCZ.
050.08.02.03.03,050,Meteorology,MED,N,,3,agent_tasklist.md,0,DRAFT_DONE,Describe the weather and winds at the ITCZ.
050.08.02.03.04,050,Meteorology,MED,N,,3,agent_tasklist.md,0,DRAFT_DONE,Explain the flight hazards associated with the ITCZ.
050.08.02.04.01,050,Meteorology,MED,N,,3,agent_tasklist.md,0,DRAFT_DONE,Define in general the term ‘monsoon’ and give a general overview of regions of occurrence.
050.08.02.04.03,050,Meteorology,MED,N,,3,agent_tasklist.md,0,DRAFT_DONE,Explain how trade winds change character after a long track and become monsoon winds.
050.08.02.04.04,050,Meteorology,MED,N,,3,agent_tasklist.md,0,DRAFT_DONE,Explain the weather and the flight hazards associated with a monsoon.
050.08.02.04.05,050,Meteorology,MED,N,,3,agent_tasklist.md,0,DRAFT_DONE,"Explain the formation of the SW/NE monsoon over West Africa and describe the weather, stressing the seasonal differences."
050.08.02.04.06,050,Meteorology,MED,N,,3,agent_tasklist.md,0,DRAFT_DONE,"Explain the formation of the SW/NE monsoon over India and describe the weather, stressing the seasonal differences."
050.08.02.04.07,050,Meteorology,MED,N,,3,agent_tasklist.md,0,DRAFT_DONE,"Explain the formation of the monsoon over the Far East and northern Australia and describe the weather, stressing the seasonal differences."
050.08.02.04.08,050,Meteorology,MED,N,,3,agent_tasklist.md,0,DRAFT_DONE,Describe the formation and properties of sandstorms.
050.08.02.04.09,050,Meteorology,MED,N,,3,agent_tasklist.md,0,DRAFT_DONE,Indicate when and where outbreaks of cold polar air can enter subtropical weather systems.
050.08.02.04.10,050,Meteorology,MED,N,,3,agent_tasklist.md,0,DRAFT_DONE,"Name well-known examples of polar-air outbreaks (Blizzard, Pampero)."
050.08.02.05.01,050,Meteorology,MED,N,,3,agent_tasklist.md,0,DRAFT_DONE,Explain the effect of easterly waves on tropical weather systems.
050.08.03.01.01,050,Meteorology,MED,N,,3,agent_tasklist.md,0,DRAFT_DONE,Identify on a weather chart the typical westerly situation with travelling polar front waves.
050.08.03.02.01,050,Meteorology,MED,N,,3,agent_tasklist.md,0,DRAFT_DONE,Describe the high-pressure zones with the associated weather.
050.08.03.02.02,050,Meteorology,MED,N,,3,agent_tasklist.md,0,DRAFT_DONE,Identify on a weather chart the high-pressure regions.
050.08.03.04.01,050,Meteorology,MED,N,,3,agent_tasklist.md,0,DRAFT_DONE,Define ‘cold-air drop’.
050.08.03.04.02,050,Meteorology,MED,N,,3,agent_tasklist.md,0,DRAFT_DONE,Describe the formation of a cold-air drop.
050.08.03.04.03,050,Meteorology,MED,N,,3,agent_tasklist.md,0,DRAFT_DONE,Identify cold-air drops on weather charts.
050.08.03.04.04,050,Meteorology,MED,N,,3,agent_tasklist.md,0,DRAFT_DONE,Explain the problems and dangers of cold-air drops for aviation.
050.08.04.01.01,050,Meteorology,MED,N,,3,agent_tasklist.md,0,DRAFT_DONE,Describe the mechanism for the development of Foehn winds (including Chinook).
050.08.04.01.02,050,Meteorology,MED,N,,3,agent_tasklist.md,0,DRAFT_DONE,Describe the weather associated with Foehn winds.
050.08.04.01.03,050,Meteorology,MED,N,,3,agent_tasklist.md,0,DRAFT_DONE,"Describe the formation of, the characteristics of, and the weather associated with Mistral and Bora."
050.08.04.02.01,050,Meteorology,MED,N,,3,agent_tasklist.md,0,DRAFT_DONE,Describe the Harmattan wind and the associated visibility problems as an example of local winds affecting visibility.
050.09.01.01.01,050,Meteorology,MED,N,,3,agent_tasklist.md,0,DRAFT_DONE,"Summarise the general conditions under which ice accretion occurs on aircraft (temperatures of outside air; temperature of the airframe; presence of supercooled water in clouds, fog, rain and drizzle; possibility of sublimation)."
050.09.01.01.02,050,Meteorology,MED,N,,3,agent_tasklist.md,0,DRAFT_DONE,Explain the general weather conditions under which ice accretion occurs in a venturi carburettor.
050.09.01.01.03,050,Meteorology,MED,N,,3,agent_tasklist.md,0,DRAFT_DONE,Explain the general weather conditions under which ice accretion occurs on airframe.
050.09.01.01.04,050,Meteorology,MED,N,,3,agent_tasklist.md,0,DRAFT_DONE,"Explain the formation of supercooled water in clouds, rain and drizzle. (Refer to Subject 050 03 02 01)"
050.09.01.01.05,050,Meteorology,MED,N,,3,agent_tasklist.md,0,DRAFT_DONE,Explain qualitatively the relationship between the air temperature and the amount of supercooled water.
050.09.01.01.06,050,Meteorology,MED,N,,3,agent_tasklist.md,0,DRAFT_DONE,Explain qualitatively the relationship between the type of cloud and the size and number of the droplets in cumuliform and stratiform clouds.
050.09.01.01.07,050,Meteorology,MED,N,,3,agent_tasklist.md,0,DRAFT_DONE,"Indicate in which circumstances ice can form on an aircraft on the ground: air temperature, humidity, precipitation."
050.09.01.01.08,050,Meteorology,MED,N,,3,agent_tasklist.md,0,DRAFT_DONE,"Explain in which circumstances ice can form on an aircraft in flight: inside clouds, in precipitation, and outside clouds and precipitation."
050.09.01.01.09,050,Meteorology,MED,N,,3,agent_tasklist.md,0,DRAFT_DONE,"Explain the influence of fuel temperature, radiative cooling of the aircraft surface and temperature of the aircraft surface (e.g. from previous flight) on ice formation."
050.09.01.01.10,050,Meteorology,MED,N,,3,agent_tasklist.md,0,DRAFT_DONE,"Describe the different factors that influence the intensity of icing: air temperature, amount of supercooled water in a cloud or in precipitation, amount of ice crystals in the air, speed of the aircraft, shape (thickness) of the airframe parts (wings, antennas, etc.)."
050.09.01.01.11,050,Meteorology,MED,N,,3,agent_tasklist.md,0,DRAFT_DONE,Explain the effects of topography on icing.
050.09.01.01.12,050,Meteorology,MED,N,,3,agent_tasklist.md,0,DRAFT_DONE,Explain the higher concentration of water drops in stratiform orographic clouds.
050.09.01.02.01,050,Meteorology,LOW,Y,,3,agent_tasklist.md,0,DRAFT_DONE,Define ‘clear ice’.
050.09.01.02.02,050,Meteorology,MED,N,,3,agent_tasklist.md,0,DRAFT_DONE,Describe the conditions for the formation of clear ice.
050.09.01.02.03,050,Meteorology,MED,N,,3,agent_tasklist.md,0,DRAFT_DONE,Explain the formation of the structure of clear ice with the release of latent heat during the freezing process.
050.09.01.02.04,050,Meteorology,MED,N,,3,agent_tasklist.md,0,DRAFT_DONE,"Describe the aspects of clear ice: appearance, weight, solidity."
050.09.01.02.05,050,Meteorology,MED,N,,3,agent_tasklist.md,0,DRAFT_DONE,Define ‘rime ice’.
050.09.01.02.06,050,Meteorology,MED,N,,3,agent_tasklist.md,0,DRAFT_DONE,Describe the conditions for the formation of rime ice.
050.09.01.02.07,050,Meteorology,MED,N,,3,agent_tasklist.md,0,DRAFT_DONE,"Describe the aspects of rime ice: appearance, weight, solidity."
050.09.01.02.08,050,Meteorology,MED,N,,3,agent_tasklist.md,0,DRAFT_DONE,Define ‘mixed ice’.
050.09.01.02.09,050,Meteorology,MED,N,,3,agent_tasklist.md,0,DRAFT_DONE,Describe the conditions for the formation of mixed ice.
050.09.01.02.10,050,Meteorology,MED,N,,3,agent_tasklist.md,0,DRAFT_DONE,"Describe the aspects of mixed ice: appearance, weight, solidity."
050.09.01.02.11,050,Meteorology,MED,N,,3,agent_tasklist.md,0,DRAFT_DONE,Describe the possible process of ice formation in snow conditions.
050.09.01.02.12,050,Meteorology,MED,N,,3,agent_tasklist.md,0,DRAFT_DONE,Define ‘hoar frost’.
050.09.01.02.13,050,Meteorology,MED,N,,3,agent_tasklist.md,0,DRAFT_DONE,Describe the conditions for the formation of hoar frost.
050.09.01.02.14,050,Meteorology,MED,N,,3,agent_tasklist.md,0,DRAFT_DONE,"Describe the aspects of hoar frost: appearance, solidity."
050.09.01.03.01,050,Meteorology,MED,N,,3,agent_tasklist.md,0,DRAFT_DONE,State the ICAO qualifying terms for the intensity of icing.
050.09.01.03.02,050,Meteorology,MED,N,,3,agent_tasklist.md,0,DRAFT_DONE,"Describe, in general, the hazards of icing."
050.09.01.03.03,050,Meteorology,MED,N,,3,agent_tasklist.md,0,DRAFT_DONE,Assess the dangers of the different types of ice accretion.
050.09.01.03.04,050,Meteorology,MED,N,,3,agent_tasklist.md,0,DRAFT_DONE,"Describe the position of the dangerous zones of icing in fronts, in stratiform and cumuliform clouds, and in the different precipitation types."
050.09.01.03.05,050,Meteorology,MED,N,,3,agent_tasklist.md,0,DRAFT_DONE,"Indicate the possibilities of avoiding dangerous zones of icing: in the flight planning: weather briefing, selection of track and altitude; during flight: recognition of the dangerous zones, selection of appropriate track and altitude."
050.09.01.04.01,050,Meteorology,MED,N,,3,agent_tasklist.md,0,DRAFT_DONE,Describe ice crystal icing.
050.09.01.04.02,050,Meteorology,MED,N,,3,agent_tasklist.md,0,DRAFT_DONE,Describe the atmospheric processes leading to high ice crystal concentration. Define the variable ice water content (IWC).
050.09.01.04.03,050,Meteorology,MED,N,,3,agent_tasklist.md,0,DRAFT_DONE,Identify weather situations and their relevant areas where high concentrations of ice crystals are likely to occur.
050.09.01.04.04,050,Meteorology,MED,N,,3,agent_tasklist.md,0,DRAFT_DONE,"Name, in general, the flight hazards associated with high concentrations of ice crystals."
050.09.01.04.05,050,Meteorology,MED,N,,3,agent_tasklist.md,0,DRAFT_DONE,Explain how a pilot may possibly avoid areas with a high concentration of ice crystals.
050.09.02.01.01,050,Meteorology,MED,N,,3,agent_tasklist.md,0,DRAFT_DONE,State the ICAO qualifying terms for the intensity of turbulence.
050.09.02.01.02,050,Meteorology,MED,N,,3,agent_tasklist.md,0,DRAFT_DONE,Describe the effects of turbulence on an aircraft in flight.
050.09.02.01.03,050,Meteorology,MED,N,,3,agent_tasklist.md,0,DRAFT_DONE,"Indicate the possibilities of avoiding turbulence: in the flight planning: weather briefing, selection of track and altitude; during flight: selection of appropriate track and altitude."
050.09.02.01.04,050,Meteorology,MED,N,,3,agent_tasklist.md,0,DRAFT_DONE,"Describe atmospheric turbulence and distinguish between turbulence, gustiness and wind shear."
050.09.02.01.05,050,Meteorology,MED,N,,3,agent_tasklist.md,0,DRAFT_DONE,Describe that forecasts of turbulence are not very reliable and state that pilot reports of turbulence are very valuable as they help others to prepare for or avoid turbulence.
050.09.02.02.01,050,Meteorology,MED,N,,3,agent_tasklist.md,0,DRAFT_DONE,Describe the effects of CAT on flight. (Refer to Subject 050 02 06 03)
050.09.02.02.02,050,Meteorology,MED,N,,3,agent_tasklist.md,0,DRAFT_DONE,"Indicate the possibilities of avoiding CAT in flight: in the flight planning: weather briefing, selection of track and altitude; during flight: selection of appropriate track and altitude."
050.09.03.01.01,050,Meteorology,MED,N,,3,agent_tasklist.md,0,DRAFT_DONE,Define ‘wind shear’ (vertical and horizontal).
050.09.03.01.02,050,Meteorology,MED,N,,3,agent_tasklist.md,0,DRAFT_DONE,Define ‘low-level wind shear’.
050.09.03.02.01,050,Meteorology,MED,N,,3,agent_tasklist.md,0,DRAFT_DONE,"Describe the conditions, where and how wind shear can form (e.g. thunderstorms, squall lines, fronts, inversions, land and sea breeze, friction layer, relief)."
050.09.03.03.01,050,Meteorology,MED,N,,3,agent_tasklist.md,0,DRAFT_DONE,Describe the effects of wind shear on flight.
050.09.03.03.02,050,Meteorology,MED,N,,3,agent_tasklist.md,0,DRAFT_DONE,Indicate the possibilities of avoiding wind shear in flight: in the flight planning; during flight.
050.09.04.01.01,050,Meteorology,MED,N,,3,agent_tasklist.md,0,DRAFT_DONE,Name the cloud types which indicate the development of thunderstorms.
050.09.04.01.02,050,Meteorology,MED,N,,3,agent_tasklist.md,0,DRAFT_DONE,"Describe the different types of thunderstorms, their location, the conditions for and the process of development, and list their properties (air-mass thunderstorms, frontal thunderstorms, squall lines, supercell storms, orographic thunderstorms)."
050.09.04.02.01,050,Meteorology,MED,N,,3,agent_tasklist.md,0,DRAFT_DONE,Assess the average duration of thunderstorms and their different stages.
050.09.04.02.02,050,Meteorology,MED,N,,3,agent_tasklist.md,0,DRAFT_DONE,"Describe a supercell storm: initial, supercell, tornado and dissipating stage."
050.09.04.02.03,050,Meteorology,MED,N,,3,agent_tasklist.md,0,DRAFT_DONE,Summarise the flight hazards associated with a fully developed thunderstorm.
050.09.04.02.04,050,Meteorology,MED,N,,3,agent_tasklist.md,0,DRAFT_DONE,Indicate on a sketch the most dangerous zones in and around a single-cell and a multi-cell thunderstorm.
050.09.04.03.01,050,Meteorology,MED,N,,3,agent_tasklist.md,0,DRAFT_DONE,Describe the basic outline of the electric field in the atmosphere.
050.09.04.03.02,050,Meteorology,MED,N,,3,agent_tasklist.md,0,DRAFT_DONE,"Describe types of lightning, i.e. ground stroke, intra-cloud lightning, cloud-to-cloud lightning, upward lightning."
050.09.04.03.03,050,Meteorology,MED,N,,3,agent_tasklist.md,0,DRAFT_DONE,Describe and assess the ‘St. Elmo’s fire’ weather phenomenon.
050.09.04.03.04,050,Meteorology,MED,N,,3,agent_tasklist.md,0,DRAFT_DONE,Describe the development of lightning discharges.
050.09.04.03.05,050,Meteorology,MED,N,,3,agent_tasklist.md,0,DRAFT_DONE,Describe the effect of lightning strike on aircraft and flight execution.
050.09.04.04.01,050,Meteorology,MED,N,,3,agent_tasklist.md,0,DRAFT_DONE,Define the term ‘downburst’.
050.09.04.04.02,050,Meteorology,MED,N,,3,agent_tasklist.md,0,DRAFT_DONE,Distinguish between macroburst and microburst.
050.09.04.04.03,050,Meteorology,MED,N,,3,agent_tasklist.md,0,DRAFT_DONE,State the weather situations leading to the formation of downbursts.
050.09.04.04.04,050,Meteorology,MED,N,,3,agent_tasklist.md,0,DRAFT_DONE,Describe the process of development of a downburst.
050.09.04.04.05,050,Meteorology,MED,N,,3,agent_tasklist.md,0,DRAFT_DONE,Give the typical duration of a downburst.
050.09.04.04.06,050,Meteorology,MED,N,,3,agent_tasklist.md,0,DRAFT_DONE,Describe the effects of downbursts.
050.09.04.05.01,050,Meteorology,MED,N,,3,agent_tasklist.md,0,DRAFT_DONE,"Explain how the pilot can anticipate each type of thunderstorm: through pre-flight weather briefing, observation in flight, use of specific meteorological information, use of information given by ground weather radar and by airborne weather radar. (Refer to Subject 050 10 01 04), use of a lightning detector (stormscope). (Refer to Subject 050 10 01 04), use of the stormscope (lightning detector)."
050.09.04.05.02,050,Meteorology,MED,N,,3,agent_tasklist.md,0,DRAFT_DONE,Describe practical examples of flight techniques used to avoid the hazards of thunderstorms.
050.09.05.01.01,050,Meteorology,MED,N,,3,agent_tasklist.md,0,DRAFT_DONE,Define ‘tornado’.
050.09.05.01.02,050,Meteorology,MED,N,,3,agent_tasklist.md,0,DRAFT_DONE,Describe the formation of a tornado.
050.09.05.01.03,050,Meteorology,MED,N,,3,agent_tasklist.md,0,DRAFT_DONE,"Describe the typical features of a tornado such as appearance, season, time of day, stage of development, speed of movement, and wind speed."
050.09.05.01.04,050,Meteorology,MED,N,,3,agent_tasklist.md,0,DRAFT_DONE,"Compare the occurrence of tornadoes in Europe with the occurrence in other locations, especially in the United States of America."
050.09.05.01.05,050,Meteorology,MED,N,,3,agent_tasklist.md,0,DRAFT_DONE,Compare the dimensions and properties of tornadoes and dust devils.
050.09.06.01.01,050,Meteorology,MED,N,,3,agent_tasklist.md,0,DRAFT_DONE,Compare the flight hazards during take-off and approach associated with a strong inversion alone and with a strong inversion combined with marked wind shear.
050.09.07.01.01,050,Meteorology,MED,N,,3,agent_tasklist.md,0,DRAFT_DONE,Summarise the advantages of stratospheric flights.
050.09.07.01.02,050,Meteorology,MED,N,,3,agent_tasklist.md,0,DRAFT_DONE,"List the influences of the phenomena associated with the lower stratosphere (wind, temperature, air density, turbulence)."
050.09.08.01.01,050,Meteorology,MED,N,,3,agent_tasklist.md,0,DRAFT_DONE,Describe the influence of mountainous area on a frontal passage.
050.09.08.02.01,050,Meteorology,MED,N,,3,agent_tasklist.md,0,DRAFT_DONE,"Describe the vertical movements, wind shear and turbulence that are typical of mountain areas."
050.09.08.02.02,050,Meteorology,MED,N,,3,agent_tasklist.md,0,DRAFT_DONE,"Indicate on a sketch of a chain of mountains the turbulent zones (mountain waves, rotors)."
050.09.08.02.03,050,Meteorology,MED,N,,3,agent_tasklist.md,0,DRAFT_DONE,Explain the influence of relief on ice accretion.
050.09.08.03.01,050,Meteorology,MED,N,,3,agent_tasklist.md,0,DRAFT_DONE,Describe the formation of a valley inversion due to katabatic winds.
050.09.08.03.02,050,Meteorology,MED,N,,3,agent_tasklist.md,0,DRAFT_DONE,Describe the valley inversion formed by warm winds aloft.
050.09.08.03.03,050,Meteorology,MED,N,,3,agent_tasklist.md,0,DRAFT_DONE,Describe the effects of a valley inversion for an aircraft in flight.
050.09.09.01.01,050,Meteorology,MED,N,,3,agent_tasklist.md,0,DRAFT_DONE,"Describe the reduction of visibility caused by precipitation: drizzle, rain, snow."
050.09.09.01.02,050,Meteorology,MED,N,,3,agent_tasklist.md,0,DRAFT_DONE,"Describe the reduction of visibility caused by obscurations: fog, mist, haze, smoke, volcanic ash."
050.09.09.01.03,050,Meteorology,MED,N,,3,agent_tasklist.md,0,DRAFT_DONE,"Describe the reduction of visibility caused by obscurations: sand (SA), dust (DU)."
050.09.09.01.04,050,Meteorology,MED,N,,3,agent_tasklist.md,0,DRAFT_DONE,"Describe the differences between ground and flight visibility, and slant and vertical visibility when an aircraft is above or within a layer of haze or fog."
050.09.09.02.01,050,Meteorology,MED,N,,3,agent_tasklist.md,0,DRAFT_DONE,Describe the reduction of visibility caused by low drifting and blowing snow.
050.09.09.02.02,050,Meteorology,MED,N,,3,agent_tasklist.md,0,DRAFT_DONE,Describe the reduction of visibility caused by low drifting and blowing dust and sand.
050.09.09.02.03,050,Meteorology,MED,N,,3,agent_tasklist.md,0,DRAFT_DONE,Describe the reduction of visibility caused by dust storm (DS) and sandstorm (SS).
050.09.09.02.04,050,Meteorology,MED,N,,3,agent_tasklist.md,0,DRAFT_DONE,Describe the reduction of visibility caused by icing (windshield).
050.09.09.02.05,050,Meteorology,MED,N,,3,agent_tasklist.md,0,DRAFT_DONE,Describe the reduction of visibility caused by the position of the sun relative to the visual direction.
050.09.09.02.06,050,Meteorology,MED,N,,3,agent_tasklist.md,0,DRAFT_DONE,"Describe the reduction of visibility caused by the reflection of the sun’s rays from the top of the layers of haze, fog and clouds."
050.10.01.01.01,050,Meteorology,MED,N,,3,agent_tasklist.md,0,DRAFT_DONE,"Define ‘gusts’, as given in METARs."
050.10.01.01.02,050,Meteorology,MED,N,,3,agent_tasklist.md,0,DRAFT_DONE,Distinguish wind given in METARs and wind given by the control tower for take-off and landing.
050.10.01.01.03,050,Meteorology,MED,N,,3,agent_tasklist.md,0,DRAFT_DONE,Define ‘visibility’.
050.10.01.01.04,050,Meteorology,MED,N,,3,agent_tasklist.md,0,DRAFT_DONE,Describe the meteorological measurement of visibility.
050.10.01.01.05,050,Meteorology,MED,N,,3,agent_tasklist.md,0,DRAFT_DONE,Define ‘prevailing visibility’.
050.10.01.01.06,050,Meteorology,MED,N,,3,agent_tasklist.md,0,DRAFT_DONE,Define ‘ground visibility’.
050.10.01.01.07,050,Meteorology,MED,N,,3,agent_tasklist.md,0,DRAFT_DONE,"List the units used for visibility (m, km, statute mile)."
050.10.01.01.08,050,Meteorology,MED,N,,3,agent_tasklist.md,0,DRAFT_DONE,Define ‘runway visual range’.
050.10.01.01.09,050,Meteorology,MED,N,,3,agent_tasklist.md,0,DRAFT_DONE,Describe the meteorological measurement of runway visual range.
050.10.01.01.10,050,Meteorology,MED,N,,3,agent_tasklist.md,0,DRAFT_DONE,Indicate where the transmissometers/forward-scatter meters are placed on the aerodrome.
050.10.01.01.11,050,Meteorology,MED,N,,3,agent_tasklist.md,0,DRAFT_DONE,"List the units used for runway visual range (m, ft)."
050.10.01.01.12,050,Meteorology,MED,N,,3,agent_tasklist.md,0,DRAFT_DONE,List the different possibilities to transmit information to pilots about runway visual range.
050.10.01.01.13,050,Meteorology,MED,N,,3,agent_tasklist.md,0,DRAFT_DONE,"Compare ground visibility, prevailing visibility, and runway visual range."
050.10.01.01.14,050,Meteorology,MED,N,,3,agent_tasklist.md,0,DRAFT_DONE,Indicate the means of observation of present weather.
050.10.01.01.15,050,Meteorology,MED,N,,3,agent_tasklist.md,0,DRAFT_DONE,"Indicate the means of observing clouds for the purpose of recording: type, amount, height of base (ceilometers), and top."
050.10.01.01.16,050,Meteorology,MED,N,,3,agent_tasklist.md,0,DRAFT_DONE,"State the clouds which are indicated in METAR, TAF and SIGMET."
050.10.01.01.17,050,Meteorology,MED,N,,3,agent_tasklist.md,0,DRAFT_DONE,Define ‘oktas’.
050.10.01.01.18,050,Meteorology,MED,N,,3,agent_tasklist.md,0,DRAFT_DONE,Define ‘cloud base’.
050.10.01.01.19,050,Meteorology,MED,N,,3,agent_tasklist.md,0,DRAFT_DONE,Define ‘ceiling’.
050.10.01.01.20,050,Meteorology,MED,N,,3,agent_tasklist.md,0,DRAFT_DONE,Name the unit and the reference level used for information about cloud base (ft).
050.10.01.01.21,050,Meteorology,MED,N,,3,agent_tasklist.md,0,DRAFT_DONE,Define ‘vertical visibility’.
050.10.01.01.22,050,Meteorology,MED,N,,3,agent_tasklist.md,0,DRAFT_DONE,Explain briefly how and when vertical visibility is measured.
050.10.01.01.23,050,Meteorology,MED,N,,3,agent_tasklist.md,0,DRAFT_DONE,"Name the units used for vertical visibility (ft, m)."
050.10.01.01.24,050,Meteorology,MED,N,,3,agent_tasklist.md,0,DRAFT_DONE,Indicate the means of observation of air temperature (thermometer).
050.10.01.01.25,050,Meteorology,MED,N,,3,agent_tasklist.md,0,DRAFT_DONE,"Name the units of relative humidity ( per cent) and dew-point temperature (Celsius, Fahrenheit)."
050.10.01.02.01,050,Meteorology,MED,N,,3,agent_tasklist.md,0,DRAFT_DONE,Describe the principle of radiosondes.
050.10.01.02.02,050,Meteorology,LOW,Y,,3,agent_tasklist.md,0,DRAFT_DONE,Describe and interpret the sounding by radiosonde given on a simplified temperature-pressure (T-P) diagram.
050.10.01.03.01,050,Meteorology,MED,N,,3,agent_tasklist.md,0,DRAFT_DONE,Describe the basic outlines of satellite observations.
050.10.01.03.02,050,Meteorology,MED,N,,3,agent_tasklist.md,0,DRAFT_DONE,Name the main uses of satellite pictures in aviation meteorology.
050.10.01.03.03,050,Meteorology,MED,N,,3,agent_tasklist.md,0,DRAFT_DONE,Describe the different types of satellite imagery.
050.10.01.03.04,050,Meteorology,MED,N,,3,agent_tasklist.md,0,DRAFT_DONE,Interpret qualitatively the satellite pictures in order to get useful information for flights: location of clouds (distinguish between stratiform and cumuliform clouds).
050.10.01.03.05,050,Meteorology,MED,N,,3,agent_tasklist.md,0,DRAFT_DONE,Interpret qualitatively the satellite pictures in order to get useful information for flights: location of fronts.
050.10.01.03.06,050,Meteorology,MED,N,,3,agent_tasklist.md,0,DRAFT_DONE,Interpret qualitatively the satellite pictures in order to get useful information for flights using atmospheric motion vector images to locate jet streams.
050.10.01.04.01,050,Meteorology,MED,N,,3,agent_tasklist.md,0,DRAFT_DONE,Describe the basic principle and the type of information given by a ground weather radar.
050.10.01.04.02,050,Meteorology,MED,N,,3,agent_tasklist.md,0,DRAFT_DONE,Interpret ground weather radar images.
050.10.01.04.03,050,Meteorology,MED,N,,3,agent_tasklist.md,0,DRAFT_DONE,Describe the basic principle and the type of information given by airborne weather radar.
050.10.01.04.04,050,Meteorology,MED,N,,3,agent_tasklist.md,0,DRAFT_DONE,Describe the limits and the errors of airborne weather radar information.
050.10.01.04.05,050,Meteorology,MED,N,,3,agent_tasklist.md,0,DRAFT_DONE,Interpret typical airborne weather radar images.
050.10.01.05.01,050,Meteorology,MED,N,,3,agent_tasklist.md,0,DRAFT_DONE,Describe routine air-report and special air-report (ARS).
050.10.01.05.02,050,Meteorology,MED,N,,3,agent_tasklist.md,0,DRAFT_DONE,State the obligation of a pilot to prepare air-reports.
050.10.01.05.03,050,Meteorology,MED,N,,3,agent_tasklist.md,0,DRAFT_DONE,Name the weather phenomena to be stated in an ARS.
050.10.02.01.01,050,Meteorology,HIGH,N,WAFC T+24 SIGWX chart format updated early 2025 — ECQB aligned,3,agent_tasklist.md,0,DRAFT_DONE,"Decode and interpret significant weather charts (low, medium and high level)."
050.10.02.01.02,050,Meteorology,HIGH,N,WAFC T+24 SIGWX chart format updated early 2025 — ECQB aligned,3,agent_tasklist.md,0,DRAFT_DONE,Describe from a significant weather chart the flight conditions at designated locations or along a defined flight route at a given FL.
050.10.02.02.01,050,Meteorology,MED,N,,3,agent_tasklist.md,0,DRAFT_DONE,"Recognise the following weather systems on a surface weather chart (analysed and forecast): ridges, cols and troughs; fronts; frontal side, warm sector and rear side of mid-latitude frontal lows; high- and low-pressure areas."
050.10.02.02.02,050,Meteorology,MED,N,,3,agent_tasklist.md,0,DRAFT_DONE,Determine from surface weather charts the wind direction and speed.
050.10.02.03.01,050,Meteorology,MED,N,,3,agent_tasklist.md,0,DRAFT_DONE,Define ‘constant-pressure chart’.
050.10.02.03.02,050,Meteorology,MED,N,,3,agent_tasklist.md,0,DRAFT_DONE,Define ‘isohypse (contour line)’. (Refer to Subject 050 01 03 02)
050.10.02.03.03,050,Meteorology,MED,N,,3,agent_tasklist.md,0,DRAFT_DONE,Define ‘isotherm’.
050.10.02.03.04,050,Meteorology,MED,N,,3,agent_tasklist.md,0,DRAFT_DONE,Define ‘isotach’.
050.10.02.03.05,050,Meteorology,MED,N,,3,agent_tasklist.md,0,DRAFT_DONE,Describe forecast upper-wind and temperature charts.
050.10.02.03.06,050,Meteorology,MED,N,,3,agent_tasklist.md,0,DRAFT_DONE,"For designated locations or routes determine from forecast upper-wind and temperature charts, if necessary by interpolation, the spot/average values for outside-air temperature, temperature deviation from ISA, wind direction, and wind speed."
050.10.02.04.01,050,Meteorology,MED,N,,3,agent_tasklist.md,0,DRAFT_DONE,"State that numerical weather prediction uses a 3D grid of weather data, consisting of horizontal data (latitude-longitude) and vertical data (height or pressure)."
050.10.02.04.02,050,Meteorology,HIGH,N,WAFC T+24 SIGWX chart format updated early 2025 — ECQB aligned,3,agent_tasklist.md,0,DRAFT_DONE,"Explain that world area forecast centres prepare global sets of gridded forecasts for flight planning purposes (upper wind, temperature, humidity)."
050.10.02.04.03,050,Meteorology,HIGH,N,WAFC T+24 SIGWX chart format updated early 2025 — ECQB aligned,3,agent_tasklist.md,0,DRAFT_DONE,"State that the WAFCs also produce gridded datasets for Flight Level and temperature of the tropopause, direction and speed of maximum wind, cumulonimbus clouds, icing and turbulence."
050.10.02.04.04,050,Meteorology,MED,N,,3,agent_tasklist.md,0,DRAFT_DONE,Explain that the data on CB and turbulence can be used in the visualization of flight hazards.
050.10.02.04.05,050,Meteorology,MED,N,,3,agent_tasklist.md,0,DRAFT_DONE,"Explain that the gridded forecasts can be merged in information processing systems with data relayed from aircraft or pilot reports, e.g. of turbulence, to provide improved situation awareness."
050.10.03.01.01,050,Meteorology,MED,N,,3,agent_tasklist.md,0,DRAFT_DONE,"Describe, decode and interpret the following aviation weather messages (given in written or graphical format): METAR, aerodrome special meteorological report (SPECI), trend forecast (TREND), TAF, information concerning en-route weather phenomena which may affect the safety of aircraft operations (SIGMET), information concerning en-route weather phenomena which may affect the safety of low-level aircraft operations (AIRMET), area forecast for low-level flights (GAMET), ARS, volcanic ash advisory information."
050.10.03.01.02,050,Meteorology,MED,N,,3,agent_tasklist.md,0,DRAFT_DONE,"Describe, decode and interpret the tropical cyclone advisory information in written and graphical form."
050.10.03.01.03,050,Meteorology,MED,N,,3,agent_tasklist.md,0,DRAFT_DONE,Describe the general meaning of MET REPORT and SPECIAL REPORT.
050.10.03.01.04,050,Meteorology,MED,N,,3,agent_tasklist.md,0,DRAFT_DONE,"List, in general, the cases when a SIGMET and an AIRMET are issued."
050.10.03.01.05,050,Meteorology,MED,N,,3,agent_tasklist.md,0,DRAFT_DONE,"Describe, decode (by using a code table) and interpret the following messages: runway state message (as written in a METAR). Remark: For runway state message, refer to ICAO Doc 7754 ‘Air Navigation Plan - European Region’."
050.10.03.02.01,050,Meteorology,MED,N,,3,agent_tasklist.md,0,DRAFT_DONE,Describe the meteorological content of broadcasts for aviation: meteorological information for aircraft in flight (VOLMET); automatic terminal information service (ATIS).
050.10.03.02.02,050,Meteorology,MED,N,,3,agent_tasklist.md,0,DRAFT_DONE,Describe the meteorological content of broadcasts for aviation: HF-VOLMET.
050.10.03.03.01,050,Meteorology,MED,N,,3,agent_tasklist.md,0,DRAFT_DONE,Describe meteorological briefing and advice.
050.10.03.03.02,050,Meteorology,MED,N,,3,agent_tasklist.md,0,DRAFT_DONE,List the information that a flight crew can receive from meteorological services for pre-flight planning and apply the content of this information on a designated flight route.
050.10.03.03.03,050,Meteorology,MED,N,,3,agent_tasklist.md,0,DRAFT_DONE,List the meteorological information that a flight crew can receive from flight information services during flight and apply the content of this information for the continuation of the flight.
050.10.03.04.01,050,Meteorology,MED,N,,3,agent_tasklist.md,0,DRAFT_DONE,Describe and interpret aerodrome warnings and wind-shear warnings and alerts.
050.10.04.01.01,050,Meteorology,HIGH,Y,WAFC T+24 SIGWX chart format updated early 2025 — ECQB aligned,3,agent_tasklist.md,0,DRAFT_DONE,"Name the world area forecast centres (WAFCs) as the provider for upper-air forecasts: WAFCs prepare upper-air gridded forecasts of upper winds; upper-air temperature and humidity; direction, speed and flight level of maximum wind; flight level and temperature of tropopause, areas of cumulonimbus clouds, icing, clear-air and in-cloud turbulence, and geopotential altitude of flight levels."
050.10.04.01.02,050,Meteorology,LOW,Y,,3,agent_tasklist.md,0,DRAFT_DONE,Name the meteorological (MET) offices as the provider for aerodrome forecasts and briefing documents.
050.10.04.01.03,050,Meteorology,LOW,Y,,3,agent_tasklist.md,0,DRAFT_DONE,Name the meteorological watch offices (MWOs) as the provider for SIGMET and AIRMET information.
050.10.04.01.04,050,Meteorology,LOW,Y,,3,agent_tasklist.md,0,DRAFT_DONE,Name the aeronautical meteorological stations as the provider for METAR and MET reports.
050.10.04.01.05,050,Meteorology,LOW,Y,,3,agent_tasklist.md,0,DRAFT_DONE,Name the volcanic ash advisory centres (VAACs) as the provider for forecasts of volcanic ash clouds.
050.10.04.01.06,050,Meteorology,LOW,Y,,3,agent_tasklist.md,0,DRAFT_DONE,Name the tropical cyclone advisory centres (TCACs) as the provider for forecasts of tropical cyclones.
050.10.04.02.01,050,Meteorology,LOW,Y,,3,agent_tasklist.md,0,DRAFT_DONE,Describe briefly the following organisations and their chief activities in relation to weather for aviation: International Civil Aviation Organization (ICAO) (Refer to Subject 010 ‘Air Law’); World Meteorological Organization (WMO).
061.01.01.01.01,061,General Navigation,LOW,Y,,3,agent_tasklist.md,0,DRAFT_DONE,State that the geoid is an irregular shape based on the surface of the oceans influenced only by gravity and centrifugal force.
061.01.01.01.02,061,General Navigation,LOW,Y,,3,agent_tasklist.md,0,DRAFT_DONE,State that a number of different ellipsoids are used to describe the shape of the Earth for mapping but that WGS-84 is the reference ellipsoid required for geographical coordinates.
061.01.01.01.03,061,General Navigation,MED,N,,3,agent_tasklist.md,0,DRAFT_DONE,State that the circumference of the Earth is approximately 40 000 km or approximately 21 600 NM.
061.01.01.02.01,061,General Navigation,LOW,Y,,3,agent_tasklist.md,0,DRAFT_DONE,Describe the rotation of the Earth around its own spin axis and the plane of the ecliptic (including the relationship of the spin axis to the plane of the ecliptic).
061.01.01.02.02,061,General Navigation,MED,N,,3,agent_tasklist.md,0,DRAFT_DONE,Explain the effect that the inclination of the Earth’s spin axis has on insolation and duration of daylight.
061.01.02.01.01,061,General Navigation,LOW,Y,,3,agent_tasklist.md,0,DRAFT_DONE,State that geodetic latitude and longitude is used to define a position on the WGS-84 ellipsoid.
061.01.02.01.02,061,General Navigation,MED,N,,3,agent_tasklist.md,0,DRAFT_DONE,Define geographic (geodetic) latitude and parallels of latitude.
061.01.02.01.03,061,General Navigation,MED,N,,3,agent_tasklist.md,0,DRAFT_DONE,Calculate the difference in latitude between any two given positions.
061.01.02.01.04,061,General Navigation,MED,N,,3,agent_tasklist.md,0,DRAFT_DONE,Define geographic (geodetic) longitude and meridians.
061.01.02.01.05,061,General Navigation,MED,N,,3,agent_tasklist.md,0,DRAFT_DONE,Calculate the difference in longitude between any two given positions.
061.01.03.01.01,061,General Navigation,LOW,Y,,3,agent_tasklist.md,0,DRAFT_DONE,Define ‘true north’ (TN).
061.01.03.01.02,061,General Navigation,MED,N,,3,agent_tasklist.md,0,DRAFT_DONE,Measure a true direction on any given aeronautical chart.
061.01.03.01.03,061,General Navigation,LOW,Y,,3,agent_tasklist.md,0,DRAFT_DONE,Define ‘magnetic north’ (MN).
061.01.03.01.04,061,General Navigation,MED,N,,3,agent_tasklist.md,0,DRAFT_DONE,Define and apply variation.
061.01.03.01.05,061,General Navigation,MED,N,,3,agent_tasklist.md,0,DRAFT_DONE,Explain changes of variation with time and position.
061.01.03.01.06,061,General Navigation,LOW,Y,,3,agent_tasklist.md,0,DRAFT_DONE,Define ‘compass north’ (CN).
061.01.03.01.07,061,General Navigation,MED,N,,3,agent_tasklist.md,0,DRAFT_DONE,Apply deviation.
061.01.03.02.01,061,General Navigation,MED,N,,3,agent_tasklist.md,0,DRAFT_DONE,Calculate XWC by: trigonometry; and MDR.
061.01.03.02.02,061,General Navigation,MED,N,,3,agent_tasklist.md,0,DRAFT_DONE,Explain and apply the concepts of drift and WCA.
061.01.03.02.03,061,General Navigation,MED,N,,3,agent_tasklist.md,0,DRAFT_DONE,Calculate the actual track with appropriate data of heading and drift.
061.01.03.02.04,061,General Navigation,MED,N,,3,agent_tasklist.md,0,DRAFT_DONE,Calculate TKE with appropriate data of WCA and drift.
061.01.03.02.05,061,General Navigation,MED,N,,3,agent_tasklist.md,0,DRAFT_DONE,Calculate the heading change at an off-course fix to directly reach the next waypoint using the 1:60 rule.
061.01.03.02.06,061,General Navigation,MED,N,,3,agent_tasklist.md,0,DRAFT_DONE,Calculate the average drift angle based upon an off-course fix observation.
061.01.04.01.01,061,General Navigation,LOW,Y,,3,agent_tasklist.md,0,DRAFT_DONE,"State that 1 NM is equal to 1.852 km, which is the average distance of 1' of latitude change on the WGS-84 ellipsoid."
061.01.04.01.02,061,General Navigation,MED,N,,3,agent_tasklist.md,0,DRAFT_DONE,State that 1' of longitude change at the equator on the WGS-84 ellipsoid is approximately equal to 1 NM.
061.01.04.02.01,061,General Navigation,MED,N,,3,agent_tasklist.md,0,DRAFT_DONE,"Convert between units of distance (nautical mile (NM), kilometre (km), statute mile (SM), feet (ft), inches (in))."
061.01.04.03.01,061,General Navigation,MED,N,,3,agent_tasklist.md,0,DRAFT_DONE,"Calculate the distance between positions on the same meridian, on opposite (antipodal) meridians, on the same parallel of latitude, and calculate new latitude/longitude when given distances north-south and east-west."
061.01.04.04.01,061,General Navigation,MED,N,,3,agent_tasklist.md,0,DRAFT_DONE,Evaluate the effect of wind and altitude on air distance.
061.01.04.04.02,061,General Navigation,MED,N,,3,agent_tasklist.md,0,DRAFT_DONE,Convert between ground distance (NM) and air distance (NAM) using the formula:  NAM = NM × TAS/GS.
061.01.05.01.01,061,General Navigation,MED,N,,3,agent_tasklist.md,0,DRAFT_DONE,"Calculate TAS from CAS, and CAS from TAS by: mechanical computer; and rule of thumb (2 per cent per 1 000 ft)."
061.01.05.02.01,061,General Navigation,MED,N,,3,agent_tasklist.md,0,DRAFT_DONE,"Calculate TAS from M, and M from TAS."
061.01.05.03.01,061,General Navigation,MED,N,,3,agent_tasklist.md,0,DRAFT_DONE,"Deduce the CAS, TAS and M relationship in climb/descent/cruise (flying at constant CAS or M)."
061.01.05.04.01,061,General Navigation,MED,N,,3,agent_tasklist.md,0,DRAFT_DONE,Calculate headwind component (HWC) and tailwind component (TWC) by: trigonometry; and MDR.
061.01.05.04.02,061,General Navigation,MED,N,,3,agent_tasklist.md,0,DRAFT_DONE,Apply HWC and TWC to determine GS from TAS and vice versa.
061.01.05.04.03,061,General Navigation,LOW,Y,,3,agent_tasklist.md,0,DRAFT_DONE,Explain the relationship between GS and TAS with increasing WCA.
061.01.05.04.04,061,General Navigation,MED,N,,3,agent_tasklist.md,0,DRAFT_DONE,"Calculate GS with: mechanical computer (TOV solution); and MDR (given track, TAS and WV)."
061.01.05.04.05,061,General Navigation,MED,N,,3,agent_tasklist.md,0,DRAFT_DONE,"Perform GS, distance and time calculations."
061.01.05.04.06,061,General Navigation,MED,N,,3,agent_tasklist.md,0,DRAFT_DONE,Calculate revised GS to reach a waypoint at a specific time.
061.01.05.04.07,061,General Navigation,MED,N,,3,agent_tasklist.md,0,DRAFT_DONE,Calculate the average GS based on two observed fixes.
061.01.05.05.01,061,General Navigation,MED,N,,3,agent_tasklist.md,0,DRAFT_DONE,"Enter revised navigational en-route data, for the legs concerned, into the flight plan (e.g. updated wind and GS and correspondingly losses or gains in time and fuel consumption)."
061.01.05.06.01,061,General Navigation,MED,N,,3,agent_tasklist.md,0,DRAFT_DONE,Estimate average climb/descent gradient (per cent) or glide path degrees according to the following rule of thumb: Gradient in degrees = (vertical distance (ft) / 100) / ground distance (NM)) Gradient in per cent = (vertical distance (ft) / 60) / ground distance (NM)) Gradient in degrees = arctan (altitude difference (ft) / ground distance (ft)). N.B. These rules of thumb approximate 1 NM to 6 000 ft and are based on the 1:60 rule.
061.01.05.06.02,061,General Navigation,MED,N,,3,agent_tasklist.md,0,DRAFT_DONE,Calculate rate of descent (ROD) on a given glide-path angle or gradient using the following rule of thumb formulae: ROD (ft/min) = GP degrees  × GS (NM/min) × 100 ROD (ft/min) = GP per cent × GS (kt)
061.01.05.06.03,061,General Navigation,MED,N,,3,agent_tasklist.md,0,DRAFT_DONE,"Calculate climb/descent gradient (ft/NM, per cent and degrees), GS or vertical speed according to the following formula: Vertical speed (ft/min) = (GS (kt) × gradient (ft/NM)) / 60."
061.01.05.06.04,061,General Navigation,LOW,Y,,3,agent_tasklist.md,0,DRAFT_DONE,State that it is necessary to determine the position of the aircraft accurately before commencing descent in order to ensure safe ground clearance.
061.01.06.01.01,061,General Navigation,MED,N,,3,agent_tasklist.md,0,DRAFT_DONE,Draw and correctly label the TOV.
061.01.06.02.01,061,General Navigation,MED,N,,3,agent_tasklist.md,0,DRAFT_DONE,Resolve the TOV for: heading and GS (with mechanical computer and MDR); WV (with mechanical computer); and track and GS (with mechanical computer and MDR.
061.01.07.01.01,061,General Navigation,MED,N,,3,agent_tasklist.md,0,DRAFT_DONE,Determine a DR position.
061.01.07.01.02,061,General Navigation,MED,N,,3,agent_tasklist.md,0,DRAFT_DONE,Evaluate the difference between a DR and a fix position.
061.01.07.01.03,061,General Navigation,MED,N,,3,agent_tasklist.md,0,DRAFT_DONE,"Define ‘speed factor’ (SF).  Speed divided by 60, used for mental flight-path calculations."
061.01.07.01.04,061,General Navigation,MED,N,,3,agent_tasklist.md,0,DRAFT_DONE,Calculate wind correction angle (WCA) using the formula: WCA = XWC (crosswind component)/SF
061.01.08.01.01,061,General Navigation,MED,N,,3,agent_tasklist.md,0,DRAFT_DONE,Average TAS used for climb problems is calculated at the altitude 2/3 of the cruising altitude.
061.01.08.01.02,061,General Navigation,MED,N,,3,agent_tasklist.md,0,DRAFT_DONE,Average TAS used for descent problems is calculated at the altitude 1/2 of the descent altitude.
061.01.08.02.01,061,General Navigation,MED,N,,3,agent_tasklist.md,0,DRAFT_DONE,WV used for climb problems is the WV at the altitude 2/3 of the cruising altitude.
061.01.08.02.02,061,General Navigation,MED,N,,3,agent_tasklist.md,0,DRAFT_DONE,WV used for descent problems is the WV at the altitude 1/2 of the descent altitude.
061.01.08.02.03,061,General Navigation,MED,N,,3,agent_tasklist.md,0,DRAFT_DONE,"Calculate the average climb/descent GS from given TAS at various altitudes, and WV at various altitudes and true track."
061.01.08.03.01,061,General Navigation,LOW,Y,,3,agent_tasklist.md,0,DRAFT_DONE,State that most aircraft operating handbooks supply graphical material to calculate climb and descent problems.
061.01.08.03.02,061,General Navigation,MED,N,,3,agent_tasklist.md,0,DRAFT_DONE,Calculate the flying time and distance during climb/descent from given average rate of climb/descent and using average GS using the following formulae valid for a 3-degree-glide path: rate of descent = (GS × 10) / 2 rate of descent = speed factor (SF) × glide-path angle × 100
061.01.08.03.03,061,General Navigation,MED,N,,3,agent_tasklist.md,0,DRAFT_DONE,"Given distance, speed and present altitude, calculate the rate of climb/descent in order to reach a certain position at a given altitude."
061.01.08.03.04,061,General Navigation,MED,N,,3,agent_tasklist.md,0,DRAFT_DONE,"Given speed, rate of climb/descent and altitude, calculate the distance required in order to reach a certain position at a given altitude."
061.01.08.03.05,061,General Navigation,MED,N,,3,agent_tasklist.md,0,DRAFT_DONE,"Given speed, distance to go and altitude to climb/descent, calculate the rate of climb/descent."
061.02.01.01.01,061,General Navigation,MED,N,,3,agent_tasklist.md,0,DRAFT_DONE,Recognise which elements would make a ground feature suitable for use for VFR navigation.
061.02.01.02.01,061,General Navigation,MED,N,,3,agent_tasklist.md,0,DRAFT_DONE,Describe the problems of VFR navigation at lower levels and the causes of reduced visibility.
061.02.01.02.02,061,General Navigation,MED,N,,3,agent_tasklist.md,0,DRAFT_DONE,Describe the problems of VFR navigation at night.
061.02.02.01.01,061,General Navigation,LOW,Y,,3,agent_tasklist.md,0,DRAFT_DONE,Describe what is meant by the term ‘map reading’.
061.02.02.01.02,061,General Navigation,LOW,Y,,3,agent_tasklist.md,0,DRAFT_DONE,Define the term ‘visual checkpoint’.
061.02.02.01.03,061,General Navigation,MED,N,,3,agent_tasklist.md,0,DRAFT_DONE,Discuss the general features of a visual checkpoint and give examples.
061.02.02.01.04,061,General Navigation,MED,N,,3,agent_tasklist.md,0,DRAFT_DONE,State that the evaluation of the differences between DR positions and actual position can refine flight performance and navigation.
061.02.02.01.05,061,General Navigation,LOW,Y,,3,agent_tasklist.md,0,DRAFT_DONE,Establish fixes on navigational charts by plotting visually derived intersecting lines of position.
061.02.02.01.06,061,General Navigation,LOW,Y,,3,agent_tasklist.md,0,DRAFT_DONE,Describe the use of a single observed position line to check flight progress.
061.02.02.01.07,061,General Navigation,LOW,Y,,3,agent_tasklist.md,0,DRAFT_DONE,Describe how to prepare and align a map/chart for use in visual navigation.
061.02.02.01.08,061,General Navigation,MED,N,,3,agent_tasklist.md,0,DRAFT_DONE,Describe visual-navigation techniques including: use of DR position to locate identifiable landmarks; identification of charted features/landmarks; factors affecting the selection of landmarks; an understanding of seasonal and meteorological effects on the appearance and visibility of landmarks; selection of suitable landmarks; estimation of distance from landmarks from successive bearings; estimation of the distance from a landmark using an approximation of the sighting angle and the flight altitude.
061.02.02.01.09,061,General Navigation,MED,N,,3,agent_tasklist.md,0,DRAFT_DONE,Describe the action to be taken if there is no visual checkpoint available at a scheduled turning point.
061.02.02.01.10,061,General Navigation,MED,N,,3,agent_tasklist.md,0,DRAFT_DONE,"Understand the difficulties and limitations that may be encountered in map reading in some geographical areas due to the nature of terrain, lack of distinctive landmarks, or lack of detailed and accurate charted data."
061.02.02.01.11,061,General Navigation,LOW,Y,,3,agent_tasklist.md,0,DRAFT_DONE,State the function of contour lines on a topographical chart.
061.02.02.01.12,061,General Navigation,LOW,Y,,3,agent_tasklist.md,0,DRAFT_DONE,Indicate the role of ‘layer tinting’ (colour gradient) in relation to the depiction of topography on a chart.
061.02.02.01.13,061,General Navigation,MED,N,,3,agent_tasklist.md,0,DRAFT_DONE,"Using the contours shown on a chart, describe the appearance of a significant feature."
061.02.02.01.14,061,General Navigation,MED,N,,3,agent_tasklist.md,0,DRAFT_DONE,"Apply the techniques of DR, map reading, orientation, timing and revision of ETAs and headings."
061.02.02.02.01,061,General Navigation,MED,N,,3,agent_tasklist.md,0,DRAFT_DONE,"Explain what needs to be considered in case of diversion, when unsure of position and when lost."
061.03.01.01.01,061,General Navigation,MED,N,,3,agent_tasklist.md,0,DRAFT_DONE,Describe the geometric properties of a great circle (including the vertex) and a small circle.
061.03.01.01.03,061,General Navigation,LOW,Y,,3,agent_tasklist.md,0,DRAFT_DONE,Explain why a great-circle route is the shortest distance between any two positions on the Earth.
061.03.01.01.04,061,General Navigation,MED,N,,3,agent_tasklist.md,0,DRAFT_DONE,Name examples of great circles on the surface of the Earth.
061.03.01.02.01,061,General Navigation,LOW,Y,,3,agent_tasklist.md,0,DRAFT_DONE,Explain why the track direction of a great-circle route (other than following a meridian or the equator) changes.
061.03.01.02.02,061,General Navigation,MED,N,,3,agent_tasklist.md,0,DRAFT_DONE,State the formula used to approximate the value of Earth convergence as change of longitude × sine mean latitude.
061.03.01.02.03,061,General Navigation,MED,N,,3,agent_tasklist.md,0,DRAFT_DONE,"Calculate the approximate value of Earth convergence between any two positions, up to 30 degrees difference of longitude."
061.03.02.01.01,061,General Navigation,LOW,Y,,3,agent_tasklist.md,0,DRAFT_DONE,Describe the geometric properties of a rhumb line.
061.03.02.01.02,061,General Navigation,LOW,Y,,3,agent_tasklist.md,0,DRAFT_DONE,State that a rhumb-line route is not the shortest distance between any two positions on the Earth (excluding meridians and equator).
061.03.03.01.01,061,General Navigation,MED,N,,3,agent_tasklist.md,0,DRAFT_DONE,Explain that the variation in distance of the great-circle route and rhumb-line route between any two positions increases with increasing latitude or change in longitude.
061.03.03.02.01,061,General Navigation,MED,N,,3,agent_tasklist.md,0,DRAFT_DONE,Calculate and apply the conversion angle.
061.04.01.01.01,061,General Navigation,MED,N,,3,agent_tasklist.md,0,DRAFT_DONE,State the requirement for conformality and for a straight line to approximate a great circle.
061.04.01.02.01,061,General Navigation,MED,N,,3,agent_tasklist.md,0,DRAFT_DONE,Explain and calculate the constant of the cone (sine of parallel of origin).
061.04.01.02.02,061,General Navigation,MED,N,,3,agent_tasklist.md,0,DRAFT_DONE,Explain the relationship between Earth and chart convergence with respect to the ICAO requirement for a straight line to approximate a great circle.
061.04.01.03.01,061,General Navigation,MED,N,,3,agent_tasklist.md,0,DRAFT_DONE,Recognise methods of representing scale on aeronautical charts.
061.04.01.03.02,061,General Navigation,MED,N,,3,agent_tasklist.md,0,DRAFT_DONE,Perform scale calculations based on typical en-route chart scales.
061.04.02.01.01,061,General Navigation,LOW,Y,,3,agent_tasklist.md,0,DRAFT_DONE,"Identify azimuthal, cylindrical and conical projections."
061.04.02.02.01,061,General Navigation,MED,N,,3,agent_tasklist.md,0,DRAFT_DONE,State the properties of a polar stereographic projection.
061.04.02.02.02,061,General Navigation,MED,N,,3,agent_tasklist.md,0,DRAFT_DONE,Calculate straight line track changes on a polar stereographic chart.
061.04.02.03.01,061,General Navigation,MED,N,,3,agent_tasklist.md,0,DRAFT_DONE,State the properties of a direct Mercator projection.
061.04.02.03.02,061,General Navigation,MED,N,,3,agent_tasklist.md,0,DRAFT_DONE,"Given the scale at one latitude, calculate the scale at different latitudes."
061.04.02.03.03,061,General Navigation,MED,N,,3,agent_tasklist.md,0,DRAFT_DONE,"Given a chart length at one latitude, show that it represents a different Earth distance at other latitudes."
061.04.02.04.01,061,General Navigation,MED,N,,3,agent_tasklist.md,0,DRAFT_DONE,State the properties of a Lambert projection.
061.04.02.04.02,061,General Navigation,MED,N,,3,agent_tasklist.md,0,DRAFT_DONE,Calculate straight line track changes on a Lambert chart.
061.04.02.04.03,061,General Navigation,MED,N,,3,agent_tasklist.md,0,DRAFT_DONE,Explain the scale variation throughout the charts as follows: the scale indicated on the chart will be correct at the standard parallels; the scale will increase away from the parallel of origin; the scale within the standard parallels differs by less than 1 per cent from the scale stated on the chart.
061.04.02.04.04,061,General Navigation,MED,N,,3,agent_tasklist.md,0,DRAFT_DONE,"Given appropriate data, calculate initial, final or rhumb-line tracks between two positions (lat./long.)."
061.04.02.04.05,061,General Navigation,MED,N,,3,agent_tasklist.md,0,DRAFT_DONE,"Given two positions (lat./long.) and information to determine convergency between the two positions, calculate the parallel of origin."
061.04.02.04.06,061,General Navigation,MED,N,,3,agent_tasklist.md,0,DRAFT_DONE,"Given a Lambert chart, determine the parallel of origin, or constant of cone."
061.04.02.04.07,061,General Navigation,MED,N,,3,agent_tasklist.md,0,DRAFT_DONE,"Given constant of cone or parallel of origin, great-circle track at one position and great-circle track at another position, calculate the difference of longitude between the two positions."
061.04.03.01.01,061,General Navigation,MED,N,,3,agent_tasklist.md,0,DRAFT_DONE,Recognise ICAO Annex 4 symbology.
061.04.03.02.01,061,General Navigation,MED,N,,3,agent_tasklist.md,0,DRAFT_DONE,Measure tracks and distances on VFR and IFR en-route charts.
061.04.03.02.02,061,General Navigation,MED,N,,3,agent_tasklist.md,0,DRAFT_DONE,Fix the aircraft position on an en-route chart with information from VOR and DME equipment.
061.04.03.02.03,061,General Navigation,MED,N,,3,agent_tasklist.md,0,DRAFT_DONE,Resolve bearings of an NDB station for plotting on an aeronautical chart.
061.05.01.01.01,061,General Navigation,LOW,Y,,3,agent_tasklist.md,0,DRAFT_DONE,Explain the concepts of a mean solar day and LMT.
061.05.01.02.01,061,General Navigation,MED,N,,3,agent_tasklist.md,0,DRAFT_DONE,Perform LMT and UTC calculations.
061.05.02.01.01,061,General Navigation,MED,N,,3,agent_tasklist.md,0,DRAFT_DONE,"Explain and apply the concept of standard time and daylight saving time, and perform standard time and daylight saving time calculations."
061.05.02.02.01,061,General Navigation,MED,N,,3,agent_tasklist.md,0,DRAFT_DONE,State the changes when crossing the International Date Line.
061.05.03.01.01,061,General Navigation,MED,N,,3,agent_tasklist.md,0,DRAFT_DONE,"Define sunrise, sunset, and civil twilight, and extract times from a suitable source (e.g. an almanac)."
061.05.03.01.02,061,General Navigation,MED,N,,3,agent_tasklist.md,0,DRAFT_DONE,"Explain the changes to sunrise, sunset, and civil twilight times with date, latitude and altitude."
061.05.03.01.03,061,General Navigation,MED,N,,3,agent_tasklist.md,0,DRAFT_DONE,Explain at which time of the year the duration of daylight changes at the highest rate.
062.01.01.01.01,062,Radio Navigation,LOW,Y,,3,agent_tasklist.md,0,DRAFT_DONE,"State that radio waves travel at the speed of light, being approximately 300 000 km/s."
062.01.01.01.02,062,Radio Navigation,LOW,Y,,3,agent_tasklist.md,0,DRAFT_DONE,Define a ‘cycle’: a complete series of values of a periodical process.
062.01.01.02.01,062,Radio Navigation,LOW,Y,,3,agent_tasklist.md,0,DRAFT_DONE,Define ‘frequency’: the number of cycles occurring in 1 second expressed in Hertz (Hz).
062.01.01.02.02,062,Radio Navigation,LOW,Y,,3,agent_tasklist.md,0,DRAFT_DONE,Define ‘wavelength’: the physical distance travelled by a radio wave during one cycle of transmission.
062.01.01.02.03,062,Radio Navigation,LOW,Y,,3,agent_tasklist.md,0,DRAFT_DONE,Define ‘amplitude’: the maximum deflection in an oscillation or wave.
062.01.01.02.04,062,Radio Navigation,LOW,Y,,3,agent_tasklist.md,0,DRAFT_DONE,State that the relationship between wavelength and frequency is: wavelength (lamda) = speed of light (c) / frequency (f).
062.01.01.02.05,062,Radio Navigation,LOW,Y,,3,agent_tasklist.md,0,DRAFT_DONE,Define ‘phase angle’: the fraction of one wavelength expressed in degrees from 000 degrees to 360 degrees .
062.01.01.02.06,062,Radio Navigation,LOW,Y,,3,agent_tasklist.md,0,DRAFT_DONE,"Define ‘phase angle difference/shift’: the angular difference between the corresponding points of two cycles of equal wavelength, which is measurable in degrees."
062.01.01.03.01,062,Radio Navigation,MED,N,,3,agent_tasklist.md,0,DRAFT_DONE,List the bands of the frequency spectrum for electromagnetic waves: very low frequency (VLF): 3-30 kHz; low frequency (LF): 30-300 kHz; medium frequency (MF): 300-3 000 kHz; high frequency (HF): 3-30 MHz; very high frequency (VHF): 30-300 MHz; ultra-high frequency (UHF): 300-3 000 MHz; super high frequency (SHF): 3-30 GHz; extremely high frequency (EHF): 30-300 GHz.
062.01.01.03.02,062,Radio Navigation,MED,N,,3,agent_tasklist.md,0,DRAFT_DONE,"State that when a carrier wave is modulated, the resultant radiation consists of the carrier frequency plus additional upper and lower sidebands."
062.01.01.03.03,062,Radio Navigation,MED,N,,3,agent_tasklist.md,0,DRAFT_DONE,State that HF meteorological information for aircraft in flight (VOLMET) and HF two-way communication use a single sideband.
062.01.01.03.04,062,Radio Navigation,MED,N,,3,agent_tasklist.md,0,DRAFT_DONE,State that the following abbreviations (classifications according to International Telecommunication Union (ITU) regulations) are used for aviation applications: N0N: carrier without modulation as used by non-directional radio beacons (NDBs); A1A: carrier with keyed Morse code modulation as used by NDBs; A2A: carrier with amplitude modulated Morse code as used by NDBs; A3E: carrier with amplitude modulated speech used for communication (VHF-COM).
062.01.01.04.01,062,Radio Navigation,MED,N,,3,agent_tasklist.md,0,DRAFT_DONE,Define the following terms that are associated with a pulse string: pulse length; pulse power; continuous power.
062.01.01.05.01,062,Radio Navigation,LOW,Y,,3,agent_tasklist.md,0,DRAFT_DONE,Define ‘carrier wave’: the radio wave acting as the carrier or transporter.
062.01.01.05.02,062,Radio Navigation,LOW,Y,,3,agent_tasklist.md,0,DRAFT_DONE,Define ‘modulation’: the technical term for the process of impressing and transporting information by radio waves.
062.01.01.06.01,062,Radio Navigation,LOW,Y,,3,agent_tasklist.md,0,DRAFT_DONE,Define ‘amplitude modulation’: the information that is impressed onto the carrier wave by altering the amplitude of the carrier.
062.01.01.06.02,062,Radio Navigation,LOW,Y,,3,agent_tasklist.md,0,DRAFT_DONE,Define ‘frequency modulation’: the information that is impressed onto the carrier wave by altering the frequency of the carrier.
062.01.01.06.03,062,Radio Navigation,LOW,Y,,3,agent_tasklist.md,0,DRAFT_DONE,Describe ‘pulse modulation’: a modulation form used in radar by transmitting short pulses followed by larger interruptions.
062.01.01.06.04,062,Radio Navigation,LOW,Y,,3,agent_tasklist.md,0,DRAFT_DONE,Describe ‘phase modulation’: a modulation form used in GPS where the phase of the carrier wave is reversed.
062.01.02.01.01,062,Radio Navigation,LOW,Y,,3,agent_tasklist.md,0,DRAFT_DONE,"Define ‘antenna’: an antenna or aerial is an electrical device which converts electric power into radio waves, and vice versa."
062.01.02.01.02,062,Radio Navigation,LOW,Y,,3,agent_tasklist.md,0,DRAFT_DONE,"State that the simplest type of antenna is a dipole, which is a wire of length equal to one half of the wavelength."
062.01.02.01.03,062,Radio Navigation,LOW,Y,,3,agent_tasklist.md,0,DRAFT_DONE,State that an electromagnetic wave always consists of an oscillating electric (E) and an oscillating magnetic (H) field which propagates at the speed of light.
062.01.02.01.04,062,Radio Navigation,LOW,Y,,3,agent_tasklist.md,0,DRAFT_DONE,State that the E and H fields are perpendicular to each other. The oscillations are perpendicular to the propagation direction and are in-phase.
062.01.02.02.01,062,Radio Navigation,LOW,Y,,3,agent_tasklist.md,0,DRAFT_DONE,State that the polarisation of an electromagnetic wave describes the orientation of the plane of oscillation of the electrical component of the wave with regard to its direction of propagation.
062.01.02.03.01,062,Radio Navigation,MED,N,,3,agent_tasklist.md,0,DRAFT_DONE,Name the common different types of directional antennas: loop antenna used in old automatic direction-finding (ADF) receivers; parabolic antenna used in weather radars; slotted planar array used in more modern weather radars.
062.01.02.03.02,062,Radio Navigation,MED,N,,3,agent_tasklist.md,0,DRAFT_DONE,Explain ‘antenna shadowing’.
062.01.02.03.03,062,Radio Navigation,MED,N,,3,agent_tasklist.md,0,DRAFT_DONE,Explain the importance of antenna placement on aircraft.
062.01.03.01.01,062,Radio Navigation,LOW,Y,,3,agent_tasklist.md,0,DRAFT_DONE,"State that the ionosphere is the ionised component of the Earth’s upper atmosphere from approximately 60 to 400 km above the surface, which is vertically structured in three regions or layers."
062.01.03.01.02,062,Radio Navigation,LOW,Y,,3,agent_tasklist.md,0,DRAFT_DONE,"State that the layers of the ionosphere are named D, E and F layers, and their depth varies with time."
062.01.03.01.03,062,Radio Navigation,LOW,Y,,3,agent_tasklist.md,0,DRAFT_DONE,State that electromagnetic waves refracted from the E and F layers of the ionosphere are called sky waves.
062.01.03.01.04,062,Radio Navigation,LOW,Y,,3,agent_tasklist.md,0,DRAFT_DONE,Explain how the different layers of the ionosphere influence wave propagation.
062.01.03.02.01,062,Radio Navigation,LOW,Y,,3,agent_tasklist.md,0,DRAFT_DONE,Define ‘ground or surface waves’: the electromagnetic waves travelling along the surface of the Earth.
062.01.03.03.01,062,Radio Navigation,LOW,Y,,3,agent_tasklist.md,0,DRAFT_DONE,Define ‘space waves’: the electromagnetic waves travelling through the air directly from the transmitter to the receiver.
062.01.03.04.01,062,Radio Navigation,MED,N,,3,agent_tasklist.md,0,DRAFT_DONE,"State that radio waves in VHF, UHF, SHF and EHF propagate as space waves."
062.01.03.04.02,062,Radio Navigation,MED,N,,3,agent_tasklist.md,0,DRAFT_DONE,"State that radio waves in LF, MF and HF propagate as surface/ground waves and sky waves."
062.01.03.05.01,062,Radio Navigation,LOW,Y,,3,agent_tasklist.md,0,DRAFT_DONE,State that the Doppler effect is the phenomenon where the frequency of a wave will increase or decrease if there is relative motion between the transmitter and the receiver.
062.01.03.06.01,062,Radio Navigation,LOW,Y,,3,agent_tasklist.md,0,DRAFT_DONE,Define ‘skip distance’: the distance between the transmitter and the point on the surface of the Earth where the first sky wave return arrives.
062.01.03.06.02,062,Radio Navigation,MED,N,,3,agent_tasklist.md,0,DRAFT_DONE,State that skip zone/dead space is the distance between the limit of the surface wave and the sky wave.
062.01.03.06.03,062,Radio Navigation,MED,N,,3,agent_tasklist.md,0,DRAFT_DONE,"Describe ‘fading’: when a receiver picks up two signals with the same frequency, and the signals will interfere with each other causing changes in the resultant signal strength and polarisation."
062.01.03.06.04,062,Radio Navigation,MED,N,,3,agent_tasklist.md,0,DRAFT_DONE,State that radio waves in the VHF band and above are limited in range as they are not reflected by the ionosphere and do not have a surface wave.
062.01.03.06.05,062,Radio Navigation,LOW,Y,,3,agent_tasklist.md,0,DRAFT_DONE,"Describe the physical phenomena ‘reflection’, ‘refraction’, ‘diffraction’, ‘absorption’ and ‘interference’."
062.01.03.06.06,062,Radio Navigation,MED,N,,3,agent_tasklist.md,0,DRAFT_DONE,State that multipath is when the signal arrives at the receiver via more than one path (the signal being reflected from surfaces near the receiver).
062.02.01.01.01,062,Radio Navigation,LOW,Y,,3,agent_tasklist.md,0,DRAFT_DONE,Describe the use of a ground DF.
062.02.01.01.02,062,Radio Navigation,MED,N,,3,agent_tasklist.md,0,DRAFT_DONE,Explain the limitation of range because of the path of the VHF signal.
062.02.01.02.01,062,Radio Navigation,MED,N,,3,agent_tasklist.md,0,DRAFT_DONE,Define the term ‘QDM’: the magnetic bearing to the station.
062.02.01.02.02,062,Radio Navigation,MED,N,,3,agent_tasklist.md,0,DRAFT_DONE,Define the term ‘QDR’: the magnetic bearing from the station.
062.02.01.02.03,062,Radio Navigation,MED,N,,3,agent_tasklist.md,0,DRAFT_DONE,"Explain that by using more than one ground station, the position of an aircraft can be determined and transmitted to the pilot."
062.02.01.03.01,062,Radio Navigation,MED,N,,3,agent_tasklist.md,0,DRAFT_DONE,Use the formula: 1.23 × sqrt transmitter height in feet plus 1.23 × sqrt receiver height in feet to calculate the range in NM.
062.02.01.04.01,062,Radio Navigation,LOW,Y,,3,agent_tasklist.md,0,DRAFT_DONE,Explain why synchronous transmissions will cause errors.
062.02.01.04.02,062,Radio Navigation,LOW,Y,,3,agent_tasklist.md,0,DRAFT_DONE,Describe the effect of ‘multipath signals’.
062.02.01.04.03,062,Radio Navigation,MED,N,,3,agent_tasklist.md,0,DRAFT_DONE,Explain that VDF information is divided into the following classes according to ICAO Annex 10: Class A: accurate to a range within plus/minus 2 degrees ; Class B: accurate to a range within plus/minus 5 degrees ; Class C: accurate to a range within plus/minus 10 degrees ; Class D: accurate to less than Class C.
062.02.02.01.01,062,Radio Navigation,LOW,Y,,3,agent_tasklist.md,0,DRAFT_DONE,Define the acronym ‘NDB’: non-directional radio beacon.
062.02.02.01.02,062,Radio Navigation,LOW,Y,,3,agent_tasklist.md,0,DRAFT_DONE,Define the acronym ‘ADF’: automatic direction-finding equipment.
062.02.02.01.03,062,Radio Navigation,LOW,Y,,3,agent_tasklist.md,0,DRAFT_DONE,State that the NDB is the ground part of the system.
062.02.02.01.04,062,Radio Navigation,LOW,Y,,3,agent_tasklist.md,0,DRAFT_DONE,State that the ADF is the airborne part of the system.
062.02.02.01.05,062,Radio Navigation,MED,N,,3,agent_tasklist.md,0,DRAFT_DONE,State that the NDB operates in the LF and MF frequency bands.
062.02.02.01.06,062,Radio Navigation,MED,N,,3,agent_tasklist.md,0,DRAFT_DONE,State that the frequency band assigned to aeronautical NDBs according to ICAO Annex 10 is 190-1750 kHz.
062.02.02.01.07,062,Radio Navigation,MED,N,,3,agent_tasklist.md,0,DRAFT_DONE,Define a ‘locator beacon’: an LF/MF NDB used as an aid to final approach usually with a range of 10-25 NM.
062.02.02.01.08,062,Radio Navigation,LOW,Y,,3,agent_tasklist.md,0,DRAFT_DONE,State that certain commercial radio stations transmit within the frequency band of the NDB.
062.02.02.01.09,062,Radio Navigation,LOW,Y,,3,agent_tasklist.md,0,DRAFT_DONE,"State that according to ICAO Annex 10, an NDB station has an automatic ground monitoring system."
062.02.02.01.10,062,Radio Navigation,MED,N,,3,agent_tasklist.md,0,DRAFT_DONE,Describe the use of NDBs for navigation.
062.02.02.01.11,062,Radio Navigation,MED,N,,3,agent_tasklist.md,0,DRAFT_DONE,Describe the procedure to identify an NDB station.
062.02.02.01.12,062,Radio Navigation,LOW,Y,,3,agent_tasklist.md,0,DRAFT_DONE,Interpret the term ‘cone of confusion’ in respect of an NDB.
062.02.02.01.13,062,Radio Navigation,LOW,Y,,3,agent_tasklist.md,0,DRAFT_DONE,State that an NDB station emits a N0N/A1A or a N0N/A2A signal.
062.02.02.01.14,062,Radio Navigation,LOW,Y,,3,agent_tasklist.md,0,DRAFT_DONE,State the function of the beat frequency oscillator (BFO).
062.02.02.01.15,062,Radio Navigation,LOW,Y,,3,agent_tasklist.md,0,DRAFT_DONE,"State that in order to identify a N0N/A1A NDB, the BFO circuit of the receiver has to be activated."
062.02.02.01.16,062,Radio Navigation,LOW,Y,,3,agent_tasklist.md,0,DRAFT_DONE,"State that on modern aircraft, the BFO is activated automatically."
062.02.02.02.01,062,Radio Navigation,LOW,Y,,3,agent_tasklist.md,0,DRAFT_DONE,Name the types of indicators commonly in use: electronic display; radio magnetic indicator (RMI); fixed-card ADF (radio compass); moving-card ADF.
062.02.02.02.02,062,Radio Navigation,MED,N,,3,agent_tasklist.md,0,DRAFT_DONE,"Interpret the indications given on RMI, fixed-card and moving-card ADF displays."
062.02.02.02.03,062,Radio Navigation,MED,N,,3,agent_tasklist.md,0,DRAFT_DONE,"Given a display, interpret the relevant ADF information."
062.02.02.02.04,062,Radio Navigation,MED,N,,3,agent_tasklist.md,0,DRAFT_DONE,Calculate the true bearing from the compass heading and relative bearing.
062.02.02.02.05,062,Radio Navigation,MED,N,,3,agent_tasklist.md,0,DRAFT_DONE,Convert the compass bearing into magnetic bearing and true bearing.
062.02.02.02.06,062,Radio Navigation,MED,N,,3,agent_tasklist.md,0,DRAFT_DONE,"Describe how to fly the following in-flight ADF procedures: homing and tracking, and explain the influence of wind; interception of inbound QDM and outbound QDR; changing from one QDM/QDR to another; determining station passage and the abeam point."
062.02.02.03.01,062,Radio Navigation,LOW,Y,,3,agent_tasklist.md,0,DRAFT_DONE,State that the power of the transmitter limits the range of an NDB.
062.02.02.03.02,062,Radio Navigation,MED,N,,3,agent_tasklist.md,0,DRAFT_DONE,Explain the relationship between power and range.
062.02.02.03.03,062,Radio Navigation,LOW,Y,,3,agent_tasklist.md,0,DRAFT_DONE,Describe the propagation path of NDB radio waves with respect to the ionosphere and the Earth’s surface.
062.02.02.03.04,062,Radio Navigation,MED,N,,3,agent_tasklist.md,0,DRAFT_DONE,Explain that the interference between sky waves and ground waves leads to ‘fading’.
062.02.02.03.05,062,Radio Navigation,MED,N,,3,agent_tasklist.md,0,DRAFT_DONE,"Define that the accuracy the pilot has to fly the required bearing in order to be considered established during approach, according to ICAO Doc 8168, has to be within plus/minus 5 degrees."
062.02.02.03.06,062,Radio Navigation,MED,N,,3,agent_tasklist.md,0,DRAFT_DONE,State that there is no warning indication of NDB failure.
062.02.02.04.01,062,Radio Navigation,LOW,Y,,3,agent_tasklist.md,0,DRAFT_DONE,"Explain ‘coastal refraction’: as a radio wave travelling over land crosses the coast, the wave speeds up over water and the wave front bends."
062.02.02.04.02,062,Radio Navigation,LOW,Y,,3,agent_tasklist.md,0,DRAFT_DONE,Define ‘night/twilight effect’: the influence of sky waves and ground waves arriving at the ADF receiver with a difference of phase and polarisation which introduce bearing errors.
062.02.02.04.03,062,Radio Navigation,MED,N,,3,agent_tasklist.md,0,DRAFT_DONE,State that interference from other NDB stations on the same frequency may occur at night due to sky-wave contamination.
062.02.02.05.01,062,Radio Navigation,MED,N,,3,agent_tasklist.md,0,DRAFT_DONE,Describe diffraction of radio waves in mountainous terrain (mountain effect).
062.02.02.05.02,062,Radio Navigation,MED,N,,3,agent_tasklist.md,0,DRAFT_DONE,State that static radiation energy from a cumulonimbus cloud may interfere with the radio wave and influence the ADF bearing indication.
062.02.02.05.03,062,Radio Navigation,MED,N,,3,agent_tasklist.md,0,DRAFT_DONE,Explain that the bank angle of the aircraft causes a dip error.
062.02.03.01.01,062,Radio Navigation,LOW,Y,,3,agent_tasklist.md,0,DRAFT_DONE,Explain the working principle of VOR using the following general terms: reference phase; variable phase; phase difference.
062.02.03.01.02,062,Radio Navigation,MED,N,,3,agent_tasklist.md,0,DRAFT_DONE,"State that the frequency band allocated to VOR according to ICAO Annex 10 is VHF, and the frequencies used are 108.0-117.975 MHz."
062.02.03.01.03,062,Radio Navigation,MED,N,,3,agent_tasklist.md,0,DRAFT_DONE,"State that frequencies within the allocated VOR range 108.0-111.975 MHz, which have an odd number in the first decimal place, are used by instrument landing system (ILS)."
062.02.03.01.04,062,Radio Navigation,MED,N,,3,agent_tasklist.md,0,DRAFT_DONE,State that the following types of VOR are in operation: conventional VOR (CVOR): a first-generation VOR station emitting signals by means of a rotating antenna; Doppler VOR (DVOR): a second-generation VOR station emitting signals by means of a combination of fixed antennas utilising the Doppler principle; en-route VOR for use by IFR traffic; terminal VOR (TVOR): a station with a shorter range used as part of the approach and departure structure at major aerodromes; test VOR (VOT): a VOR station emitting a signal to test VOR indicators in an aircraft.
062.02.03.01.05,062,Radio Navigation,MED,N,,3,agent_tasklist.md,0,DRAFT_DONE,State that automatic terminal information service (ATIS) information is transmitted on VOR frequencies.
062.02.03.01.06,062,Radio Navigation,LOW,Y,,3,agent_tasklist.md,0,DRAFT_DONE,List the three main components of VOR airborne equipment: the antenna; the receiver; the indicator.
062.02.03.01.07,062,Radio Navigation,MED,N,,3,agent_tasklist.md,0,DRAFT_DONE,Describe the identification of a VOR in terms of Morse-code letters and additional plain text.
062.02.03.01.08,062,Radio Navigation,LOW,Y,,3,agent_tasklist.md,0,DRAFT_DONE,"State that according to ICAO Annex 10, a VOR station has an automatic ground monitoring system."
062.02.03.01.09,062,Radio Navigation,MED,N,,3,agent_tasklist.md,0,DRAFT_DONE,State that failure of the VOR station to stay within the required limits can cause the removal of identification and navigation components from the carrier or radiation to cease.
062.02.03.02.01,062,Radio Navigation,MED,N,,3,agent_tasklist.md,0,DRAFT_DONE,Read off the radial on an RMI.
062.02.03.02.02,062,Radio Navigation,MED,N,,3,agent_tasklist.md,0,DRAFT_DONE,Read off the angular displacement in relation to a preselected radial on a horizontal situation indicator (HSI) or omnibearing indicator (OBI).
062.02.03.02.03,062,Radio Navigation,MED,N,,3,agent_tasklist.md,0,DRAFT_DONE,Explain the use of the TO/FROM indicator in order to determine aircraft position relative to the VOR considering also the heading of the aircraft.
062.02.03.02.04,062,Radio Navigation,MED,N,,3,agent_tasklist.md,0,DRAFT_DONE,"Interpret VOR information as displayed on HSI, CDI and RMI."
062.02.03.02.05,062,Radio Navigation,MED,N,,3,agent_tasklist.md,0,DRAFT_DONE,"Describe the following in-flight VOR procedures: tracking, and explain the influence of wind when tracking; interception of a radial inbound and outbound to/from a VOR; changing from one radial inbound/outbound to another; determining station passage and the abeam point."
062.02.03.02.06,062,Radio Navigation,MED,N,,3,agent_tasklist.md,0,DRAFT_DONE,"State that when converting a radial into a true bearing, the variation at the VOR station has to be taken into account."
062.02.03.04.01,062,Radio Navigation,MED,N,,3,agent_tasklist.md,0,DRAFT_DONE,"Define that the accuracy the pilot has to fly the required bearing in order to be considered established on a VOR track when flying approach procedures, according to ICAO Doc 8168, has to be within the half-full scale deflection of the required track."
062.02.03.04.02,062,Radio Navigation,MED,N,,3,agent_tasklist.md,0,DRAFT_DONE,"State that due to reflections from terrain, radials can be bent and lead to wrong or fluctuating indications, which is called ‘scalloping’."
062.02.04.01.01,062,Radio Navigation,MED,N,,3,agent_tasklist.md,0,DRAFT_DONE,State that DME operates in the UHF band.
062.02.04.01.02,062,Radio Navigation,LOW,Y,,3,agent_tasklist.md,0,DRAFT_DONE,State that the system comprises two basic components: the aircraft component: the interrogator; the ground component: the transponder.
062.02.04.01.03,062,Radio Navigation,MED,N,,3,agent_tasklist.md,0,DRAFT_DONE,Describe the principle of distance measurement using DME in terms of a timed transmission from the interrogator and reply from the transponder on different frequencies.
062.02.04.01.04,062,Radio Navigation,MED,N,,3,agent_tasklist.md,0,DRAFT_DONE,Explain that the distance measured by DME is slant range.
062.02.04.01.05,062,Radio Navigation,MED,N,,3,agent_tasklist.md,0,DRAFT_DONE,Illustrate that a position line using DME is a circle with the station at its centre.
062.02.04.01.06,062,Radio Navigation,MED,N,,3,agent_tasklist.md,0,DRAFT_DONE,State that the pairing of VHF and UHF frequencies (VOR/DME) enables the selection of two items of navigation information from one frequency setting.
062.02.04.01.07,062,Radio Navigation,LOW,Y,,3,agent_tasklist.md,0,DRAFT_DONE,"Describe, in the case of co-location with VOR and ILS, the frequency pairing and identification procedure."
062.02.04.01.08,062,Radio Navigation,MED,N,,3,agent_tasklist.md,0,DRAFT_DONE,State that military UHF tactical air navigation aid (TACAN) stations may be used for DME information.
062.02.04.02.01,062,Radio Navigation,LOW,Y,,3,agent_tasklist.md,0,DRAFT_DONE,"State that when identifying a DME station co-located with a VOR station, the identification signal with the higher-tone frequency is the DME which identifies itself approximately every 40 seconds."
062.02.04.02.02,062,Radio Navigation,MED,N,,3,agent_tasklist.md,0,DRAFT_DONE,Calculate ground distance from given slant range and altitude.
062.02.04.02.03,062,Radio Navigation,MED,N,,3,agent_tasklist.md,0,DRAFT_DONE,Describe the use of DME to fly a DME arc in accordance with ICAO Doc 8168 Volume 1.
062.02.04.02.04,062,Radio Navigation,LOW,Y,,3,agent_tasklist.md,0,DRAFT_DONE,State that a DME system may have a ground speed (GS) and time to station read-out combined with the DME read-out.
062.02.04.03.01,062,Radio Navigation,MED,N,,3,agent_tasklist.md,0,DRAFT_DONE,Explain why a ground station can generally respond to a maximum of 100 aircraft.
062.02.04.03.02,062,Radio Navigation,MED,N,,3,agent_tasklist.md,0,DRAFT_DONE,Explain which aircraft will be denied a DME range first when more than 100 interrogations are being made.
062.02.04.05.01,062,Radio Navigation,MED,N,,3,agent_tasklist.md,0,DRAFT_DONE,"Explain why the GS read-out from a DME can be less than the actual GS, and is zero when flying a DME arc."
062.02.05.01.01,062,Radio Navigation,MED,N,,3,agent_tasklist.md,0,DRAFT_DONE,Name the three main components of an ILS: the localiser (LOC); the glide path (GP); range information (markers or DME).
062.02.05.01.02,062,Radio Navigation,LOW,Y,,3,agent_tasklist.md,0,DRAFT_DONE,"State the site locations of the ILS components: the LOC antenna should be located on the extension of the runway centre line at the stop-end; the GP antenna should be locate beyond the runway threshold, laterally displaced to the side of the runway centre line."
062.02.05.01.03,062,Radio Navigation,MED,N,,3,agent_tasklist.md,0,DRAFT_DONE,Explain that marker beacons produce radiation patterns to indicate predetermined distances from the threshold along the ILS GP.
062.02.05.01.04,062,Radio Navigation,MED,N,,3,agent_tasklist.md,0,DRAFT_DONE,State that marker beacons are sometimes replaced by a DME paired with the LOC frequency.
062.02.05.01.05,062,Radio Navigation,MED,N,,3,agent_tasklist.md,0,DRAFT_DONE,"State that in the ILS LOC frequency assigned band 108.0-111.975 MHz, only frequencies which have an odd number in the first decimal are ILS LOC frequencies."
062.02.05.01.06,062,Radio Navigation,MED,N,,3,agent_tasklist.md,0,DRAFT_DONE,State that the GP operates in the UHF band.
062.02.05.01.07,062,Radio Navigation,LOW,Y,,3,agent_tasklist.md,0,DRAFT_DONE,"Describe the use of the 90-Hz and the 150-Hz signals in the LOC and GP transmitters/receivers, stating how the signals at the receivers vary with angular deviation."
062.02.05.01.08,062,Radio Navigation,MED,N,,3,agent_tasklist.md,0,DRAFT_DONE,State that the UHF GP frequency is selected automatically by being paired with the LOC frequency.
062.02.05.01.09,062,Radio Navigation,MED,N,,3,agent_tasklist.md,0,DRAFT_DONE,Explain that both the LOC and the GP antenna radiates side lobes (false beams) which can give rise to false centre-line and false GP indication.
062.02.05.01.10,062,Radio Navigation,LOW,Y,,3,agent_tasklist.md,0,DRAFT_DONE,Explain that the back beam from the LOC antenna may be used as a published ‘non-precision approach’.
062.02.05.01.11,062,Radio Navigation,MED,N,,3,agent_tasklist.md,0,DRAFT_DONE,State that the recommended GP is 3 degrees .
062.02.05.01.12,062,Radio Navigation,MED,N,,3,agent_tasklist.md,0,DRAFT_DONE,"Name the frequency, modulation and identification assigned to all marker beacons. All marker beacons operate on 75-MHz carrier frequency. The modulation frequencies of the audio are: outer marker: low; middle marker: medium; inner marker: high. The audio frequency modulation (for identification) is the continuous modulation of the audio frequency and is keyed as follows: outer marker: 2 dashes per second continuously; middle marker: a continuous series of alternate dots and dashes; inner marker: 6 dots per second continuously. 
The outer-marker cockpit indicator is coloured blue, the middle marker amber, and the inner marker white."
062.02.05.01.13,062,Radio Navigation,MED,N,,3,agent_tasklist.md,0,DRAFT_DONE,State that the final-approach area contains a fix or facility that permits verification of the ILS GP-altimeter relationship. The outer marker or DME is usually used for this purpose.
062.02.05.02.01,062,Radio Navigation,MED,N,,3,agent_tasklist.md,0,DRAFT_DONE,Describe the ILS identification regarding frequency and Morse code or plain text.
062.02.05.02.02,062,Radio Navigation,MED,N,,3,agent_tasklist.md,0,DRAFT_DONE,State that an ILS installation has an automatic ground monitoring system.
062.02.05.02.03,062,Radio Navigation,MED,N,,3,agent_tasklist.md,0,DRAFT_DONE,State that the LOC and GP monitoring system monitors any shift in the LOC and GP mean course line or reduction in signal strength.
062.02.05.02.04,062,Radio Navigation,MED,N,,3,agent_tasklist.md,0,DRAFT_DONE,State that warning flags will appear for both the LOC and the GP if the received signal strength is below a threshold value.
062.02.05.02.05,062,Radio Navigation,MED,N,,3,agent_tasklist.md,0,DRAFT_DONE,Describe the circumstances in which warning flags will appear for both the LOC and the GP: absence of the carrier frequency; absence of the modulation simultaneously; the percentage modulation of the navigation signal reduced to 0.
062.02.05.02.06,062,Radio Navigation,MED,N,,3,agent_tasklist.md,0,DRAFT_DONE,Interpret the indications on a CDI and an HSI: full-scale deflection of the CDI needle corresponds to approximately 2.5 degrees displacement from the ILS centre line; full-scale deflection on the GP corresponds to approximately 0.7 degrees from the ILS GP centre line.
062.02.05.02.07,062,Radio Navigation,MED,N,,3,agent_tasklist.md,0,DRAFT_DONE,Interpret the aircraft’s position in relation to the extended runway centre line on a back-beam approach.
062.02.05.02.08,062,Radio Navigation,MED,N,,3,agent_tasklist.md,0,DRAFT_DONE,Explain the setting of the course pointer of an HSI and the course selector of an omnibearing indicator (OBI) for front-beam and back-beam approaches.
062.02.05.03.01,062,Radio Navigation,MED,N,,3,agent_tasklist.md,0,DRAFT_DONE,"Sketch the standard coverage area of the LOC and GP with angular sector limits in degrees and distance limits from the transmitter: LOC coverage area is 10 degrees on either side of the centre line to a distance of 25 NM from the runway, and 35 degrees on either side of the centre line to a distance of 17 NM from the runway; GP coverage area is 8 degrees on either side of the centre line to a distance of minimum 10 NM from the runway."
062.02.05.04.01,062,Radio Navigation,MED,N,,3,agent_tasklist.md,0,DRAFT_DONE,Explain that ILS approaches are divided into facility performance categories defined in ICAO Annex 10.
062.02.05.04.02,062,Radio Navigation,MED,N,,3,agent_tasklist.md,0,DRAFT_DONE,Define the following ILS operation categories: Category I; Category II; Category IIIA; Category IIIB; Category IIIC.
062.02.05.04.03,062,Radio Navigation,MED,N,,3,agent_tasklist.md,0,DRAFT_DONE,"Explain that all Category III ILS operations guidance information is provided from the coverage limits of the facility to, and along, the surface of the runway."
062.02.05.04.04,062,Radio Navigation,MED,N,,3,agent_tasklist.md,0,DRAFT_DONE,"Explain why the accuracy requirements are progressively higher for CAT I, CAT II and CAT III ILS."
062.02.05.04.05,062,Radio Navigation,MED,N,,3,agent_tasklist.md,0,DRAFT_DONE,Explain the following in accordance with ICAO Doc 8168: the accuracy the pilot has to fly the ILS LOC to be considered established on an ILS track is within the half-full scale deflection of the required track; the aircraft has to be established within the half-scale deflection of the LOC before starting descent on the GP; the pilot has to fly the ILS GP to a maximum of half-scale fly-up deflection of the GP in order to stay in protected airspace.
062.02.05.04.06,062,Radio Navigation,MED,N,,3,agent_tasklist.md,0,DRAFT_DONE,"State that if a pilot deviates by more than half-course deflection on the LOC or by more than half-dot deflection on the GP, an immediate go-around should be executed because obstacle clearance may no longer be guaranteed."
062.02.05.04.07,062,Radio Navigation,MED,N,,3,agent_tasklist.md,0,DRAFT_DONE,Describe ILS beam bends as deviations from the nominal LOC and GP respectively which can be assessed by flight test.
062.02.05.04.08,062,Radio Navigation,MED,N,,3,agent_tasklist.md,0,DRAFT_DONE,Explain that multipath interference is caused by reflections from objects within the ILS coverage area.
062.02.05.05.01,062,Radio Navigation,MED,N,,3,agent_tasklist.md,0,DRAFT_DONE,"Define the ‘ILS-critical area’: an area of defined dimensions around the LOC and GP antennas where vehicles, including aircraft, are excluded during all ILS operations."
062.02.05.05.02,062,Radio Navigation,MED,N,,3,agent_tasklist.md,0,DRAFT_DONE,"Define the ‘ILS-sensitive area’: an area extending beyond the ILS-critical area where the parking or movement of vehicles, including aircraft, is controlled to prevent the possibility of unacceptable interference to the ILS signal during ILS operations."
062.02.06.01.01,062,Radio Navigation,MED,N,,3,agent_tasklist.md,0,DRAFT_DONE,Explain the principle of operation: horizontal course guidance during the approach; vertical guidance during the approach; horizontal guidance for departure and missed approach; DME (DME/P) distance; transmission of special information regarding the system and the approach conditions.
062.02.06.01.02,062,Radio Navigation,MED,N,,3,agent_tasklist.md,0,DRAFT_DONE,"State that MLS operates in the SHF band on any one of 200 channels, on assigned frequencies."
062.02.06.01.03,062,Radio Navigation,MED,N,,3,agent_tasklist.md,0,DRAFT_DONE,"Explain the reason why MLS can be installed at aerodromes where, as a result of the effects of surrounding buildings or terrain, ILS siting is difficult."
062.02.06.02.01,062,Radio Navigation,MED,N,,3,agent_tasklist.md,0,DRAFT_DONE,"Interpret the display of airborne equipment designed to continuously show the position of the aircraft in relation to a preselected course and glide path, along with distance information, during approach and departure."
062.02.06.02.02,062,Radio Navigation,MED,N,,3,agent_tasklist.md,0,DRAFT_DONE,Explain that segmented approaches can be carried out with a presentation with two cross bars directed by a computer which has been programmed with the approach to be flown.
062.02.06.02.03,062,Radio Navigation,MED,N,,3,agent_tasklist.md,0,DRAFT_DONE,Illustrate that segmented and curved approaches can only be executed with DME/P installed.
062.02.06.02.04,062,Radio Navigation,MED,N,,3,agent_tasklist.md,0,DRAFT_DONE,"Explain why aircraft are equipped with a multimode receiver (MMR) in order to be able to receive ILS, MLS and GPS."
062.02.06.02.05,062,Radio Navigation,MED,N,,3,agent_tasklist.md,0,DRAFT_DONE,Explain why MLS without DME/P gives an ILS lookalike straight-line approach.
062.02.06.03.01,062,Radio Navigation,MED,N,,3,agent_tasklist.md,0,DRAFT_DONE,Describe the coverage area for the approach direction as being within a sector of plus/minus 40 degrees of the centre line out to a range of 20 NM from the threshold (according to ICAO Annex 10).
062.03.01.01.01,062,Radio Navigation,MED,N,,3,agent_tasklist.md,0,DRAFT_DONE,"Name the different applications of radar with respect to air traffic control (ATC), weather observations, and airborne weather radar (AWR)."
062.03.01.01.02,062,Radio Navigation,LOW,Y,,3,agent_tasklist.md,0,DRAFT_DONE,Describe the pulse technique and echo principle on which primary radar systems are based.
062.03.01.01.03,062,Radio Navigation,LOW,Y,,3,agent_tasklist.md,0,DRAFT_DONE,"State that the range of a radar depends on pulse repetition frequency (PRF), pulse length, pulse power, height of aircraft, height of antenna and frequency used."
062.03.02.01.01,062,Radio Navigation,MED,N,,3,agent_tasklist.md,0,DRAFT_DONE,Explain that primary radar provides bearing and distance of targets.
062.03.02.01.02,062,Radio Navigation,LOW,Y,,3,agent_tasklist.md,0,DRAFT_DONE,Explain that primary ground radar is used to detect aircraft that are not equipped with a secondary radar transponder.
062.03.02.02.01,062,Radio Navigation,MED,N,,3,agent_tasklist.md,0,DRAFT_DONE,State that modern ATC systems use inputs from various sensors to generate the display.
062.03.03.01.01,062,Radio Navigation,MED,N,,3,agent_tasklist.md,0,DRAFT_DONE,List the two main tasks of the weather radar in respect of weather and navigation.
062.03.03.01.02,062,Radio Navigation,MED,N,,3,agent_tasklist.md,0,DRAFT_DONE,State that modern weather radars employ frequencies that give wavelengths of about 3 cm that reflect best on wet hailstones.
062.03.03.01.03,062,Radio Navigation,LOW,Y,,3,agent_tasklist.md,0,DRAFT_DONE,State that the antenna is stabilised in the horizontal plane with signals from the aircraft’s attitude reference system.
062.03.03.01.04,062,Radio Navigation,LOW,Y,,3,agent_tasklist.md,0,DRAFT_DONE,Describe the cone-shaped pencil beam of about 3 to 5 degrees beam width used for weather detection.
062.03.03.02.01,062,Radio Navigation,MED,N,,3,agent_tasklist.md,0,DRAFT_DONE,"Explain the functions of the following different controls on the radar control panel: off/on switch; function switch with WX, WX plus T and MAP modes; gain-control setting (auto/manual); tilt/autotilt switch."
062.03.03.02.02,062,Radio Navigation,MED,N,,3,agent_tasklist.md,0,DRAFT_DONE,"Name, for areas of differing reflection intensity, the colour gradations (green, yellow, red and magenta) indicating the increasing intensity of precipitation."
062.03.03.02.03,062,Radio Navigation,LOW,Y,,3,agent_tasklist.md,0,DRAFT_DONE,State the use of azimuth-marker lines and range lines in respect of the relative bearing and the distance to a thunderstorm on the screen.
062.03.03.03.01,062,Radio Navigation,MED,N,,3,agent_tasklist.md,0,DRAFT_DONE,"Explain how the radar is used for weather detection and for mapping (range, tilt and gain, if available)."
062.03.03.04.01,062,Radio Navigation,MED,N,,3,agent_tasklist.md,0,DRAFT_DONE,Explain why AWR should be used with extreme caution when on the ground.
062.03.03.05.01,062,Radio Navigation,MED,N,,3,agent_tasklist.md,0,DRAFT_DONE,Explain the danger of the area behind heavy rain (shadow area) where no radar waves will penetrate.
062.03.03.05.02,062,Radio Navigation,MED,N,,3,agent_tasklist.md,0,DRAFT_DONE,Describe appropriate tilt settings in relation to altitude and thunderstorms.
062.03.03.05.03,062,Radio Navigation,MED,N,,3,agent_tasklist.md,0,DRAFT_DONE,Explain why a thunderstorm may not be detected when the tilt is set too high.
062.03.03.06.01,062,Radio Navigation,MED,N,,3,agent_tasklist.md,0,DRAFT_DONE,Describe the navigation function of the radar in the mapping mode.
062.03.03.06.02,062,Radio Navigation,MED,N,,3,agent_tasklist.md,0,DRAFT_DONE,Describe the use of the weather radar to avoid a thunderstorm (Cb).
062.03.03.06.03,062,Radio Navigation,MED,N,,3,agent_tasklist.md,0,DRAFT_DONE,Explain how turbulence (not CAT) can be detected by a modern weather radar.
062.03.03.06.04,062,Radio Navigation,MED,N,,3,agent_tasklist.md,0,DRAFT_DONE,Explain how wind shear can be detected by a modern weather radar.
062.03.04.01.01,062,Radio Navigation,MED,N,,3,agent_tasklist.md,0,DRAFT_DONE,State that the ATC system is based on the replies provided by the airborne transponders in response to interrogations from the ATC secondary radar.
062.03.04.01.02,062,Radio Navigation,LOW,Y,,3,agent_tasklist.md,0,DRAFT_DONE,State that the ground ATC secondary radar uses techniques which provide the ATC with information that cannot be acquired by the primary radar.
062.03.04.01.03,062,Radio Navigation,LOW,Y,,3,agent_tasklist.md,0,DRAFT_DONE,State that an airborne transponder provides coded-reply signals in response to interrogation signals from the ground secondary radar and from aircraft equipped with traffic alert and collision avoidance system (TCAS).
062.03.04.01.04,062,Radio Navigation,MED,N,,3,agent_tasklist.md,0,DRAFT_DONE,State the advantages of secondary surveillance radar (SSR) over a primary radar regarding range and collected information due to transponder principal information and active participation of the aircraft.
062.03.04.02.01,062,Radio Navigation,LOW,Y,,3,agent_tasklist.md,0,DRAFT_DONE,State that the interrogator transmits its interrogations in the form of a series of pulse pairs.
062.03.04.02.02,062,Radio Navigation,MED,N,,3,agent_tasklist.md,0,DRAFT_DONE,Name the interrogation modes: Mode A; Mode C; Mode S.
062.03.04.02.03,062,Radio Navigation,MED,N,,3,agent_tasklist.md,0,DRAFT_DONE,State that the interrogation frequency and the reply frequency are different.
062.03.04.02.04,062,Radio Navigation,MED,N,,3,agent_tasklist.md,0,DRAFT_DONE,Explain that the decoding of the time interval between the pulse pairs determines the operating mode of the transponder: Mode A: transmission of aircraft transponder code; Mode C: transmission of aircraft pressure altitude; Mode S: selection of aircraft address and transmission of flight data for the ground surveillance.
062.03.04.02.05,062,Radio Navigation,MED,N,,3,agent_tasklist.md,0,DRAFT_DONE,State that Mode A designation is a sequence of four digits which can be manually selected from 4 096 available codes.
062.03.04.02.06,062,Radio Navigation,MED,N,,3,agent_tasklist.md,0,DRAFT_DONE,"State that in Mode C reply, the pressure altitude is reported in 100-ft increments."
062.03.04.02.07,062,Radio Navigation,MED,N,,3,agent_tasklist.md,0,DRAFT_DONE,"State that in addition to the information provided, on request from ATC, a special position identification (SPI) pulse can be transmitted but only as a result of a manual selection by the pilot (IDENT button)."
062.03.04.02.08,062,Radio Navigation,LOW,Y,,3,agent_tasklist.md,0,DRAFT_DONE,State the need for compatibility of Mode S with Mode A and C.
062.03.04.02.09,062,Radio Navigation,MED,N,,3,agent_tasklist.md,0,DRAFT_DONE,Explain that Mode S transponders receive interrogations from TCAS and SSR ground stations.
062.03.04.02.10,062,Radio Navigation,LOW,Y,,3,agent_tasklist.md,0,DRAFT_DONE,"State that Mode S interrogation contains either the aircraft address, selective call or all-call address."
062.03.04.02.11,062,Radio Navigation,MED,N,,3,agent_tasklist.md,0,DRAFT_DONE,"State that every aircraft is allocated an ICAO aircraft address, which is hard-coded into the Mode S transponder (Mode S address)."
062.03.04.02.12,062,Radio Navigation,MED,N,,3,agent_tasklist.md,0,DRAFT_DONE,"Explain that a 24-bit address is used in all Mode S transmissions, so that every interrogation can be directed to a specific aircraft."
062.03.04.02.13,062,Radio Navigation,MED,N,,3,agent_tasklist.md,0,DRAFT_DONE,"State that Mode S can provide enhanced vertical tracking, using a 25-ft altitude increment."
062.03.04.02.14,062,Radio Navigation,MED,N,,3,agent_tasklist.md,0,DRAFT_DONE,State that SSR can be used for automatic dependent surveillance - broadcast (ADS-B).
062.03.04.03.01,062,Radio Navigation,MED,N,,3,agent_tasklist.md,0,DRAFT_DONE,State that an aircraft can be identified by a unique code.
062.03.04.03.02,062,Radio Navigation,MED,N,,3,agent_tasklist.md,0,DRAFT_DONE,State which information can be presented on the ATC display system: pressure altitude; flight level; flight number or aircraft registration number; GS.
062.03.04.03.03,062,Radio Navigation,LOW,Y,,3,agent_tasklist.md,0,DRAFT_DONE,"Explain the use and function of the selector modes: OFF, Standby, ON (Mode A), ALT (Mode A, C and S), TEST, and of the reply lamp."
062.06.01.01.01,062,Radio Navigation,MED,N,,3,agent_tasklist.md,0,DRAFT_DONE,State that there are four main GNSSs. These are: USA NAVigation System with Timing And Ranging Global Positioning System (NAVSTAR GPS); Russian GLObal NAvigation Satellite System (GLONASS); European Galileo (under construction); Chinese BeiDou (under construction).
062.06.01.01.02,062,Radio Navigation,LOW,Y,,3,agent_tasklist.md,0,DRAFT_DONE,State that all four systems (will) consist of a constellation of satellites which can be used by a suitably equipped receiver to determine position.
062.06.01.02.01,062,Radio Navigation,MED,N,,3,agent_tasklist.md,0,DRAFT_DONE,"State that there are currently two modes of operation: standard positioning service (SPS) for civilian users, and precise positioning service (PPS) for authorised users."
062.06.01.02.02,062,Radio Navigation,MED,N,,3,agent_tasklist.md,0,DRAFT_DONE,SPS was originally designed to provide civilian users with a less accurate positioning capability than PPS.
062.06.01.02.03,062,Radio Navigation,LOW,Y,,3,agent_tasklist.md,0,DRAFT_DONE,Name the three GNSS segments as follows: space segment; control segment; user segment.
062.06.01.02.04,062,Radio Navigation,MED,N,,3,agent_tasklist.md,0,DRAFT_DONE,State that each satellite broadcasts ranging signals on two UHF frequencies: L1 and L2.
062.06.01.02.05,062,Radio Navigation,MED,N,,3,agent_tasklist.md,0,DRAFT_DONE,State that SPS is a positioning and timing service provided on frequency L1.
062.06.01.02.06,062,Radio Navigation,MED,N,,3,agent_tasklist.md,0,DRAFT_DONE,State that PPS uses both frequencies L1 and L2.
062.06.01.02.07,062,Radio Navigation,LOW,Y,,3,agent_tasklist.md,0,DRAFT_DONE,"State that the satellites transmit a coded signal used for ranging, identification (satellite individual PRN code), timing and navigation."
062.06.01.02.08,062,Radio Navigation,LOW,Y,,3,agent_tasklist.md,0,DRAFT_DONE,State that the navigation message contains: satellite clock correction parameters; Universal Time Coordinated (UTC) parameters; an ionospheric model; satellite health data.
062.06.01.02.09,062,Radio Navigation,LOW,Y,,3,agent_tasklist.md,0,DRAFT_DONE,State that an ionospheric model is used to calculate the time delay of the signal travelling through the ionosphere.
062.06.01.02.10,062,Radio Navigation,LOW,Y,,3,agent_tasklist.md,0,DRAFT_DONE,"State that two codes are transmitted on the L1 frequency, namely a coarse acquisition (C/A) code and a precision (P) code. The P code is not used for standard positioning service (SPS)."
062.06.01.02.11,062,Radio Navigation,LOW,Y,,3,agent_tasklist.md,0,DRAFT_DONE,State that satellites are equipped with atomic clocks which allow the system to keep very accurate time reference.
062.06.01.02.12,062,Radio Navigation,LOW,Y,,3,agent_tasklist.md,0,DRAFT_DONE,State that the control segment comprises: a master control station; a ground antenna; monitoring stations.
062.06.01.02.13,062,Radio Navigation,LOW,Y,,3,agent_tasklist.md,0,DRAFT_DONE,State that the control segment provides: monitoring of the constellation status; correction of orbital parameters; navigation data uploading.
062.06.01.02.14,062,Radio Navigation,LOW,Y,,3,agent_tasklist.md,0,DRAFT_DONE,"State that GNSS supplies three-dimensional position fixes and speed data, plus a precise time reference."
062.06.01.02.15,062,Radio Navigation,LOW,Y,,3,agent_tasklist.md,0,DRAFT_DONE,State that a GNSS receiver is able to determine the distance to a satellite by determining the difference between the time of transmission by the satellite and the time of reception.
062.06.01.02.16,062,Radio Navigation,LOW,Y,,3,agent_tasklist.md,0,DRAFT_DONE,State that the initial distance calculated to the satellites is called pseudo-range because the difference between the GNSS receiver and the satellite time references initially creates an erroneous range.
062.06.01.02.17,062,Radio Navigation,LOW,Y,,3,agent_tasklist.md,0,DRAFT_DONE,State that each range defines a sphere with its centre at the satellite.
062.06.01.02.18,062,Radio Navigation,LOW,Y,,3,agent_tasklist.md,0,DRAFT_DONE,"State that there are four unknown parameters (x, y, z and Delta t) (receiver clock error) which require the measurement of ranges to four different satellites in order to get the position."
062.06.01.02.19,062,Radio Navigation,LOW,Y,,3,agent_tasklist.md,0,DRAFT_DONE,State that the GNSS receiver is able to synchronise to the correct time reference when receiving four satellites.
062.06.01.02.20,062,Radio Navigation,LOW,Y,,3,agent_tasklist.md,0,DRAFT_DONE,State that the receiver is able to calculate aircraft ground speed using the space vehicle (SV) Doppler frequency shift or the change in receiver position over time.
062.06.01.02.21,062,Radio Navigation,MED,N,,3,agent_tasklist.md,0,DRAFT_DONE,Define ‘receiver autonomous integrity monitoring (RAIM)’ as a technique that ensures the integrity of the provided data by redundant measurements.
062.06.01.02.22,062,Radio Navigation,MED,N,,3,agent_tasklist.md,0,DRAFT_DONE,State that RAIM is achieved by consistency checks among range measurements.
062.06.01.02.23,062,Radio Navigation,MED,N,,3,agent_tasklist.md,0,DRAFT_DONE,State that basic RAIM requires five satellites. A sixth one is for isolating a faulty satellite from the navigation solution.
062.06.01.02.24,062,Radio Navigation,MED,N,,3,agent_tasklist.md,0,DRAFT_DONE,State that agreements have been concluded between the appropriate agencies for the compatibility and interoperability by any approved user of NAVSTAR and GLONASS systems.
062.06.01.02.25,062,Radio Navigation,LOW,Y,,3,agent_tasklist.md,0,DRAFT_DONE,"State that the different GNSSs use different data with respect to reference systems, orbital data, and navigation services."
062.06.01.03.01,062,Radio Navigation,MED,N,,3,agent_tasklist.md,0,DRAFT_DONE,List the most significant factors that affect accuracy: ionospheric propagation delay; dilution of precision; satellite clock error; satellite orbital variations; multipath.
062.06.01.03.02,062,Radio Navigation,MED,N,,3,agent_tasklist.md,0,DRAFT_DONE,State that a user equivalent range error (UERE) can be computed from all these factors.
062.06.01.03.03,062,Radio Navigation,LOW,Y,,3,agent_tasklist.md,0,DRAFT_DONE,"State that the error from the ionospheric propagation delay (IPD) can be reduced by modelling, using a model of the ionosphere, or can almost be eliminated by using two frequencies."
062.06.01.03.04,062,Radio Navigation,LOW,Y,,3,agent_tasklist.md,0,DRAFT_DONE,State that ionospheric delay is the most significant error.
062.06.01.03.05,062,Radio Navigation,MED,N,,3,agent_tasklist.md,0,DRAFT_DONE,State that dilution of precision arises from the geometry and number of satellites in view. It is called geometric dilution of precision (GDOP).
062.06.01.03.06,062,Radio Navigation,MED,N,,3,agent_tasklist.md,0,DRAFT_DONE,State that the UERE in combination with the geometric dilution of precision (GDOP) allows for an estimation of position accuracy.
062.06.01.03.07,062,Radio Navigation,LOW,Y,,3,agent_tasklist.md,0,DRAFT_DONE,State that errors in the satellite orbits are due to: solar winds; gravitation of the Sun and the Moon.
062.06.02.01.01,062,Radio Navigation,MED,N,,3,agent_tasklist.md,0,DRAFT_DONE,Explain the principle of a GBAS: to measure on the ground the errors in the signals transmitted by GNSS satellites and relay the measured errors to the user for correction.
062.06.02.01.02,062,Radio Navigation,LOW,Y,,3,agent_tasklist.md,0,DRAFT_DONE,State that the ICAO GBAS standard is based on this technique through the use of a data link in the VHF band of ILS-VOR systems (108-118 MHz).
062.06.02.01.03,062,Radio Navigation,MED,N,,3,agent_tasklist.md,0,DRAFT_DONE,State that for a GBAS station the coverage is about 20 NM.
062.06.02.01.04,062,Radio Navigation,MED,N,,3,agent_tasklist.md,0,DRAFT_DONE,"State that GBAS provides information for guidance in the terminal area, and for three-dimensional guidance in the final approach segment (FAS) by transmitting the FAS data block."
062.06.02.01.05,062,Radio Navigation,MED,N,,3,agent_tasklist.md,0,DRAFT_DONE,"State that one ground station can support all the aircraft subsystems within its coverage providing the aircraft with approach data, corrections and integrity information for GNSS satellites in view via a VHF data broadcast (VDB)."
062.06.02.01.06,062,Radio Navigation,LOW,Y,,3,agent_tasklist.md,0,DRAFT_DONE,"State that the minimum software designed coverage area is 10 degrees on either side of the final approach path to a distance between 15 and 20 NM, and 35 degrees on either side of the final approach path up to a distance of 15 NM."
062.06.02.01.07,062,Radio Navigation,MED,N,,3,agent_tasklist.md,0,DRAFT_DONE,State that outside this area the FAS data of GBAS is not used.
062.06.02.01.08,062,Radio Navigation,LOW,Y,,3,agent_tasklist.md,0,DRAFT_DONE,State that GBAS based on GPS is sometimes called local area augmentation system (LAAS).
062.06.02.01.09,062,Radio Navigation,MED,N,,3,agent_tasklist.md,0,DRAFT_DONE,State that a GBAS-based approach is called GLS approach (GLS-GNSS landing system).
062.06.02.02.01,062,Radio Navigation,LOW,Y,,3,agent_tasklist.md,0,DRAFT_DONE,Explain the principle of an SBAS: to measure on the ground the errors in the signals received from the satellites and transmit differential corrections and integrity messages for navigation satellites.
062.06.02.02.02,062,Radio Navigation,LOW,Y,,3,agent_tasklist.md,0,DRAFT_DONE,State that the frequency band of the data link is identical to that of the GPS signals.
062.06.02.02.03,062,Radio Navigation,LOW,Y,,3,agent_tasklist.md,0,DRAFT_DONE,Explain that the use of geostationary satellites enables messages to be broadcast over very wide areas.
062.06.02.02.04,062,Radio Navigation,LOW,Y,,3,agent_tasklist.md,0,DRAFT_DONE,"State that pseudo-range measurements to these geostationary satellites can also be made, as if they were GPS satellites."
062.06.02.02.05,062,Radio Navigation,LOW,Y,,3,agent_tasklist.md,0,DRAFT_DONE,State that SBAS consists of two elements: ground infrastructure (monitoring and processing stations); communication satellites.
062.06.02.02.06,062,Radio Navigation,MED,N,,3,agent_tasklist.md,0,DRAFT_DONE,State that SBAS allows the implementation of three-dimensional Type A and Type B approaches.
062.06.02.02.07,062,Radio Navigation,LOW,Y,,3,agent_tasklist.md,0,DRAFT_DONE,State the following examples of SBAS: European Geostationary Navigation Overlay Service (EGNOS) in western Europe and the Mediterranean; wide area augmentation system (WAAS) in the USA; multi-functional transport satellite (MTSAT)-based augmentation system (MSAS) in Japan; GPS and geostationary earth orbit augmented navigation (GAGAN) in India.
062.06.02.02.08,062,Radio Navigation,LOW,Y,,3,agent_tasklist.md,0,DRAFT_DONE,State that SBAS is designed to significantly improve accuracy and integrity.
062.06.02.02.09,062,Radio Navigation,MED,N,,3,agent_tasklist.md,0,DRAFT_DONE,Explain that integrity and safety are improved by alerting SBAS users within 6 seconds if a GPS malfunction occurs.
062.06.02.04.01,062,Radio Navigation,MED,N,,3,agent_tasklist.md,0,DRAFT_DONE,Explain the principle of ABAS: to use redundant elements within the GPS constellation (e.g. multiplicity of distance measurements to various satellites) or the combination of GNSS measurements with those of other navigation sensors (such as inertial systems) in order to develop integrity control.
062.06.02.04.02,062,Radio Navigation,MED,N,,3,agent_tasklist.md,0,DRAFT_DONE,State that the type of ABAS using only GNSS information is named receiver autonomous integrity monitoring (RAIM).
062.06.02.04.03,062,Radio Navigation,MED,N,,3,agent_tasklist.md,0,DRAFT_DONE,State that a system using information from additional onboard sensors is named aircraft autonomous integrity monitoring (AAIM).
062.06.02.04.04,062,Radio Navigation,MED,N,,3,agent_tasklist.md,0,DRAFT_DONE,Explain that the typical sensors used are barometric altimeter and inertial reference system (IRS).
062.07.01.01.01,062,Radio Navigation,MED,N,,3,agent_tasklist.md,0,DRAFT_DONE,"List the factors used to define area navigation (RNAV) or required navigation performance (RNP) system performance requirements (accuracy, integrity and continuity)."
062.07.01.01.02,062,Radio Navigation,LOW,Y,,3,agent_tasklist.md,0,DRAFT_DONE,State that these RNAV and RNP systems are necessary to optimise the utilisation of available airspace.
062.07.01.01.03,062,Radio Navigation,MED,N,,3,agent_tasklist.md,0,DRAFT_DONE,State that it is necessary for flight crew and air traffic controllers to be aware of the on-board RNAV or RNP system capabilities in order to determine whether the performance of the RNAV or RNP system is appropriate for the specific airspace requirements.
062.07.01.01.04,062,Radio Navigation,MED,N,,3,agent_tasklist.md,0,DRAFT_DONE,Define accuracy as the conformance of the true position and the required position.
062.07.01.01.05,062,Radio Navigation,MED,N,,3,agent_tasklist.md,0,DRAFT_DONE,Define continuity as the capability of the system to perform its function without unscheduled interruptions during the intended operation.
062.07.01.01.06,062,Radio Navigation,MED,N,,3,agent_tasklist.md,0,DRAFT_DONE,Define integrity as a measure of the trust that can be placed in the correctness of the information supplied by the total system. Integrity includes the ability of a system to provide timely and valid alerts to the user.
062.07.01.01.07,062,Radio Navigation,MED,N,,3,agent_tasklist.md,0,DRAFT_DONE,"State that, unlike conventional navigation, PBN is not sensor-specific."
062.07.01.01.08,062,Radio Navigation,MED,N,,3,agent_tasklist.md,0,DRAFT_DONE,Explain the difference between raw data and computed data.
062.07.01.01.09,062,Radio Navigation,MED,N,,3,agent_tasklist.md,0,DRAFT_DONE,Define availability as the percentage of time (annually) during which the system is available for use.
062.07.01.02.01,062,Radio Navigation,MED,N,,3,agent_tasklist.md,0,DRAFT_DONE,"List the components of PBN as navigational aid (NAVAID) infrastructure, navigation specification and navigation application."
062.07.01.03.01,062,Radio Navigation,MED,N,,3,agent_tasklist.md,0,DRAFT_DONE,"State that in oceanic/remote, en-route and terminal phases of flight, PBN is limited to operations with linear lateral performance requirements and time constraints."
062.07.01.03.02,062,Radio Navigation,MED,N,,3,agent_tasklist.md,0,DRAFT_DONE,"State that in the approach phases of flight, PBN accommodates both linear and angular laterally guided operations, and explain the difference between the two."
062.07.02.01.01,062,Radio Navigation,MED,N,,3,agent_tasklist.md,0,DRAFT_DONE,State the difference between RNAV and RNP in terms of the requirement for on-board performance monitoring and alerting.
062.07.02.02.01,062,Radio Navigation,LOW,Y,,3,agent_tasklist.md,0,DRAFT_DONE,"List the basic functional requirements of the RNAV and RNP specifications (continuous indication of lateral deviation, distance/bearing to active waypoint, GS or time to active waypoint, navigation data storage and failure indication)."
062.07.02.03.01,062,Radio Navigation,MED,N,,3,agent_tasklist.md,0,DRAFT_DONE,"Interpret X in RNAV X or RNP X as the lateral navigation (LNAV) accuracy (total system error) in nautical miles, which is expected to be achieved at least 95 per cent of the flight time by the population of aircraft operating within the given airspace, route or procedure."
062.07.02.03.02,062,Radio Navigation,MED,N,,3,agent_tasklist.md,0,DRAFT_DONE,State that aircraft approved to the more stringent accuracy requirements may not necessarily meet some of the functional requirements of the navigation specification that has a less stringent accuracy requirement.
062.07.02.03.03,062,Radio Navigation,MED,N,,3,agent_tasklist.md,0,DRAFT_DONE,State that RNAV 10 and RNP 4 are used in the oceanic/remote phase of flight.
062.07.02.03.04,062,Radio Navigation,MED,N,,3,agent_tasklist.md,0,DRAFT_DONE,State that RNAV 5 is used in the en-route and arrival phases of flight.
062.07.02.03.05,062,Radio Navigation,MED,N,,3,agent_tasklist.md,0,DRAFT_DONE,State that RNAV 2 and RNP 2 are also used as navigation specifications.
062.07.02.03.06,062,Radio Navigation,MED,N,,3,agent_tasklist.md,0,DRAFT_DONE,State that RNP 2 is used in the en-route and oceanic/remote phases of flight.
062.07.02.03.07,062,Radio Navigation,MED,N,,3,agent_tasklist.md,0,DRAFT_DONE,"State that RNAV 2 might be used in the en-route continental, arrival and departure phases of flight."
062.07.02.03.08,062,Radio Navigation,MED,N,,3,agent_tasklist.md,0,DRAFT_DONE,State that RNAV 1 and RNP 1 are used in the arrival and departure phases of flight.
062.07.02.03.09,062,Radio Navigation,MED,N,,3,agent_tasklist.md,0,DRAFT_DONE,State that required navigation performance approach (RNP APCH) is used in the approach phase of flight.
062.07.02.03.10,062,Radio Navigation,MED,N,,3,agent_tasklist.md,0,DRAFT_DONE,State that required navigation performance authorisation required approach (RNP AR APCH) is used in the approach phase of flight.
062.07.02.03.11,062,Radio Navigation,MED,N,,3,agent_tasklist.md,0,DRAFT_DONE,"State that RNP 0.3 navigation specification is used in all phases of flight except for oceanic/remote and final approach, primarily for helicopters."
062.07.02.03.12,062,Radio Navigation,MED,N,,3,agent_tasklist.md,0,DRAFT_DONE,"State that RNAV 1, RNP 1 and RNP 0.3 may also be used in en-route phases of low-level instrument flight rule (IFR) helicopter flights."
062.07.03.03.01,062,Radio Navigation,MED,N,,3,agent_tasklist.md,0,DRAFT_DONE,Recognise the definition of radius to fix (RF) leg.
062.07.03.03.02,062,Radio Navigation,MED,N,,3,agent_tasklist.md,0,DRAFT_DONE,Recognise the definition of a fixed radius transition (FRT).
062.07.03.03.03,062,Radio Navigation,MED,N,,3,agent_tasklist.md,0,DRAFT_DONE,State the importance of respecting the flight director guidance and the speed constraints associated with an RF procedure.
062.07.03.03.04,062,Radio Navigation,MED,N,,3,agent_tasklist.md,0,DRAFT_DONE,Explain the difference between a fly-by-turn and a fly-over.
062.07.03.03.05,062,Radio Navigation,MED,N,,3,agent_tasklist.md,0,DRAFT_DONE,"State that the Aeronautical Radio, Incorporated (ARINC) 424 path terminators set the standards for coding the SIDs, STARs and instrument approach procedures (IAPs) from the official published government source documentation into the ARINC navigation database format."
062.07.03.03.06,062,Radio Navigation,MED,N,,3,agent_tasklist.md,0,DRAFT_DONE,State that the path terminators define a specific type of termination of the previous flight path.
062.07.03.03.07,062,Radio Navigation,MED,N,,3,agent_tasklist.md,0,DRAFT_DONE,Define the term ‘offset flight path’.
062.07.04.01.01,062,Radio Navigation,MED,N,,3,agent_tasklist.md,0,DRAFT_DONE,Define ‘path definition error’ (PDE).
062.07.04.01.02,062,Radio Navigation,MED,N,,3,agent_tasklist.md,0,DRAFT_DONE,"Define ‘flight technical error’ (FTE) and state that the FTE is the error in following the prescribed path, either by the auto-flight system or by the pilot."
062.07.04.01.03,062,Radio Navigation,MED,N,,3,agent_tasklist.md,0,DRAFT_DONE,Define ‘navigation system error’ (NSE) and state that the accuracy of a navigation system may be referred to as NSE.
062.07.04.01.04,062,Radio Navigation,MED,N,,3,agent_tasklist.md,0,DRAFT_DONE,"Define ‘total system error’ (TSE) and state that the geometric sum of the PDE, FTE and NSE equals the TSE."
062.07.04.01.05,062,Radio Navigation,MED,N,,3,agent_tasklist.md,0,DRAFT_DONE,State that navigation accuracy depends on the TSE.
062.07.04.02.01,062,Radio Navigation,MED,N,,3,agent_tasklist.md,0,DRAFT_DONE,State that on-board performance monitoring and alerting of flight technical errors is managed by on-board systems or flight crew procedures.
062.07.04.02.02,062,Radio Navigation,MED,N,,3,agent_tasklist.md,0,DRAFT_DONE,State that on-board performance monitoring and alerting of navigation system errors is a requirement of on-board equipment for RNP.
062.07.04.02.03,062,Radio Navigation,MED,N,,3,agent_tasklist.md,0,DRAFT_DONE,"State that, dependent on the navigation sensor, the estimated position error (EPE) is compared with the required navigation specification."
062.07.04.02.04,062,Radio Navigation,MED,N,,3,agent_tasklist.md,0,DRAFT_DONE,Explain how a navigation system assesses the EPE.
062.07.04.02.05,062,Radio Navigation,MED,N,,3,agent_tasklist.md,0,DRAFT_DONE,Give an example of how the loss of the ability to operate in RNP airspace may be indicated by the navigation system.
062.07.04.02.06,062,Radio Navigation,MED,N,,3,agent_tasklist.md,0,DRAFT_DONE,State that on-board performance monitoring and alerting of path definition error is managed by gross reasonableness checks of navigation data.
062.07.04.03.01,062,Radio Navigation,MED,N,,3,agent_tasklist.md,0,DRAFT_DONE,State that abnormal and contingency procedures are to be used in case of loss of the PBN capability.
062.07.04.04.01,062,Radio Navigation,MED,N,,3,agent_tasklist.md,0,DRAFT_DONE,"State that, unless otherwise specified in the operations documentation or acceptable means of compliance (AMCs), the navigational database must be valid for the current aeronautical information regulation and control (AIRAC) cycle."
062.07.05.01.01,062,Radio Navigation,MED,N,,3,agent_tasklist.md,0,DRAFT_DONE,"State that RNAV 10 requires that aircraft operating in oceanic and remote areas be equipped with at least two independent and serviceable long-range navigation systems (LRNSs) comprising an INS, an inertial reference system (IRS)/flight management system (FMS) or a GNSS."
062.07.05.01.02,062,Radio Navigation,MED,N,,3,agent_tasklist.md,0,DRAFT_DONE,State that operators may extend their RNAV 10 navigation capability time by updating.
062.07.05.02.01,062,Radio Navigation,MED,N,,3,agent_tasklist.md,0,DRAFT_DONE,State that manual data entry is acceptable for RNAV 5.
062.07.05.03.01,062,Radio Navigation,MED,N,,3,agent_tasklist.md,0,DRAFT_DONE,"State that pilots must not fly an RNAV 1, RNAV 2, RNP 1 or RNP 2 standard instrument departure (SID) or standard instrument arrival (STAR) unless it is retrievable by route name from the on-board navigation database and conforms to the charted route."
062.07.05.03.02,062,Radio Navigation,MED,N,,3,agent_tasklist.md,0,DRAFT_DONE,State that the route may subsequently be modified through the insertion (from the database) or deletion of specific waypoints in response to ATC clearances.
062.07.05.03.03,062,Radio Navigation,MED,N,,3,agent_tasklist.md,0,DRAFT_DONE,"State that the manual entry, or creation of new waypoints by manual entry, of either latitude and longitude or place/bearing/distance values is not permitted."
062.07.05.05.01,062,Radio Navigation,MED,N,,3,agent_tasklist.md,0,DRAFT_DONE,State that pilots must not fly an RNP APCH unless it is retrievable by procedure name from the on-board navigation database and conforms to the charted procedure.
062.07.05.05.02,062,Radio Navigation,MED,N,,3,agent_tasklist.md,0,DRAFT_DONE,State that an RNP APCH to LNAV minima is a non-precision IAP designed for two-dimensional approach operations.
062.07.05.05.03,062,Radio Navigation,MED,N,,3,agent_tasklist.md,0,DRAFT_DONE,State that an RNP APCH to lateral navigation (LNAV)/vertical navigation (VNAV) minima has lateral guidance based on GNSS and vertical guidance based on either SBAS or barometric vertical navigation (Baro-VNAV).
062.07.05.05.04,062,Radio Navigation,MED,N,,3,agent_tasklist.md,0,DRAFT_DONE,State that an RNP APCH to LNAV/VNAV minima may only be conducted with vertical guidance certified for the purpose.
062.07.05.05.05,062,Radio Navigation,MED,N,,3,agent_tasklist.md,0,DRAFT_DONE,Explain why an RNP APCH to LNAV/VNAV minima based on Baro-VNAV may only be conducted when the aerodrome temperature is within a promulgated range if the barometric input is not automatically temperature-compensated.
062.07.05.05.06,062,Radio Navigation,MED,N,,3,agent_tasklist.md,0,DRAFT_DONE,State that the correct altimeter setting is critical for the safe conduct of an RNP APCH using Baro-VNAV.
062.07.05.05.07,062,Radio Navigation,MED,N,,3,agent_tasklist.md,0,DRAFT_DONE,State that an RNP APCH to LNAV/VNAV minima is a three-dimensional operation.
062.07.05.05.08,062,Radio Navigation,MED,N,,3,agent_tasklist.md,0,DRAFT_DONE,State that an RNP APCH to localiser performance with vertical guidance (LPV) minima is a three-dimensional operation.
062.07.05.05.09,062,Radio Navigation,MED,N,,3,agent_tasklist.md,0,DRAFT_DONE,State that RNP APCH to LPV minima requires a final approach segment (FAS) data block.
062.07.05.05.10,062,Radio Navigation,MED,N,,3,agent_tasklist.md,0,DRAFT_DONE,State that RNP approaches to LPV minima require SBAS.
062.07.05.05.11,062,Radio Navigation,MED,N,,3,agent_tasklist.md,0,DRAFT_DONE,State that the FAS data block is a standard data format to describe the final approach path.
062.07.05.06.01,062,Radio Navigation,MED,N,,3,agent_tasklist.md,0,DRAFT_DONE,State that RNP AR APCH requires authorisation.
062.07.05.07.01,062,Radio Navigation,MED,N,,3,agent_tasklist.md,0,DRAFT_DONE,"State that A-RNP incorporates the navigation specifications RNAV 5, RNAV 2, RNAV 1, RNP 2, RNP 1 and RNP APCH."
071.01.01.01.01,070,Operational Procedures,MED,N,,3,agent_tasklist.md,0,DRAFT_DONE,Define the following: alternate aerodrome: flight time (aeroplanes); take-off alternate; en-route alternate; destination alternate.
071.01.01.02.01,070,Operational Procedures,MED,N,,3,agent_tasklist.md,0,DRAFT_DONE,State that Part I shall be applicable to the operation of aeroplanes by operators authorised to conduct international commercial air transport (CAT) operations.
071.01.01.03.01,070,Operational Procedures,MED,N,,3,agent_tasklist.md,0,DRAFT_DONE,"Explain the compliance with laws, regulations and procedures."
071.01.01.03.02,070,Operational Procedures,MED,N,,3,agent_tasklist.md,0,DRAFT_DONE,"State the condition(s) required for the establishment of a flight data analysis programme, and state what this programme is part of."
071.01.01.03.03,070,Operational Procedures,MED,N,,3,agent_tasklist.md,0,DRAFT_DONE,Explain what is a flight safety documents system.
071.01.01.03.04,070,Operational Procedures,MED,N,,3,agent_tasklist.md,0,DRAFT_DONE,Explain what is maintenance release.
071.01.01.03.05,070,Operational Procedures,MED,N,,3,agent_tasklist.md,0,DRAFT_DONE,List and describe the lights to be displayed by aircraft.
071.01.02.01.01,070,Operational Procedures,LOW,Y,,3,agent_tasklist.md,0,DRAFT_DONE,State the operational regulations applicable to CAT and other activities (e.g. specialised operations (SPO)).
071.01.02.01.02,070,Operational Procedures,MED,N,,3,agent_tasklist.md,0,DRAFT_DONE,State the nature of CAT operations and exceptions.
071.01.02.02.01,070,Operational Procedures,LOW,Y,,3,agent_tasklist.md,0,DRAFT_DONE,Explain why CAT flights must meet the applicable operational requirements.
071.01.02.02.06,070,Operational Procedures,MED,N,,3,agent_tasklist.md,0,DRAFT_DONE,Explain the requirements about language used for crew communication and in the operations manual.
071.01.02.02.07,070,Operational Procedures,MED,N,,3,agent_tasklist.md,0,DRAFT_DONE,Explain which are the operator requirements regarding the management system.
071.01.02.02.08,070,Operational Procedures,MED,N,,3,agent_tasklist.md,0,DRAFT_DONE,Explain which are the operator requirements regarding accident prevention and the flight safety programme.
071.01.02.02.09,070,Operational Procedures,MED,N,,3,agent_tasklist.md,0,DRAFT_DONE,Explain which are the regulations concerning the carriage of persons on an aircraft.
071.01.02.02.10,070,Operational Procedures,MED,N,,3,agent_tasklist.md,0,DRAFT_DONE,Explain the operator’s and commander’s responsibility concerning portable electronic devices (PEDs).
071.01.02.02.11,070,Operational Procedures,MED,N,,3,agent_tasklist.md,0,DRAFT_DONE,Explain the operator’s and commander’s responsibility regarding admission in an aircraft of a person under the influence of drug or alcohol.
071.01.02.02.12,070,Operational Procedures,MED,N,,3,agent_tasklist.md,0,DRAFT_DONE,Explain the regulations concerning the endangerment of safety.
071.01.02.02.13,070,Operational Procedures,MED,N,,3,agent_tasklist.md,0,DRAFT_DONE,List the documents to be carried on each flight.
071.01.02.02.14,070,Operational Procedures,MED,N,,3,agent_tasklist.md,0,DRAFT_DONE,Explain the operator’s responsibility regarding manuals to be carried on board an aircraft.
071.01.02.02.15,070,Operational Procedures,MED,N,,3,agent_tasklist.md,0,DRAFT_DONE,List the additional information and forms to be carried on board an aircraft.
071.01.02.02.16,070,Operational Procedures,MED,N,,3,agent_tasklist.md,0,DRAFT_DONE,List the copies of items of information to be retained on the ground by the operator.
071.01.02.02.17,070,Operational Procedures,MED,N,,3,agent_tasklist.md,0,DRAFT_DONE,Explain what responsibilities the operator and the commander have regarding the production of and access to records and documents.
071.01.02.03.01,070,Operational Procedures,MED,N,,3,agent_tasklist.md,0,DRAFT_DONE,Explain what requirement has to be satisfied for the issue of an air operator certificate (AOC).
071.01.02.03.02,070,Operational Procedures,MED,N,,3,agent_tasklist.md,0,DRAFT_DONE,Explain what the rules applicable to air operator certification are.
071.01.02.03.03,070,Operational Procedures,MED,N,,3,agent_tasklist.md,0,DRAFT_DONE,Explain the conditions to be met for the issue or revalidation of an AOC.
071.01.02.03.04,070,Operational Procedures,MED,N,,3,agent_tasklist.md,0,DRAFT_DONE,Explain the contents and conditions of the AOC.
071.01.02.04.01,070,Operational Procedures,MED,N,,3,agent_tasklist.md,0,DRAFT_DONE,Define the terms used for operational procedures.
071.01.02.04.02,070,Operational Procedures,MED,N,,3,agent_tasklist.md,0,DRAFT_DONE,State the operator’s responsibilities regarding the use of air traffic services (ATS).
071.01.02.04.03,070,Operational Procedures,MED,N,,3,agent_tasklist.md,0,DRAFT_DONE,State the operator’s responsibilities regarding authorisation of aerodromes/heliports by the operator.
071.01.02.04.04,070,Operational Procedures,HIGH,N,All-Weather Ops — Reg (EU) 2021/2237; advanced aircraft & EFVS NOT in ECQB; aerodrome operating minima changes NOT in ECQB,3,agent_tasklist.md,0,DRAFT_DONE,Explain which elements must be considered by the operator when specifying aerodrome/heliport operating minima.
071.01.02.04.05,070,Operational Procedures,MED,N,,3,agent_tasklist.md,0,DRAFT_DONE,Explain what the operator’s responsibilities are regarding departure and approach procedures.
071.01.02.04.06,070,Operational Procedures,MED,N,,3,agent_tasklist.md,0,DRAFT_DONE,Explain which parameters should be considered in noise-abatement procedures.
071.01.02.04.07,070,Operational Procedures,MED,N,,3,agent_tasklist.md,0,DRAFT_DONE,Explain which elements should be considered regarding routes and areas of operation.
071.01.02.04.08,070,Operational Procedures,MED,N,,3,agent_tasklist.md,0,DRAFT_DONE,Explain the requirements for flights in reduced vertical separation minima (RVSM) airspace.
071.01.02.04.09,070,Operational Procedures,MED,N,,3,agent_tasklist.md,0,DRAFT_DONE,List the factors to be considered when establishing minimum flight altitude.
071.01.02.04.10,070,Operational Procedures,MED,N,,3,agent_tasklist.md,0,DRAFT_DONE,Explain the requirements for carrying persons with reduced mobility.
071.01.02.04.11,070,Operational Procedures,MED,N,,3,agent_tasklist.md,0,DRAFT_DONE,"Explain the operator’s responsibilities for the carriage of inadmissible passengers, deportees or persons in custody."
071.01.02.04.12,070,Operational Procedures,MED,N,,3,agent_tasklist.md,0,DRAFT_DONE,Explain the requirements regarding passenger seating and emergency evacuation.
071.01.02.04.13,070,Operational Procedures,MED,N,,3,agent_tasklist.md,0,DRAFT_DONE,Detail the procedures for passenger briefing in respect of emergency equipment and exits.
071.01.02.04.14,070,Operational Procedures,MED,N,,3,agent_tasklist.md,0,DRAFT_DONE,State the flight preparation forms to be completed before flight.
071.01.02.04.15,070,Operational Procedures,MED,N,,3,agent_tasklist.md,0,DRAFT_DONE,State the commander’s responsibilities during flight preparation.
071.01.02.04.16,070,Operational Procedures,MED,N,,3,agent_tasklist.md,0,DRAFT_DONE,State the rules for aerodrome/heliport selection.
071.01.02.04.17,070,Operational Procedures,MED,N,,3,agent_tasklist.md,0,DRAFT_DONE,Explain the planning minima for instrument flight rule (IFR) flights.
071.01.02.04.18,070,Operational Procedures,HIGH,N,Fuel/energy scheme variations,3,agent_tasklist.md,0,DRAFT_DONE,Explain the rules for refuelling/defueling with passengers on board.
071.01.02.04.19,070,Operational Procedures,MED,N,,3,agent_tasklist.md,0,DRAFT_DONE,Explain the ‘crew members at station’ policy.
071.01.02.04.20,070,Operational Procedures,MED,N,,3,agent_tasklist.md,0,DRAFT_DONE,"Explain the use of seats, safety belts and harnesses."
071.01.02.04.21,070,Operational Procedures,MED,N,,3,agent_tasklist.md,0,DRAFT_DONE,Explain the requirements for securing passenger cabin and galley.
071.01.02.04.22,070,Operational Procedures,MED,N,,3,agent_tasklist.md,0,DRAFT_DONE,Explain the commander’s responsibility regarding smoking on board.
071.01.02.04.23,070,Operational Procedures,MED,N,,3,agent_tasklist.md,0,DRAFT_DONE,State under which conditions a commander can commence or continue a flight regarding meteorological conditions.
071.01.02.04.24,070,Operational Procedures,MED,N,,3,agent_tasklist.md,0,DRAFT_DONE,Explain the commander’s responsibility regarding ice and other contaminants.
071.01.02.04.25,070,Operational Procedures,HIGH,N,Fuel/energy scheme variations,3,agent_tasklist.md,0,DRAFT_DONE,Explain the commander’s responsibility regarding fuel to be carried and in-flight fuel management.
071.01.02.04.26,070,Operational Procedures,MED,N,,3,agent_tasklist.md,0,DRAFT_DONE,Detail the rules regarding carriage and use of supplemental oxygen for passengers and aircrew.
071.01.02.04.27,070,Operational Procedures,MED,N,,3,agent_tasklist.md,0,DRAFT_DONE,Explain the commander’s responsibility regarding approach and landing.
071.01.02.04.28,070,Operational Procedures,MED,N,,3,agent_tasklist.md,0,DRAFT_DONE,Explain the circumstances under which a report shall be submitted.
071.01.02.05.01,070,Operational Procedures,HIGH,N,All-Weather Ops — Reg (EU) 2021/2237; advanced aircraft & EFVS NOT in ECQB; aerodrome operating minima changes NOT in ECQB,3,agent_tasklist.md,0,DRAFT_DONE,Explain the operator’s responsibility regarding aerodrome/heliport operating minima.
071.01.02.05.02,070,Operational Procedures,MED,N,,3,agent_tasklist.md,0,DRAFT_DONE,"Define the following terms: ‘circling’, ‘low-visibility procedures’, ‘low-visibility take-off’, ‘visual approach’."
071.01.02.05.03,070,Operational Procedures,MED,N,,3,agent_tasklist.md,0,DRAFT_DONE,"Define the following terms: ‘flight control system’, ‘fail-passive flight control system’, ‘fail-operational flight control system’, ‘fail-operational hybrid landing system’."
071.01.02.05.05,070,Operational Procedures,MED,N,,3,agent_tasklist.md,0,DRAFT_DONE,Explain the general operating requirements for low-visibility operations.
071.01.02.05.06,070,Operational Procedures,MED,N,,3,agent_tasklist.md,0,DRAFT_DONE,Define aerodrome/heliport considerations regarding low-visibility operations.
071.01.02.05.07,070,Operational Procedures,MED,N,,3,agent_tasklist.md,0,DRAFT_DONE,Explain the training and qualification requirements for flight crew to conduct low-visibility operations.
071.01.02.05.08,070,Operational Procedures,MED,N,,3,agent_tasklist.md,0,DRAFT_DONE,Explain the operating procedures for low-visibility operations.
071.01.02.05.09,070,Operational Procedures,MED,N,,3,agent_tasklist.md,0,DRAFT_DONE,Explain the operator’s and commander’s responsibilities regarding minimum equipment for low-visibility operations.
071.01.02.05.10,070,Operational Procedures,HIGH,N,All-Weather Ops — Reg (EU) 2021/2237; advanced aircraft & EFVS NOT in ECQB; aerodrome operating minima changes NOT in ECQB,3,agent_tasklist.md,0,DRAFT_DONE,Explain the VFR operating minima.
071.01.02.05.11,070,Operational Procedures,HIGH,N,All-Weather Ops — Reg (EU) 2021/2237; advanced aircraft & EFVS NOT in ECQB; aerodrome operating minima changes NOT in ECQB,3,agent_tasklist.md,0,DRAFT_DONE,Aerodrome operating minima: explain under which conditions the commander can commence take-off.
071.01.02.05.12,070,Operational Procedures,HIGH,N,All-Weather Ops — Reg (EU) 2021/2237; advanced aircraft & EFVS NOT in ECQB; aerodrome operating minima changes NOT in ECQB,3,agent_tasklist.md,0,DRAFT_DONE,Aerodrome operating minima: explain that take-off minima are expressed as visibility or runway visual range (RVR).
071.01.02.05.13,070,Operational Procedures,HIGH,N,All-Weather Ops — Reg (EU) 2021/2237; advanced aircraft & EFVS NOT in ECQB; aerodrome operating minima changes NOT in ECQB,3,agent_tasklist.md,0,DRAFT_DONE,Aerodrome operating minima: explain the take-off RVR value depending on the aerodrome facilities.
071.01.02.05.14,070,Operational Procedures,HIGH,N,All-Weather Ops — Reg (EU) 2021/2237; advanced aircraft & EFVS NOT in ECQB; aerodrome operating minima changes NOT in ECQB,3,agent_tasklist.md,0,DRAFT_DONE,"Aerodrome operating minima: explain the system minima for non-precision approach (NPA) (minimum descent altitude/height (MDA/H) and decision altitude/height (DA/H), not RVR)."
071.01.02.05.15,070,Operational Procedures,HIGH,N,All-Weather Ops — Reg (EU) 2021/2237; advanced aircraft & EFVS NOT in ECQB; aerodrome operating minima changes NOT in ECQB,3,agent_tasklist.md,0,DRAFT_DONE,Aerodrome operating minima: explain under which conditions a pilot can continue the approach below MDA/H or DA/H.
071.01.02.05.16,070,Operational Procedures,HIGH,N,All-Weather Ops — Reg (EU) 2021/2237; advanced aircraft & EFVS NOT in ECQB; aerodrome operating minima changes NOT in ECQB,3,agent_tasklist.md,0,DRAFT_DONE,Aerodrome operating minima: explain the lowest minima for precision approach category I (including single-pilot operations).
071.01.02.05.17,070,Operational Procedures,HIGH,N,All-Weather Ops — Reg (EU) 2021/2237; advanced aircraft & EFVS NOT in ECQB; aerodrome operating minima changes NOT in ECQB,3,agent_tasklist.md,0,DRAFT_DONE,Aerodrome operating minima: explain the lowest minima for precision approach category II operations.
071.01.02.05.18,070,Operational Procedures,HIGH,N,All-Weather Ops — Reg (EU) 2021/2237; advanced aircraft & EFVS NOT in ECQB; aerodrome operating minima changes NOT in ECQB,3,agent_tasklist.md,0,DRAFT_DONE,Aerodrome operating minima: explain the lowest minima for precision approach category III operations.
071.01.02.05.19,070,Operational Procedures,HIGH,N,All-Weather Ops — Reg (EU) 2021/2237; advanced aircraft & EFVS NOT in ECQB; aerodrome operating minima changes NOT in ECQB,3,agent_tasklist.md,0,DRAFT_DONE,Aerodrome operating minima: explain the lowest minima for circling and visual approach.
071.01.02.06.01,070,Operational Procedures,MED,N,,3,agent_tasklist.md,0,DRAFT_DONE,Explain which items do not require an equipment approval.
071.01.02.06.02,070,Operational Procedures,MED,N,,3,agent_tasklist.md,0,DRAFT_DONE,Explain the requirements regarding availability of spare electrical fuses.
071.01.02.06.03,070,Operational Procedures,MED,N,,3,agent_tasklist.md,0,DRAFT_DONE,Explain the requirements regarding windshield wipers.
071.01.02.06.04,070,Operational Procedures,MED,N,,3,agent_tasklist.md,0,DRAFT_DONE,List the minimum equipment required for day and night VFR flights.
071.01.02.06.05,070,Operational Procedures,MED,N,,3,agent_tasklist.md,0,DRAFT_DONE,List the minimum equipment required for IFR flights.
071.01.02.06.06,070,Operational Procedures,MED,N,,3,agent_tasklist.md,0,DRAFT_DONE,Explain the required additional equipment for single-pilot operations under IFR.
071.01.02.06.07,070,Operational Procedures,MED,N,,3,agent_tasklist.md,0,DRAFT_DONE,State the requirements for an altitude alerting system.
071.01.02.06.09,070,Operational Procedures,MED,N,,3,agent_tasklist.md,0,DRAFT_DONE,State the requirements for ground proximity warning system (GPWS)/terrain awareness and warning system (TAWS).
071.01.02.06.10,070,Operational Procedures,MED,N,,3,agent_tasklist.md,0,DRAFT_DONE,State the requirements for airborne collision avoidance system (ACAS).
071.01.02.06.11,070,Operational Procedures,MED,N,,3,agent_tasklist.md,0,DRAFT_DONE,State the conditions under which an aircraft must be fitted with a weather radar.
071.01.02.06.12,070,Operational Procedures,MED,N,,3,agent_tasklist.md,0,DRAFT_DONE,State the circumstances under which a cockpit voice recorder (CVR) is compulsory (after 1998).
071.01.02.06.13,070,Operational Procedures,MED,N,,3,agent_tasklist.md,0,DRAFT_DONE,"State the rules regarding the location, construction, installation, and operation of cockpit voice recorders (CVRs) (after 1998)."
071.01.02.06.14,070,Operational Procedures,MED,N,,3,agent_tasklist.md,0,DRAFT_DONE,State the circumstances under which a flight data recorder (FDR) is compulsory (after 1998).
071.01.02.06.15,070,Operational Procedures,MED,N,,3,agent_tasklist.md,0,DRAFT_DONE,"State the rules regarding the location, construction, installation, and operation of flight data recorders (FDRs) (after 1998)."
071.01.02.06.16,070,Operational Procedures,MED,N,,3,agent_tasklist.md,0,DRAFT_DONE,"Explain the requirements about seats, seat safety belts, harnesses, and child-restraint devices."
071.01.02.06.17,070,Operational Procedures,MED,N,,3,agent_tasklist.md,0,DRAFT_DONE,Explain the requirements about ‘Fasten seat belt’ and ‘No smoking’ signs.
071.01.02.06.18,070,Operational Procedures,MED,N,,3,agent_tasklist.md,0,DRAFT_DONE,Explain the requirements regarding internal doors and curtains.
071.01.02.06.19,070,Operational Procedures,MED,N,,3,agent_tasklist.md,0,DRAFT_DONE,Explain the requirements regarding first-aid kits.
071.01.02.06.20,070,Operational Procedures,MED,N,,3,agent_tasklist.md,0,DRAFT_DONE,Explain the requirements regarding emergency medical kits and first-aid oxygen.
071.01.02.06.21,070,Operational Procedures,MED,N,,3,agent_tasklist.md,0,DRAFT_DONE,Detail the rules regarding crew protective breathing equipment.
071.01.02.06.22,070,Operational Procedures,MED,N,,3,agent_tasklist.md,0,DRAFT_DONE,Describe the type and location of handheld fire extinguishers.
071.01.02.06.23,070,Operational Procedures,MED,N,,3,agent_tasklist.md,0,DRAFT_DONE,Describe the location of crash axes and crowbars.
071.01.02.06.24,070,Operational Procedures,MED,N,,3,agent_tasklist.md,0,DRAFT_DONE,Specify the colours and markings used to indicate break-in points.
071.01.02.06.25,070,Operational Procedures,MED,N,,3,agent_tasklist.md,0,DRAFT_DONE,Explain the requirements for means of emergency evacuation.
071.01.02.06.26,070,Operational Procedures,MED,N,,3,agent_tasklist.md,0,DRAFT_DONE,Explain the requirements for megaphones.
071.01.02.06.27,070,Operational Procedures,MED,N,,3,agent_tasklist.md,0,DRAFT_DONE,Explain the requirements for emergency lighting and marking.
071.01.02.06.28,070,Operational Procedures,MED,N,,3,agent_tasklist.md,0,DRAFT_DONE,Explain the requirements for an emergency locator transmitter (ELT).
071.01.02.06.29,070,Operational Procedures,MED,N,,3,agent_tasklist.md,0,DRAFT_DONE,"Explain the requirements for life jackets, life rafts, survival kits, and ELTs."
071.01.02.06.31,070,Operational Procedures,MED,N,,3,agent_tasklist.md,0,DRAFT_DONE,Explain the requirements for survival equipment.
071.01.02.07.01,070,Operational Procedures,MED,N,,3,agent_tasklist.md,0,DRAFT_DONE,Explain the general requirements for communication and navigation equipment.
071.01.02.07.02,070,Operational Procedures,MED,N,,3,agent_tasklist.md,0,DRAFT_DONE,Explain why the radio-communication equipment must be able to send and receive on 121.5 MHz.
071.01.02.07.03,070,Operational Procedures,MED,N,,3,agent_tasklist.md,0,DRAFT_DONE,Explain the requirements regarding the provision of an audio selector panel.
071.01.02.07.04,070,Operational Procedures,MED,N,,3,agent_tasklist.md,0,DRAFT_DONE,List the requirements for radio equipment when flying under VFR by reference to visual landmarks.
071.01.02.07.05,070,Operational Procedures,MED,N,,3,agent_tasklist.md,0,DRAFT_DONE,List the requirements for communication and navigation equipment when operating under IFR or under VFR over routes not navigated by reference to visual landmarks.
071.01.02.07.06,070,Operational Procedures,MED,N,,3,agent_tasklist.md,0,DRAFT_DONE,Explain what equipment is required to operate in airspace with reduced vertical separation minima (RVSM).
071.01.02.07.07,070,Operational Procedures,MED,N,,3,agent_tasklist.md,0,DRAFT_DONE,Explain the conditions under which a crew member interphone system and public address system are mandatory.
071.01.02.07.10,070,Operational Procedures,MED,N,,3,agent_tasklist.md,0,DRAFT_DONE,Explain the requirements regarding the provision of a transponder.
071.01.02.07.11,070,Operational Procedures,MED,N,,3,agent_tasklist.md,0,DRAFT_DONE,Explain the requirements regarding the management of aeronautical databases.
071.01.02.09.01,070,Operational Procedures,MED,N,,3,agent_tasklist.md,0,DRAFT_DONE,Explain the requirement regarding flight crew composition and in-flight relief.
071.01.02.09.02,070,Operational Procedures,MED,N,,3,agent_tasklist.md,0,DRAFT_DONE,Explain the requirement for conversion training and checking.
071.01.02.09.03,070,Operational Procedures,MED,N,,3,agent_tasklist.md,0,DRAFT_DONE,Explain the requirement for differences training and familiarisation training.
071.01.02.09.04,070,Operational Procedures,MED,N,,3,agent_tasklist.md,0,DRAFT_DONE,Explain the conditions for upgrade from co-pilot to commander.
071.01.02.09.05,070,Operational Procedures,MED,N,,3,agent_tasklist.md,0,DRAFT_DONE,Explain the minimum qualification requirements to operate as a commander.
071.01.02.09.06,070,Operational Procedures,MED,N,,3,agent_tasklist.md,0,DRAFT_DONE,Explain the requirement for recurrent training and checking.
071.01.02.09.07,070,Operational Procedures,MED,N,,3,agent_tasklist.md,0,DRAFT_DONE,Explain the requirement for a pilot to operate on either pilot’s seat.
071.01.02.09.08,070,Operational Procedures,MED,N,,3,agent_tasklist.md,0,DRAFT_DONE,Explain the minimum recent experience requirements for the commander and the co-pilot.
071.01.02.09.09,070,Operational Procedures,MED,N,,3,agent_tasklist.md,0,DRAFT_DONE,Specify the route and aerodrome/heliport knowledge required for a PIC/commander.
071.01.02.09.10,070,Operational Procedures,MED,N,,3,agent_tasklist.md,0,DRAFT_DONE,Explain the requirement to operate on more than one aircraft type or variant.
071.01.02.09.11,070,Operational Procedures,MED,N,,3,agent_tasklist.md,0,DRAFT_DONE,"Explain that when a flight crew member operates both helicopters and aeroplanes, the operations are limited to one of each type."
071.01.02.09.12,070,Operational Procedures,MED,N,,3,agent_tasklist.md,0,DRAFT_DONE,Explain the requirement(s) for training records.
071.01.02.09.13,070,Operational Procedures,MED,N,,3,agent_tasklist.md,0,DRAFT_DONE,"Explain the crew members’ responsibilities in the execution of their duties, and define the commander’s authority."
071.01.02.09.14,070,Operational Procedures,MED,N,,3,agent_tasklist.md,0,DRAFT_DONE,"Explain the operator’s and commander’s responsibilities regarding persons on board, admission to the flight crew compartment and carriage of unauthorised persons or cargo."
071.01.02.09.15,070,Operational Procedures,MED,N,,3,agent_tasklist.md,0,DRAFT_DONE,Explain the requirements for the initial operator’s crew resource management (CRM) training.
071.01.02.10.01,070,Operational Procedures,MED,N,,3,agent_tasklist.md,0,DRAFT_DONE,Explain who is regarded as cabin crew member.
071.01.02.10.02,070,Operational Procedures,MED,N,,3,agent_tasklist.md,0,DRAFT_DONE,Detail the requirements regarding the number and composition of cabin crew.
071.01.02.10.03,070,Operational Procedures,MED,N,,3,agent_tasklist.md,0,DRAFT_DONE,Explain the conditions and the additional conditions for assignment to duties.
071.01.02.10.04,070,Operational Procedures,MED,N,,3,agent_tasklist.md,0,DRAFT_DONE,Explain the requirements regarding senior cabin crew members.
071.01.02.10.05,070,Operational Procedures,MED,N,,3,agent_tasklist.md,0,DRAFT_DONE,Explain the conditions for operating on more than one aircraft type or variant.
071.01.02.10.06,070,Operational Procedures,MED,N,,3,agent_tasklist.md,0,DRAFT_DONE,Explain what is the operator’s responsibility regarding the distinction between cabin crew members and additional crew members.
071.01.02.12.01,070,Operational Procedures,MED,N,,3,agent_tasklist.md,0,DRAFT_DONE,Explain the definitions used for the regulation of flight time limitations.
071.01.02.12.02,070,Operational Procedures,MED,N,,3,agent_tasklist.md,0,DRAFT_DONE,Explain the flight and duty time limitations.
071.01.02.12.03,070,Operational Procedures,MED,N,,3,agent_tasklist.md,0,DRAFT_DONE,Explain the requirements regarding the maximum daily flight duty period.
071.01.02.12.04,070,Operational Procedures,MED,N,,3,agent_tasklist.md,0,DRAFT_DONE,Explain the requirements regarding rest periods.
071.01.02.12.05,070,Operational Procedures,MED,N,,3,agent_tasklist.md,0,DRAFT_DONE,Explain the possible extension of flight duty period due to in-flight rest.
071.01.02.12.06,070,Operational Procedures,MED,N,,3,agent_tasklist.md,0,DRAFT_DONE,Explain that it is the captain’s discretion to extend flight duty in case of unforeseen circumstances in actual flight operations.
071.01.02.12.07,070,Operational Procedures,MED,N,,3,agent_tasklist.md,0,DRAFT_DONE,Explain the requirement regarding standby.
071.01.03.01.01,070,Operational Procedures,MED,N,,3,agent_tasklist.md,0,DRAFT_DONE,Minimum time routes: define and interpret minimum time route (route that gives the shortest flight time from departure to destination adhering to all ATC and airspace restrictions).
071.01.03.01.02,070,Operational Procedures,MED,N,,3,agent_tasklist.md,0,DRAFT_DONE,State the circumstances in which a take-off alternate must be selected.
071.01.03.01.03,070,Operational Procedures,MED,N,,3,agent_tasklist.md,0,DRAFT_DONE,State the maximum flight distance of a take-off alternate for: two-engined aeroplanes;  ETOPS-approved aeroplanes;  three- or four-engined aeroplanes.
071.01.03.01.04,070,Operational Procedures,MED,N,,3,agent_tasklist.md,0,DRAFT_DONE,State the factors to be considered in the selection of a take-off alternate.
071.01.03.01.05,070,Operational Procedures,MED,N,,3,agent_tasklist.md,0,DRAFT_DONE,State when a destination alternate need not be selected.
071.01.03.01.06,070,Operational Procedures,MED,N,,3,agent_tasklist.md,0,DRAFT_DONE,State when two destination alternates must be selected.
071.01.03.01.07,070,Operational Procedures,MED,N,,3,agent_tasklist.md,0,DRAFT_DONE,State the factors to be considered in the selection of a destination alternate aerodrome.
071.01.03.01.08,070,Operational Procedures,MED,N,,3,agent_tasklist.md,0,DRAFT_DONE,State the factors to be considered in the selection of an en-route alternate aerodrome.
071.01.03.02.01,070,Operational Procedures,HIGH,N,NAT HLA — aligned to ICAO Doc 007 v2025 ed 1.1,3,agent_tasklist.md,0,DRAFT_DONE,"According to ICAO Doc 7030, explain that special rules apply to the North Atlantic (NAT) Region, and crews need to be specifically trained before flying in this area."
071.01.03.02.02,070,Operational Procedures,MED,N,,3,agent_tasklist.md,0,DRAFT_DONE,"Describe the possible indications of navigation system degradation, including any system-generated warning."
071.01.03.02.03,070,Operational Procedures,MED,N,,3,agent_tasklist.md,0,DRAFT_DONE,Describe by what emergency means course and inertial navigation system (INS) can be cross-checked in the case of three navigation systems and two navigation systems.
071.01.03.02.04,070,Operational Procedures,MED,N,,3,agent_tasklist.md,0,DRAFT_DONE,Describe the general ICAO procedures applicable in NAT airspace if the aircraft is unable to continue the flight in accordance with its air traffic control (ATC) clearance.
071.01.03.02.05,070,Operational Procedures,MED,N,,3,agent_tasklist.md,0,DRAFT_DONE,Describe the ICAO procedures applicable in NAT airspace in case of radio-communication failure.
071.01.03.02.06,070,Operational Procedures,MED,N,,3,agent_tasklist.md,0,DRAFT_DONE,Describe the recommended initial action if an aircraft is unable to obtain a revised ATC clearance.
071.01.03.02.07,070,Operational Procedures,MED,N,,3,agent_tasklist.md,0,DRAFT_DONE,Describe the subsequent action for aircraft able to maintain assigned flight level and for aircraft unable to maintain assigned flight level.
071.01.03.02.08,070,Operational Procedures,MED,N,,3,agent_tasklist.md,0,DRAFT_DONE,Describe determination of tracks and courses for random routes in NAT airspace.
071.01.03.02.09,070,Operational Procedures,MED,N,,3,agent_tasklist.md,0,DRAFT_DONE,"Specify the method by which planned tracks are defined (by latitude and longitude) in the NAT airspace: when operating predominately in an east–west direction south of 70 degrees N, and when operating predominately in an east–west direction north of 70 degrees N."
071.01.03.02.10,070,Operational Procedures,MED,N,,3,agent_tasklist.md,0,DRAFT_DONE,State the maximum flight time recommended between significant points on random routes.
071.01.03.02.11,070,Operational Procedures,MED,N,,3,agent_tasklist.md,0,DRAFT_DONE,Specify the method by which planned tracks for random routes are defined for flights operating predominantly in a north–south direction.
071.01.03.02.12,070,Operational Procedures,MED,N,,3,agent_tasklist.md,0,DRAFT_DONE,Describe how the desired random route must be specified in the ATC flight plan.
071.01.03.02.13,070,Operational Procedures,MED,N,,3,agent_tasklist.md,0,DRAFT_DONE,Describe what precautions can be taken when operating in the area of compass unreliability as a contingency against INS failure.
071.01.03.03.01,070,Operational Procedures,HIGH,N,NAT HLA — aligned to ICAO Doc 007 v2025 ed 1.1,3,agent_tasklist.md,0,DRAFT_DONE,State the lateral dimensions (in general terms) and vertical limits of the NAT HLA.
071.01.03.03.02,070,Operational Procedures,HIGH,N,NAT HLA — aligned to ICAO Doc 007 v2025 ed 1.1,3,agent_tasklist.md,0,DRAFT_DONE,"Define the following acronyms:  LRNS, MASPS, NAT HLA, OCA, OTS, PRM, RVSM, SLOP, and WATRS."
071.01.03.03.03,070,Operational Procedures,HIGH,N,NAT HLA — aligned to ICAO Doc 007 v2025 ed 1.1,3,agent_tasklist.md,0,DRAFT_DONE,State the NAT HLA operations.
071.01.03.03.04,070,Operational Procedures,MED,N,,3,agent_tasklist.md,0,DRAFT_DONE,Describe the routes for aircraft with only one long-range navigation system (LRNS).
071.01.03.03.05,070,Operational Procedures,MED,N,,3,agent_tasklist.md,0,DRAFT_DONE,Describe the routes for aircraft with short-range navigation equipment only.
071.01.03.03.06,070,Operational Procedures,HIGH,N,NAT HLA — aligned to ICAO Doc 007 v2025 ed 1.1,3,agent_tasklist.md,0,DRAFT_DONE,Explain why the horizontal (i.e. latitudinal and longitudinal) and vertical navigation performance of operators within NAT HLA is monitored on a continual basis.
071.01.03.03.07,070,Operational Procedures,HIGH,N,NAT HLA — aligned to ICAO Doc 007 v2025 ed 1.1,3,agent_tasklist.md,0,DRAFT_DONE,Describe the organised track system (OTS).
071.01.03.03.08,070,Operational Procedures,MED,N,,3,agent_tasklist.md,0,DRAFT_DONE,State the OTS changeover periods.
071.01.03.03.09,070,Operational Procedures,MED,N,,3,agent_tasklist.md,0,DRAFT_DONE,Describe the NAT track message.
071.01.03.03.10,070,Operational Procedures,HIGH,N,NAT HLA — aligned to ICAO Doc 007 v2025 ed 1.1,3,agent_tasklist.md,0,DRAFT_DONE,Illustrate routes between northern Europe and the Spain/Canaries/Lisbon flight information region (FIR) within NAT HLA.
071.01.03.03.11,070,Operational Procedures,MED,N,,3,agent_tasklist.md,0,DRAFT_DONE,Describe the function of the North American Routes (NARs) and Shannon Oceanic Transition Area (SOTA) and Northern Oceanic Transition Area (NOTA).
071.01.03.03.12,070,Operational Procedures,MED,N,,3,agent_tasklist.md,0,DRAFT_DONE,State that all flights should plan to operate on great-circle tracks joining successive significant waypoints.
071.01.03.03.13,070,Operational Procedures,MED,N,,3,agent_tasklist.md,0,DRAFT_DONE,"State that during the hours of validity of the OTS, operators are encouraged to plan flights:  in accordance with the OTS;  or along a route to join or leave an outer track of the OTS;  or on a random route to remain clear of the OTS, either laterally or vertically."
071.01.03.03.14,070,Operational Procedures,MED,N,,3,agent_tasklist.md,0,DRAFT_DONE,State which flight levels are available on OTS tracks during OTS periods.
071.01.03.03.15,070,Operational Procedures,MED,N,,3,agent_tasklist.md,0,DRAFT_DONE,State which flight levels are to be planned on random tracks or outside OTS periods.
071.01.03.03.16,070,Operational Procedures,HIGH,N,NAT HLA — aligned to ICAO Doc 007 v2025 ed 1.1,3,agent_tasklist.md,0,DRAFT_DONE,Selection of cruising altitude. Specify the appropriate cruising levels for normal long-range IFR flights and for those operating on the North Atlantic OTS.
071.01.03.03.18,070,Operational Procedures,MED,N,,3,agent_tasklist.md,0,DRAFT_DONE,State that pilots should notify the oceanic area control centre (OAC) of the maximum acceptable flight level possible at the boundary.
071.01.03.03.19,070,Operational Procedures,MED,N,,3,agent_tasklist.md,0,DRAFT_DONE,"State that at some aerodromes which are situated close to oceanic boundaries, the oceanic clearance must be obtained before departure."
071.01.03.03.20,070,Operational Procedures,MED,N,,3,agent_tasklist.md,0,DRAFT_DONE,"State that if an aircraft encounters, whilst en-route to the NAT Oceanic Airspace, an in-flight equipment failure relevant to the airspace, then the pilot must advise ATC when requesting oceanic clearance."
071.01.03.03.21,070,Operational Procedures,MED,N,,3,agent_tasklist.md,0,DRAFT_DONE,"State that after obtaining and reading back the clearance, the pilot should monitor the forward estimate for oceanic entry, and if this changes by 3 minutes or more, unless providing position reports via automatic dependent surveillance - contract (ADS-C), the pilot must pass a revised estimate on to ATC."
071.01.03.03.22,070,Operational Procedures,MED,N,,3,agent_tasklist.md,0,DRAFT_DONE,State that pilots should pay particular attention when the issued clearance differs from the flight plan as a significant proportion of navigation errors investigated in the NAT Region involve aircraft which have followed their flight plan rather than the differing clearance.
071.01.03.03.23,070,Operational Procedures,MED,N,,3,agent_tasklist.md,0,DRAFT_DONE,"State that if the entry point of the oceanic route for which the flight is cleared differs from that originally requested or the oceanic flight level differs from the current flight level, the pilot is responsible for requesting and obtaining the necessary domestic re-clearance."
071.01.03.03.24,070,Operational Procedures,MED,N,,3,agent_tasklist.md,0,DRAFT_DONE,"State that there are three elements to an oceanic clearance: route, speed, and flight level, and that these elements serve to provide for the three basic elements of separation: lateral, longitudinal, and vertical."
071.01.03.03.25,070,Operational Procedures,MED,N,,3,agent_tasklist.md,0,DRAFT_DONE,Communications and position-reporting procedures  State that pilots communicate with OACCs via aeradio stations staffed by communicators who have no executive ATC authority.
071.01.03.03.26,070,Operational Procedures,MED,N,,3,agent_tasklist.md,0,DRAFT_DONE,State that messages are relayed from the ground station to the air traffic controllers of the relevant OACC for action.
071.01.03.03.27,070,Operational Procedures,MED,N,,3,agent_tasklist.md,0,DRAFT_DONE,"State that frequencies from the lower HF bands tend to be used for communications during night-time and those from the higher bands during daytime. When initiating contact with an aeradio station, the pilot should state the HF frequency in use."
071.01.03.03.28,070,Operational Procedures,MED,N,,3,agent_tasklist.md,0,DRAFT_DONE,"State that since oceanic traffic typically communicates with ATC through aeradio facilities, a satellite communication (SATVOICE) call, made due to unforeseen inability to communicate by other means, should be made to such a facility rather than the ATC centre, unless the urgency of the communication dictates otherwise."
071.01.03.03.29,070,Operational Procedures,MED,N,,3,agent_tasklist.md,0,DRAFT_DONE,"State that an air-to-air VHF frequency has been established for worldwide use when aircraft are out of range of VHF ground stations which utilise the same or adjacent frequencies. This frequency, 123.450 MHz, is intended for pilot-to-pilot exchanges of operationally significant information."
071.01.03.03.30,070,Operational Procedures,MED,N,,3,agent_tasklist.md,0,DRAFT_DONE,"State that any pilot, who provides position reports via data link and encounters significant meteorological phenomena (such as moderate/severe turbulence or icing, volcanic ash or thunderstorms), should report this information."
071.01.03.03.31,070,Operational Procedures,MED,N,,3,agent_tasklist.md,0,DRAFT_DONE,State that all turbine-engined aeroplanes having a maximum certified take-off mass exceeding 5 700 kg or authorised to carry more than 19 passengers are required to carry and operate airborne collision avoidance system (ACAS) II in the NAT Region.
071.01.03.03.32,070,Operational Procedures,HIGH,N,NAT HLA — aligned to ICAO Doc 007 v2025 ed 1.1,3,agent_tasklist.md,0,DRAFT_DONE,"State that even with the growing use of data-link communications, a significant volume of NAT air–ground communications are conducted using voice on single sideband (SSB) HF frequencies. To support air–ground ATC communications in the North Atlantic Region, 24 HF frequencies have been allocated, in bands ranging from 2.8 to 18 MHz."
071.01.03.03.33,070,Operational Procedures,HIGH,N,NAT HLA — aligned to ICAO Doc 007 v2025 ed 1.1,3,agent_tasklist.md,0,DRAFT_DONE,"Application of the Mach number technique (NAT HLA)  State that practical experience has shown that when two or more turbojet aircraft, operating along the same route at the same flight level, maintain the same Mach number, they are more likely to maintain a constant time interval between each other than when using other methods."
071.01.03.03.34,070,Operational Procedures,MED,N,,3,agent_tasklist.md,0,DRAFT_DONE,"State that after leaving oceanic airspace, pilots must maintain their assigned Mach number in domestic controlled airspace unless and until the appropriate ATC unit authorises a change."
071.01.03.03.35,070,Operational Procedures,HIGH,N,NAT HLA — aligned to ICAO Doc 007 v2025 ed 1.1,3,agent_tasklist.md,0,DRAFT_DONE,NAT HLA flight operation and navigation procedures  State that the pre-flight procedures for any NAT HLA flight must include a Universal Time Coordinated (UTC) time check.
071.01.03.03.36,070,Operational Procedures,MED,N,,3,agent_tasklist.md,0,DRAFT_DONE,Describe the function and use of the master document.
071.01.03.03.37,070,Operational Procedures,MED,N,,3,agent_tasklist.md,0,DRAFT_DONE,State the requirements for position plotting.
071.01.03.03.38,070,Operational Procedures,MED,N,,3,agent_tasklist.md,0,DRAFT_DONE,Describe the pre-flight procedures for:  the alignment of IRS;  the satellite navigation availability prediction programme for flights using global navigation satellite long-range navigation system (GNSS LRNS);  loading of initial waypoints; and  flight plan check.
071.01.03.03.39,070,Operational Procedures,MED,N,,3,agent_tasklist.md,0,DRAFT_DONE,"Describe the strategic lateral offset procedure (SLOP) and state that along a route or track there will be three positions that an aircraft may fly: centre line, or up to 2 NM right."
071.01.03.03.40,070,Operational Procedures,MED,N,,3,agent_tasklist.md,0,DRAFT_DONE,"State that RNAV 10 retains the RNP 10 designation, as specified in the Performance-based Navigation Manual (ICAO Doc 9613) (ICAO Doc 7030, NAT Chapter 4)."
071.01.03.03.41,070,Operational Procedures,MED,N,,3,agent_tasklist.md,0,DRAFT_DONE,"State that both aircraft and operators must be RNP 10- or RNP 4-approved by the State of the Operator or the State of Registry, as appropriate."
071.01.03.03.42,070,Operational Procedures,MED,N,,3,agent_tasklist.md,0,DRAFT_DONE,State that RNP 10 is the minimum navigation specification for the application of 93 km (50 NM) lateral separation.
071.01.03.03.43,070,Operational Procedures,HIGH,N,NAT HLA — aligned to ICAO Doc 007 v2025 ed 1.1,3,agent_tasklist.md,0,DRAFT_DONE,Reduced vertical separation minima (RVSM) flight in NAT HLA  State the altimeter cross-check to be performed before entering NAT HLA.
071.01.03.03.44,070,Operational Procedures,HIGH,N,NAT HLA — aligned to ICAO Doc 007 v2025 ed 1.1,3,agent_tasklist.md,0,DRAFT_DONE,State the altimeter cross-check to be performed when entering and flying in NAT HLA.
071.01.03.03.45,070,Operational Procedures,MED,N,,3,agent_tasklist.md,0,DRAFT_DONE,State that pilots not using controller–pilot data-link communications (CPDLC)/ADS-C always report to ATC immediately on leaving the current cruising level and on reaching any new cruising level.
071.01.03.03.46,070,Operational Procedures,MED,N,,3,agent_tasklist.md,0,DRAFT_DONE,State that flight crew should report when a 300-ft deviation or more occurs.
071.01.03.03.47,070,Operational Procedures,MED,N,,3,agent_tasklist.md,0,DRAFT_DONE,Navigation planning procedures  List the factors to be considered by the commander before commencing the flight.
071.01.03.03.48,070,Operational Procedures,HIGH,N,NAT HLA — aligned to ICAO Doc 007 v2025 ed 1.1,3,agent_tasklist.md,0,DRAFT_DONE,"For this part, consider aircraft equipped with only two operational LRNSs and state the requirements for the following situations:  one system fails before take-off;  one system fails before the OCA boundary is reached;  one system fails after the OCA boundary is crossed; and  the remaining system fails after entering NAT HLA."
071.01.03.03.49,070,Operational Procedures,MED,N,,3,agent_tasklist.md,0,DRAFT_DONE,"State the general procedures and also state that the general concept of these NAT in-flight contingency procedures is, whenever operationally feasible, to offset the assigned route by 5 NM and climb or descend to a level which differs from those normally used by 500 ft if below FL 410 or by 1 000 ft if above FL 410."
071.01.03.03.50,070,Operational Procedures,MED,N,,3,agent_tasklist.md,0,DRAFT_DONE,State all the factors which may affect the direction of turn including:  direction to an alternate aerodrome;  terrain clearance;  levels allocated on adjacent routes or tracks and any known SLOP offsets adopted by other nearby traffic.
071.01.03.03.51,070,Operational Procedures,MED,N,,3,agent_tasklist.md,0,DRAFT_DONE,"State that if the deviation around severe weather is to be greater than 5 NM, the assigned flight level must be changed by plus/minus 300 ft depending on the followed track and the direction of the deviation."
071.01.03.04.01,070,Operational Procedures,MED,N,,3,agent_tasklist.md,0,DRAFT_DONE,State that ETOPS approval is part of an AOC.
071.01.03.04.02,070,Operational Procedures,MED,N,,3,agent_tasklist.md,0,DRAFT_DONE,"State that prior to conducting an ETOPS flight, an operator shall ensure that a suitable ETOPS en-route alternate is available, within either the approved diversion time or a diversion time based on the MEL-generated serviceability status of the aeroplane, whichever is shorter."
071.01.03.04.03,070,Operational Procedures,MED,N,,3,agent_tasklist.md,0,DRAFT_DONE,State the requirements for take-off alternate.
071.01.03.04.04,070,Operational Procedures,MED,N,,3,agent_tasklist.md,0,DRAFT_DONE,State the planning minima for ETOPS en-route alternate.
071.01.03.04.05,070,Operational Procedures,MED,N,,3,agent_tasklist.md,0,DRAFT_DONE,Navigation-planning procedures.  Describe the operator’s responsibilities concerning ETOPS routes.
071.01.03.04.06,070,Operational Procedures,MED,N,,3,agent_tasklist.md,0,DRAFT_DONE,Selection of a route. Describe the limitations on extended-range operations with two-engined aeroplanes with and without ETOPS approval.
071.01.03.04.07,070,Operational Procedures,MED,N,,3,agent_tasklist.md,0,DRAFT_DONE,Selection of alternate aerodrome. State the maximum flight distance of a take-off alternate for: two-engined aeroplanes;  ETOPS-approved aeroplanes;  three- or four-engined aeroplanes.
071.01.03.04.08,070,Operational Procedures,MED,N,,3,agent_tasklist.md,0,DRAFT_DONE,State the maximum distance from an adequate aerodrome for two-engined aeroplanes without an ETOPS approval.
071.01.03.04.09,070,Operational Procedures,MED,N,,3,agent_tasklist.md,0,DRAFT_DONE,State the requirement for alternate aerodrome accessibility check for ETOPS operations.
071.02.01.01.01,070,Operational Procedures,MED,N,,3,agent_tasklist.md,0,DRAFT_DONE,Explain the general rules for the operations manual.
071.02.01.01.02,070,Operational Procedures,MED,N,,3,agent_tasklist.md,0,DRAFT_DONE,Explain the structure and subject headings of the operations manual.
071.02.01.01.03,070,Operational Procedures,MED,N,,3,agent_tasklist.md,0,DRAFT_DONE,Explain the requirements for a journey log or equivalent.
071.02.01.01.04,070,Operational Procedures,MED,N,,3,agent_tasklist.md,0,DRAFT_DONE,Describe the requirements regarding the operational flight plan.
071.02.01.01.05,070,Operational Procedures,MED,N,,3,agent_tasklist.md,0,DRAFT_DONE,Explain the requirements for document-storage periods.
071.02.01.01.06,070,Operational Procedures,MED,N,,3,agent_tasklist.md,0,DRAFT_DONE,"Explain that all non-type-related operational policies, instructions and procedures required for a safe operation are included in Part A of the operations manual."
071.02.01.01.07,070,Operational Procedures,MED,N,,3,agent_tasklist.md,0,DRAFT_DONE,State that the following items are included into Part A:  de-icing and anti-icing on the ground;  adverse and potentially hazardous atmospheric conditions; wake turbulence;  incapacitation of crew members;  use of the minimum equipment list (MEL) and configuration deviation list(s) (CDL);  security;  handling of accidents and occurrences.
071.02.01.01.08,070,Operational Procedures,MED,N,,3,agent_tasklist.md,0,DRAFT_DONE,State that the following items are included into Part A: altitude alerting system procedures;  ground proximity warning system procedures;  policy and procedures for the use of traffic alert and collision avoidance system (TCAS)/airborne collision avoidance system (ACAS).
071.02.01.02.01,070,Operational Procedures,MED,N,,3,agent_tasklist.md,0,DRAFT_DONE,"State that all type-related instructions and procedures required for a safe operation are included in Part B of the operations manual. They take account of any differences between types, variants or individual aircraft used by an operator."
071.02.01.02.02,070,Operational Procedures,MED,N,,3,agent_tasklist.md,0,DRAFT_DONE,State that the following items are included into Part B: abnormal and emergency procedures;  configuration deviation list (CDL);  minimum equipment list (MEL);  emergency evacuation procedures.
071.02.01.03.01,070,Operational Procedures,MED,N,,3,agent_tasklist.md,0,DRAFT_DONE,"Describe the following terms: ‘commencement of flight’, ‘inoperative’, ‘MEL’, ‘MMEL’, ‘rectification interval’."
071.02.01.03.02,070,Operational Procedures,MED,N,,3,agent_tasklist.md,0,DRAFT_DONE,Explain the relation between MMEL and MEL.
071.02.01.03.03,070,Operational Procedures,MED,N,,3,agent_tasklist.md,0,DRAFT_DONE,Define the ‘extent of the MEL’.
071.02.01.03.04,070,Operational Procedures,MED,N,,3,agent_tasklist.md,0,DRAFT_DONE,Explain the responsibilities of the operator and the competent authority with regard to MEL and MMEL.
071.02.01.03.05,070,Operational Procedures,MED,N,,3,agent_tasklist.md,0,DRAFT_DONE,Explain the responsibilities of the flight crew members with regard to MEL.
071.02.01.03.06,070,Operational Procedures,MED,N,,3,agent_tasklist.md,0,DRAFT_DONE,Explain the responsibilities of the commander with regard to MEL.
071.02.02.01.01,070,Operational Procedures,MED,N,,3,agent_tasklist.md,0,DRAFT_DONE,"Define the following terms:  ‘anti-icing’, ‘de-icing’, ‘one-step de-icing/anti-icing’, ‘two-step de-icing/anti-icing’, ‘holdover time’."
071.02.02.01.02,070,Operational Procedures,MED,N,,3,agent_tasklist.md,0,DRAFT_DONE,Describe ‘the clean aircraft concept’ as presented in the relevant chapter of ICAO Doc 9640.
071.02.02.01.03,070,Operational Procedures,MED,N,,3,agent_tasklist.md,0,DRAFT_DONE,List the types of de-icing/anti-icing fluids available.
071.02.02.01.04,070,Operational Procedures,MED,N,,3,agent_tasklist.md,0,DRAFT_DONE,Explain the procedure to be followed when an aeroplane has exceeded the holdover time.
071.02.02.01.05,070,Operational Procedures,MED,N,,3,agent_tasklist.md,0,DRAFT_DONE,Interpret the guidelines for fluid holdover times and list the factors which can reduce the fluid protection time.
071.02.02.01.06,070,Operational Procedures,MED,N,,3,agent_tasklist.md,0,DRAFT_DONE,"Explain how the pre-take-off check, which is the responsibility of the pilot-in-command, ensures that the critical surfaces of the aircraft are free of ice, snow, slush or frost just prior to take-off. This check shall be accomplished as close to the time of take-off as possible and is normally made from within the aeroplane by visually checking the wings."
071.02.02.01.07,070,Operational Procedures,MED,N,,3,agent_tasklist.md,0,DRAFT_DONE,Explain why an aircraft has to be treated symmetrically.
071.02.02.01.08,070,Operational Procedures,MED,N,,3,agent_tasklist.md,0,DRAFT_DONE,Explain why an operator shall establish procedures to be followed when ground de-icing and anti-icing and related inspections of the aircraft are necessary.
071.02.02.01.09,070,Operational Procedures,MED,N,,3,agent_tasklist.md,0,DRAFT_DONE,Explain why a commander shall not commence take-off unless the external surfaces are clear of any deposit which might adversely affect the performance or controllability of the aircraft except as permitted in the flight manual.
071.02.02.01.10,070,Operational Procedures,MED,N,,3,agent_tasklist.md,0,DRAFT_DONE,Explain the requirements for operations in icing conditions.
071.02.02.01.11,070,Operational Procedures,MED,N,,3,agent_tasklist.md,0,DRAFT_DONE,Explain why safety must come before commercial pressures in relation to de-icing and anti-icing of aircraft.  (Consider time and financial cost versus direct and indirect effects of an incident/accident).
071.02.02.02.01,070,Operational Procedures,MED,N,,3,agent_tasklist.md,0,DRAFT_DONE,"Explain that the effects of icing are wide-ranging, unpredictable and dependent upon individual aircraft design. The magnitude of these effects is dependent upon many variables, but the effects can be both significant and dangerous."
071.02.02.02.02,070,Operational Procedures,MED,N,,3,agent_tasklist.md,0,DRAFT_DONE,"Explain that in icing conditions, for a given speed and a given angle of attack, wing lift can be reduced by as much as 30 % and drag increased by up to 40 %. State that these changes in lift and drag will significantly increase stall speed, reduce controllability, and alter flight characteristics."
071.02.02.02.03,070,Operational Procedures,MED,N,,3,agent_tasklist.md,0,DRAFT_DONE,"Explain that ice on critical surfaces and on the airframe may also break away during take-off and be ingested into engines, possibly damaging fan and compressor blades."
071.02.02.02.04,070,Operational Procedures,MED,N,,3,agent_tasklist.md,0,DRAFT_DONE,"Explain that ice forming on pitot tubes and static ports or on angle-of-attack vanes may give false altitude, airspeed, angle-of-attack and engine-power information for air-data systems."
071.02.02.02.05,070,Operational Procedures,MED,N,,3,agent_tasklist.md,0,DRAFT_DONE,"Explain that ice, frost and snow formed on the critical surfaces on the ground can have a totally different effect on aircraft flight characteristics than ice, frost and snow formed in flight."
071.02.02.02.06,070,Operational Procedures,MED,N,,3,agent_tasklist.md,0,DRAFT_DONE,Explain that flight in known icing conditions is subject to limitations that are contained in Part B of the operations manual.
071.02.02.02.07,070,Operational Procedures,MED,N,,3,agent_tasklist.md,0,DRAFT_DONE,Explain where procedures and performances regarding flight in expected or actual icing conditions can be found.
071.02.03.01.01,070,Operational Procedures,MED,N,,3,agent_tasklist.md,0,DRAFT_DONE,Explain that the presence of birds that constitute a potential hazard to aircraft operations is part of the pre-flight information.
071.02.03.01.02,070,Operational Procedures,MED,N,,3,agent_tasklist.md,0,DRAFT_DONE,Explain how information concerning the presence of birds observed by aircrews is made available to the aeronautical information service (AIS) for distribution as the circumstances dictate.
071.02.03.01.03,070,Operational Procedures,MED,N,,3,agent_tasklist.md,0,DRAFT_DONE,Explain that the Aeronautical Information Publication (AIP) Section En-route (ENR) 5.6 contains information regarding bird migrations.
071.02.03.01.04,070,Operational Procedures,MED,N,,3,agent_tasklist.md,0,DRAFT_DONE,Explain significant data regarding bird strikes contained in ICAO Doc 9137 ‘Airport Services Manual’.
071.02.03.01.05,070,Operational Procedures,MED,N,,3,agent_tasklist.md,0,DRAFT_DONE,"Explain why birds constitute a hazard to aircraft (damage to probes, sensors, engines, windscreens, airframes, degradation in vision, etc.)."
071.02.03.01.06,070,Operational Procedures,MED,N,,3,agent_tasklist.md,0,DRAFT_DONE,Define the commander’s responsibilities regarding the reporting of bird hazards and bird strikes.
071.02.03.01.07,070,Operational Procedures,MED,N,,3,agent_tasklist.md,0,DRAFT_DONE,State that birds tend to flock to areas where food is plentiful. Such areas include: rubbish (garbage) facilities; open sewage treatment works; recently ploughed land; as well as their natural habitats.
071.02.04.01.01,070,Operational Procedures,MED,N,,3,agent_tasklist.md,0,DRAFT_DONE,Define the operator’s responsibilities regarding the establishment of noise-abatement procedures.
071.02.04.01.02,070,Operational Procedures,MED,N,,3,agent_tasklist.md,0,DRAFT_DONE,State the main purpose of noise-abatement departure procedure (NADP) 1 and NADP 2.
071.02.04.01.03,070,Operational Procedures,MED,N,,3,agent_tasklist.md,0,DRAFT_DONE,State that the PIC/commander has the authority to decide not to execute an NADP if conditions preclude the safe execution of the procedure.
071.02.04.02.01,070,Operational Procedures,MED,N,,3,agent_tasklist.md,0,DRAFT_DONE,"List the main parameters for NADP 1 and NADP 2 (i.e. speeds, heights and configuration)."
071.02.04.02.02,070,Operational Procedures,MED,N,,3,agent_tasklist.md,0,DRAFT_DONE,State that a runway lead-in lighting system should be provided where it is desired to provide visual guidance along a specific approach path for noise-abatement purposes.
071.02.04.02.03,070,Operational Procedures,MED,N,,3,agent_tasklist.md,0,DRAFT_DONE,"State that detailed information about noise-abatement procedures is to be found in Part ‘Aerodromes’ (AD), Sections 2 and 3 of the AIP."
071.02.04.03.01,070,Operational Procedures,MED,N,,3,agent_tasklist.md,0,DRAFT_DONE,List the adverse operating conditions under which noise-abatement procedures in the form of reduced-power take-off should not be required
071.02.04.03.02,070,Operational Procedures,MED,N,,3,agent_tasklist.md,0,DRAFT_DONE,List the adverse operating conditions under which noise-abatement procedures during approach should not be required.
071.02.04.03.03,070,Operational Procedures,MED,N,,3,agent_tasklist.md,0,DRAFT_DONE,State the rule regarding the use of reverse thrust on landing.
071.02.05.01.01,070,Operational Procedures,MED,N,,3,agent_tasklist.md,0,DRAFT_DONE,Explain that the actions to be taken in the event of a carburettor fire may be type-specific and should be known by the pilot.
071.02.05.02.01,070,Operational Procedures,MED,N,,3,agent_tasklist.md,0,DRAFT_DONE,Explain that the actions to be taken in the event of an engine fire may be type-specific and should be known by the pilot.
071.02.05.03.01,070,Operational Procedures,MED,N,,3,agent_tasklist.md,0,DRAFT_DONE,Identify the different types of extinguishants used in handheld fire extinguishers and the type of fire for which each one may be used.
071.02.05.03.02,070,Operational Procedures,MED,N,,3,agent_tasklist.md,0,DRAFT_DONE,Describe the precautions to be considered when applying fire extinguishants.
071.02.05.03.03,070,Operational Procedures,MED,N,,3,agent_tasklist.md,0,DRAFT_DONE,"Identify the appropriate handheld fire extinguishers to be used in the flight crew compartment, the passenger cabin and lavatories, and in the cargo compartments."
071.02.05.04.01,070,Operational Procedures,MED,N,,3,agent_tasklist.md,0,DRAFT_DONE,"Explain which actions should be taken in the event of smoke in the flight crew compartment or in the cabin, why these actions may be type-specific, and why they should be known by the pilot."
071.02.05.05.01,070,Operational Procedures,MED,N,,3,agent_tasklist.md,0,DRAFT_DONE,Describe the problems and safety precautions in the event that brakes overheat after a heavy-weight landing or a rejected take-off.
071.02.05.05.02,070,Operational Procedures,HIGH,N,Fuel/energy scheme variations,3,agent_tasklist.md,0,DRAFT_DONE,Explain the difference in the way steel and carbon brakes react to energy absorption and the operational consequences.
071.02.06.01.01,070,Operational Procedures,MED,N,,3,agent_tasklist.md,0,DRAFT_DONE,"Explain what can cause, and how to detect, a slow decompression or an automatic pressurisation system failure."
071.02.06.01.02,070,Operational Procedures,MED,N,,3,agent_tasklist.md,0,DRAFT_DONE,Describe the actions required following a slow decompression.
071.02.06.02.01,070,Operational Procedures,MED,N,,3,agent_tasklist.md,0,DRAFT_DONE,"Explain what can cause, and how to detect, a rapid or an explosive decompression."
071.02.06.03.01,070,Operational Procedures,MED,N,,3,agent_tasklist.md,0,DRAFT_DONE,Describe the actions required following a rapid or explosive decompression.
071.02.06.03.02,070,Operational Procedures,MED,N,,3,agent_tasklist.md,0,DRAFT_DONE,Describe the effects on aircraft occupants of a slow decompression and of a rapid or explosive decompression.
071.02.07.01.01,070,Operational Procedures,MED,N,,3,agent_tasklist.md,0,DRAFT_DONE,Explain how to identify low-level wind shear.
071.02.07.02.01,070,Operational Procedures,MED,N,,3,agent_tasklist.md,0,DRAFT_DONE,Describe the effects of wind shear and the actions required when wind shear is encountered at take-off and approach.
071.02.07.02.02,070,Operational Procedures,MED,N,,3,agent_tasklist.md,0,DRAFT_DONE,Describe the precautions to be taken when wind shear is suspected at take-off and approach.
071.02.07.02.03,070,Operational Procedures,MED,N,,3,agent_tasklist.md,0,DRAFT_DONE,Describe the effects of wind shear and the actions required following entry into a strong downdraft wind shear.
071.02.07.02.04,070,Operational Procedures,MED,N,,3,agent_tasklist.md,0,DRAFT_DONE,Describe a microburst and its effects.
071.02.08.01.01,070,Operational Procedures,MED,N,,3,agent_tasklist.md,0,DRAFT_DONE,Describe the term ‘wake turbulence’.
071.02.08.01.02,070,Operational Procedures,MED,N,,3,agent_tasklist.md,0,DRAFT_DONE,Describe tip vortex circulation.
071.02.08.01.03,070,Operational Procedures,MED,N,,3,agent_tasklist.md,0,DRAFT_DONE,State when vortex generation begins and ends.
071.02.08.01.04,070,Operational Procedures,MED,N,,3,agent_tasklist.md,0,DRAFT_DONE,Describe vortex circulation on the ground with and without crosswind.
071.02.08.02.01,070,Operational Procedures,MED,N,,3,agent_tasklist.md,0,DRAFT_DONE,"List the three main factors which, when combined, give the strongest vortices (heavy, clean, slow)."
071.02.08.02.02,070,Operational Procedures,MED,N,,3,agent_tasklist.md,0,DRAFT_DONE,Describe the wind conditions which are worst for wake turbulence near the ground.
071.02.08.03.01,070,Operational Procedures,MED,N,,3,agent_tasklist.md,0,DRAFT_DONE,"Describe the actions to be taken to avoid wake turbulence, specifically separations."
071.02.09.01.01,070,Operational Procedures,MED,N,,3,agent_tasklist.md,0,DRAFT_DONE,"Define the following terms:  ‘aircraft security check’, ‘screening’, ‘security’, ‘security-restricted area’, ‘unidentified baggage’."
071.02.09.01.02,070,Operational Procedures,MED,N,,3,agent_tasklist.md,0,DRAFT_DONE,State the objectives of security.
071.02.09.02.01,070,Operational Procedures,MED,N,,3,agent_tasklist.md,0,DRAFT_DONE,Describe the commander’s responsibilities concerning notifying the appropriate ATS unit.
071.02.09.02.02,070,Operational Procedures,MED,N,,3,agent_tasklist.md,0,DRAFT_DONE,Describe the commander’s responsibilities concerning operation of SSR.
071.02.09.02.03,070,Operational Procedures,MED,N,,3,agent_tasklist.md,0,DRAFT_DONE,Describe the commander’s responsibilities concerning departing from assigned track or cruising level.
071.02.09.02.04,070,Operational Procedures,MED,N,,3,agent_tasklist.md,0,DRAFT_DONE,Describe the commander’s responsibilities concerning the action required or being requested by an ATS unit to confirm SSR code and ATS interpretation response.
071.02.09.03.01,070,Operational Procedures,MED,N,,3,agent_tasklist.md,0,DRAFT_DONE,Describe the relationship between Regulation (EC) No 300/2008 and ICAO Annex 17.
071.02.09.03.02,070,Operational Procedures,MED,N,,3,agent_tasklist.md,0,DRAFT_DONE,Explain the requirements regarding training programmes.
071.02.09.03.03,070,Operational Procedures,MED,N,,3,agent_tasklist.md,0,DRAFT_DONE,State the requirements regarding reporting acts of unlawful interference.
071.02.09.03.04,070,Operational Procedures,MED,N,,3,agent_tasklist.md,0,DRAFT_DONE,State the requirements regarding aircraft search procedures.
071.02.10.01.01,070,Operational Procedures,MED,N,,3,agent_tasklist.md,0,DRAFT_DONE,"Describe the meaning of: ‘ditching’, ‘precautionary landing’, and ‘emergency landing’."
071.02.10.01.02,070,Operational Procedures,MED,N,,3,agent_tasklist.md,0,DRAFT_DONE,Describe a ditching procedure.
071.02.10.01.03,070,Operational Procedures,MED,N,,3,agent_tasklist.md,0,DRAFT_DONE,Describe a precautionary landing procedure.
071.02.10.01.04,070,Operational Procedures,MED,N,,3,agent_tasklist.md,0,DRAFT_DONE,Describe an emergency landing procedure.
071.02.10.01.05,070,Operational Procedures,MED,N,,3,agent_tasklist.md,0,DRAFT_DONE,Explain the factors to be considered when deciding to conduct a precautionary/emergency landing or ditching.
071.02.10.02.01,070,Operational Procedures,MED,N,,3,agent_tasklist.md,0,DRAFT_DONE,"List some circumstances that may require a ditching, a precautionary landing or an emergency landing."
071.02.10.03.01,070,Operational Procedures,MED,N,,3,agent_tasklist.md,0,DRAFT_DONE,Describe the briefing to be given to passengers before conducting a precautionary/emergency landing or ditching (including evacuation).
071.02.10.04.01,070,Operational Procedures,MED,N,,3,agent_tasklist.md,0,DRAFT_DONE,Describe the actions and responsibilities of crew members after landing.
071.02.10.05.01,070,Operational Procedures,MED,N,,3,agent_tasklist.md,0,DRAFT_DONE,Explain why the aircraft must be stopped and the engine(s) shut down before launching an emergency evacuation.
071.02.10.05.02,070,Operational Procedures,MED,N,,3,agent_tasklist.md,0,DRAFT_DONE,Explain the CS-25 requirements regarding evacuation procedures.
071.02.11.01.01,070,Operational Procedures,HIGH,N,Fuel/energy scheme variations,3,agent_tasklist.md,0,DRAFT_DONE,Explain why an aircraft may need to jettison fuel so as to reduce its landing mass in order to make a safe landing.
071.02.11.01.02,070,Operational Procedures,HIGH,N,Fuel/energy scheme variations,3,agent_tasklist.md,0,DRAFT_DONE,"Explain that when an aircraft that operates within controlled airspace needs to jettison fuel, the flight crew shall coordinate with ATC the following:  route to be flown which, if possible, should be clear of cities and towns, preferably over water and away from areas where thunderstorms have been reported or are expected; the flight level to be used, which should be not less than 1 800 m (6 000 ft); and the duration of fuel jettisoning."
071.02.11.01.03,070,Operational Procedures,HIGH,N,Fuel/energy scheme variations,3,agent_tasklist.md,0,DRAFT_DONE,Explain how flaps and slats may adversely affect fuel jettisoning.
071.02.11.02.01,070,Operational Procedures,HIGH,N,Fuel/energy scheme variations,3,agent_tasklist.md,0,DRAFT_DONE,Explain why a fuel-jettisoning system must be capable of jettisoning enough fuel within 15 minutes.
071.02.12.01.01,070,Operational Procedures,MED,N,,3,agent_tasklist.md,0,DRAFT_DONE,"Define the following terms:  ‘dangerous goods’, ‘dangerous goods accident’, ‘dangerous goods incident’, ‘exemption’, ‘incompatible’, ‘packaging’, ‘UN number’."
071.02.12.01.02,070,Operational Procedures,MED,N,,3,agent_tasklist.md,0,DRAFT_DONE,Explain that detailed provisions for the transport of dangerous goods by air are contained in the Technical Instructions for the Safe Transport of Dangerous Goods by Air.
071.02.12.01.03,070,Operational Procedures,MED,N,,3,agent_tasklist.md,0,DRAFT_DONE,"State that in the event of an in-flight emergency, the pilot-in-command must inform the ATC of the transport of dangerous goods by air."
071.02.12.02.01,070,Operational Procedures,MED,N,,3,agent_tasklist.md,0,DRAFT_DONE,Explain the principle of dangerous goods compatibility and segregation.
071.02.12.02.02,070,Operational Procedures,MED,N,,3,agent_tasklist.md,0,DRAFT_DONE,Explain the special requirements for the loading of radioactive materials.
071.02.12.02.03,070,Operational Procedures,MED,N,,3,agent_tasklist.md,0,DRAFT_DONE,Explain the use of the dangerous goods list.
071.02.12.02.04,070,Operational Procedures,MED,N,,3,agent_tasklist.md,0,DRAFT_DONE,Identify the labels.
071.02.12.03.01,070,Operational Procedures,MED,N,,3,agent_tasklist.md,0,DRAFT_DONE,Explain the terminology relevant to dangerous goods.
071.02.12.03.02,070,Operational Procedures,MED,N,,3,agent_tasklist.md,0,DRAFT_DONE,Explain the scope of that Regulation.
071.02.12.03.03,070,Operational Procedures,MED,N,,3,agent_tasklist.md,0,DRAFT_DONE,Explain why the transport of dangerous goods by air is subject to operator approval.
071.02.12.03.04,070,Operational Procedures,MED,N,,3,agent_tasklist.md,0,DRAFT_DONE,Explain the limitations on the transport of dangerous goods by air.
071.02.12.03.05,070,Operational Procedures,MED,N,,3,agent_tasklist.md,0,DRAFT_DONE,Explain the requirements for the acceptance of dangerous goods.
071.02.12.03.06,070,Operational Procedures,MED,N,,3,agent_tasklist.md,0,DRAFT_DONE,"Explain the requirements regarding inspection for damage, leakage or contamination."
071.02.12.03.07,070,Operational Procedures,MED,N,,3,agent_tasklist.md,0,DRAFT_DONE,Explain the requirement for the provision of information to flight crew.
071.02.12.03.08,070,Operational Procedures,MED,N,,3,agent_tasklist.md,0,DRAFT_DONE,Explain the requirements for dangerous goods incident and accident reports.
071.02.12.03.09,070,Operational Procedures,MED,N,,3,agent_tasklist.md,0,DRAFT_DONE,"State that some articles and substances, which would otherwise be classed as dangerous goods, can be exempted if they are part of the aircraft equipment, or required for use during aeromedical flights."
071.02.12.03.10,070,Operational Procedures,MED,N,,3,agent_tasklist.md,0,DRAFT_DONE,Explain why some articles and substances may be forbidden for transport by air.
071.02.12.03.11,070,Operational Procedures,MED,N,,3,agent_tasklist.md,0,DRAFT_DONE,Explain why packing must comply with the specifications of the Technical Instructions.
071.02.12.03.12,070,Operational Procedures,MED,N,,3,agent_tasklist.md,0,DRAFT_DONE,Explain the need for an inspection prior to loading dangerous goods on an aircraft.
071.02.12.03.13,070,Operational Procedures,MED,N,,3,agent_tasklist.md,0,DRAFT_DONE,Explain why some dangerous goods are designated for carriage only on cargo aircraft.
071.02.12.03.14,070,Operational Procedures,MED,N,,3,agent_tasklist.md,0,DRAFT_DONE,Explain how misdeclared or undeclared dangerous goods found in baggage are to be reported.
071.02.13.02.02,070,Operational Procedures,MED,N,,3,agent_tasklist.md,0,DRAFT_DONE,"State the runway condition codes for good braking action, and when a special air report is required."
071.02.13.03.01,070,Operational Procedures,MED,N,,3,agent_tasklist.md,0,DRAFT_DONE,Define the different types of hydroplaning.
071.02.13.03.02,070,Operational Procedures,MED,N,,3,agent_tasklist.md,0,DRAFT_DONE,Compute the two dynamic hydroplaning speeds using the following formulas:  spin-down speed (rotating tire) (kt) equals 9 square root (pressure in PSI) spin-up speed (non-rotating tire) (kt) equals 7.7 square root (pressure in PSI).
071.02.13.03.03,070,Operational Procedures,MED,N,,3,agent_tasklist.md,0,DRAFT_DONE,State that it is the spin-up speed rather than the spin-down speed which represents the actual tire situation for aircraft touchdown on flooded runways.
071.02.13.05.01,070,Operational Procedures,MED,N,,3,agent_tasklist.md,0,DRAFT_DONE,"Interpret from a SNOWTAM the contamination and braking action on a runway, taxiways and apron."
071.02.13.05.02,070,Operational Procedures,MED,N,,3,agent_tasklist.md,0,DRAFT_DONE,Explain which hazards can be identified from the SNOWTAM/METAR and how to mitigate them.
071.04.01.01.01,070,Operational Procedures,MED,N,,3,agent_tasklist.md,0,DRAFT_DONE,Explain the requirements related to flight crew recurrent training and checking and operator proficiency check.
071.04.01.02.01,070,Operational Procedures,MED,N,,3,agent_tasklist.md,0,DRAFT_DONE,Explain the task specialist’s responsibilities.
081.01.01.01.01,081,Principles of Flight — Aeroplanes,MED,N,,3,agent_tasklist.md,0,DRAFT_DONE,"List the international system of units of measurement (SI) for mass, acceleration, weight, velocity, energy, density, temperature, pressure, force, wing loading, and power."
081.01.01.01.02,081,Principles of Flight — Aeroplanes,LOW,Y,,3,agent_tasklist.md,0,DRAFT_DONE,"Define ‘mass’, ‘force’, ‘acceleration’, and ‘weight’."
081.01.01.01.03,081,Principles of Flight — Aeroplanes,MED,N,,3,agent_tasklist.md,0,DRAFT_DONE,State and interpret Newton’s three laws of motion.
081.01.01.01.04,081,Principles of Flight — Aeroplanes,LOW,Y,,3,agent_tasklist.md,0,DRAFT_DONE,Explain air density.
081.01.01.01.05,081,Principles of Flight — Aeroplanes,LOW,Y,,3,agent_tasklist.md,0,DRAFT_DONE,List the atmospheric properties that effect air density.
081.01.01.01.06,081,Principles of Flight — Aeroplanes,MED,N,,3,agent_tasklist.md,0,DRAFT_DONE,Explain how temperature and pressure changes affect air density.
081.01.01.01.07,081,Principles of Flight — Aeroplanes,LOW,Y,,3,agent_tasklist.md,0,DRAFT_DONE,Define ‘static pressure’.
081.01.01.01.08,081,Principles of Flight — Aeroplanes,LOW,Y,,3,agent_tasklist.md,0,DRAFT_DONE,Define ‘dynamic pressure’.
081.01.01.01.09,081,Principles of Flight — Aeroplanes,LOW,Y,,3,agent_tasklist.md,0,DRAFT_DONE,State the formula for ‘dynamic pressure’.
081.01.01.01.10,081,Principles of Flight — Aeroplanes,MED,N,,3,agent_tasklist.md,0,DRAFT_DONE,"Describe dynamic pressure in terms of an indication of the energy in the system, and how it is related to indicated airspeed (IAS) and air density for a given altitude and speed."
081.01.01.01.11,081,Principles of Flight — Aeroplanes,MED,N,,3,agent_tasklist.md,0,DRAFT_DONE,State Bernoulli’s equation for incompressible flow.
081.01.01.01.12,081,Principles of Flight — Aeroplanes,MED,N,,3,agent_tasklist.md,0,DRAFT_DONE,Define ‘total pressure’ and explain that the total pressure differs in different systems.
081.01.01.01.13,081,Principles of Flight — Aeroplanes,MED,N,,3,agent_tasklist.md,0,DRAFT_DONE,Apply Bernoulli’s equation to flow through a venturi stream tube for incompressible flow.
081.01.01.01.14,081,Principles of Flight — Aeroplanes,MED,N,,3,agent_tasklist.md,0,DRAFT_DONE,Describe how IAS is acquired from the pitot static system.
081.01.01.01.15,081,Principles of Flight — Aeroplanes,MED,N,,3,agent_tasklist.md,0,DRAFT_DONE,"Describe the relationship between density, temperature, and pressure for air."
081.01.01.01.16,081,Principles of Flight — Aeroplanes,MED,N,,3,agent_tasklist.md,0,DRAFT_DONE,Explain the equation of continuity and its application to the flow through a stream tube.
081.01.01.01.17,081,Principles of Flight — Aeroplanes,LOW,Y,,3,agent_tasklist.md,0,DRAFT_DONE,"Define ‘IAS’, ‘CAS’, ‘EAS’, and ‘TAS’."
081.01.01.02.01,081,Principles of Flight — Aeroplanes,LOW,Y,,3,agent_tasklist.md,0,DRAFT_DONE,Describe steady and unsteady airflow.
081.01.01.02.02,081,Principles of Flight — Aeroplanes,LOW,Y,,3,agent_tasklist.md,0,DRAFT_DONE,Explain the concept of a streamline and a stream tube.
081.01.01.02.03,081,Principles of Flight — Aeroplanes,LOW,Y,,3,agent_tasklist.md,0,DRAFT_DONE,Describe and explain airflow through a stream tube.
081.01.01.02.04,081,Principles of Flight — Aeroplanes,LOW,Y,,3,agent_tasklist.md,0,DRAFT_DONE,Explain the difference between two- and three-dimensional airflow.
081.01.01.03.01,081,Principles of Flight — Aeroplanes,MED,N,,3,agent_tasklist.md,0,DRAFT_DONE,Describe the originating point and direction of the resultant force caused by the pressure distribution around an aerofoil.
081.01.01.03.02,081,Principles of Flight — Aeroplanes,LOW,Y,,3,agent_tasklist.md,0,DRAFT_DONE,Resolve the resultant force into the components ‘lift’ and ‘drag’.
081.01.01.03.03,081,Principles of Flight — Aeroplanes,MED,N,,3,agent_tasklist.md,0,DRAFT_DONE,Describe the direction of lift and drag.
081.01.01.03.04,081,Principles of Flight — Aeroplanes,LOW,Y,,3,agent_tasklist.md,0,DRAFT_DONE,Define the ‘aerodynamic moment’.
081.01.01.03.05,081,Principles of Flight — Aeroplanes,LOW,Y,,3,agent_tasklist.md,0,DRAFT_DONE,List the factors that affect the aerodynamic moment.
081.01.01.03.06,081,Principles of Flight — Aeroplanes,MED,N,,3,agent_tasklist.md,0,DRAFT_DONE,Describe the aerodynamic moment for a symmetrical aerofoil.
081.01.01.03.07,081,Principles of Flight — Aeroplanes,MED,N,,3,agent_tasklist.md,0,DRAFT_DONE,Describe the aerodynamic moment for a positively and negatively cambered aerofoil.
081.01.01.03.08,081,Principles of Flight — Aeroplanes,LOW,Y,,3,agent_tasklist.md,0,DRAFT_DONE,Define ‘angle of attack’ (alpha).
081.01.01.04.01,081,Principles of Flight — Aeroplanes,LOW,Y,,3,agent_tasklist.md,0,DRAFT_DONE,Describe the following parameter of an aerofoil section: leading edge.
081.01.01.04.02,081,Principles of Flight — Aeroplanes,LOW,Y,,3,agent_tasklist.md,0,DRAFT_DONE,Describe the following parameter of an aerofoil section: trailing edge.
081.01.01.04.03,081,Principles of Flight — Aeroplanes,MED,N,,3,agent_tasklist.md,0,DRAFT_DONE,Describe the following parameter of an aerofoil section: chord line.
081.01.01.04.04,081,Principles of Flight — Aeroplanes,MED,N,,3,agent_tasklist.md,0,DRAFT_DONE,Describe the following parameter of an aerofoil section: thickness-to-chord ratio or relative thickness.
081.01.01.04.05,081,Principles of Flight — Aeroplanes,MED,N,,3,agent_tasklist.md,0,DRAFT_DONE,Describe the following parameter of an aerofoil section: location of maximum thickness.
081.01.01.04.06,081,Principles of Flight — Aeroplanes,MED,N,,3,agent_tasklist.md,0,DRAFT_DONE,Describe the following parameter of an aerofoil section: camber line.
081.01.01.04.07,081,Principles of Flight — Aeroplanes,MED,N,,3,agent_tasklist.md,0,DRAFT_DONE,Describe the following parameter of an aerofoil section: camber.
081.01.01.04.08,081,Principles of Flight — Aeroplanes,LOW,Y,,3,agent_tasklist.md,0,DRAFT_DONE,Describe the following parameter of an aerofoil section: nose radius.
081.01.01.04.09,081,Principles of Flight — Aeroplanes,LOW,Y,,3,agent_tasklist.md,0,DRAFT_DONE,Describe a symmetrical and an asymmetrical aerofoil section.
081.01.01.05.01,081,Principles of Flight — Aeroplanes,LOW,Y,,3,agent_tasklist.md,0,DRAFT_DONE,Describe the following parameter of a wing: span.
081.01.01.05.02,081,Principles of Flight — Aeroplanes,LOW,Y,,3,agent_tasklist.md,0,DRAFT_DONE,Describe the following parameter of a wing: tip and root chord.
081.01.01.05.03,081,Principles of Flight — Aeroplanes,MED,N,,3,agent_tasklist.md,0,DRAFT_DONE,Describe the following parameter of a wing: taper ratio.
081.01.01.05.04,081,Principles of Flight — Aeroplanes,LOW,Y,,3,agent_tasklist.md,0,DRAFT_DONE,Describe the following parameter of a wing: wing area.
081.01.01.05.05,081,Principles of Flight — Aeroplanes,MED,N,,3,agent_tasklist.md,0,DRAFT_DONE,Describe the following parameter of a wing: wing planform.
081.01.01.05.06,081,Principles of Flight — Aeroplanes,LOW,Y,,3,agent_tasklist.md,0,DRAFT_DONE,Describe the following parameter of a wing: mean geometric chord.
081.01.01.05.07,081,Principles of Flight — Aeroplanes,MED,N,,3,agent_tasklist.md,0,DRAFT_DONE,Describe the following parameter of a wing: mean aerodynamic chord (MAC).
081.01.01.05.08,081,Principles of Flight — Aeroplanes,MED,N,,3,agent_tasklist.md,0,DRAFT_DONE,Describe the following parameter of a wing: aspect ratio.
081.01.01.05.09,081,Principles of Flight — Aeroplanes,LOW,Y,,3,agent_tasklist.md,0,DRAFT_DONE,Describe the following parameter of a wing: dihedral angle.
081.01.01.05.10,081,Principles of Flight — Aeroplanes,LOW,Y,,3,agent_tasklist.md,0,DRAFT_DONE,Describe the following parameter of a wing: sweep angle.
081.01.01.05.11,081,Principles of Flight — Aeroplanes,LOW,Y,,3,agent_tasklist.md,0,DRAFT_DONE,"Describe the following parameter of a wing: wing twist, geometric and aerodynamic."
081.01.01.05.12,081,Principles of Flight — Aeroplanes,MED,N,,3,agent_tasklist.md,0,DRAFT_DONE,"Describe the following parameter of a wing: angle of incidence. Remark: In certain textbooks, angle of incidence is used as angle of attack (alpha). For Part-FCL theoretical knowledge examination purposes, this use is discontinued, and the angle of incidence is defined as the angle between the aeroplane longitudinal axis and the wing-root chord line."
081.01.02.01.01,081,Principles of Flight — Aeroplanes,LOW,Y,,3,agent_tasklist.md,0,DRAFT_DONE,Describe the streamline pattern around an aerofoil.
081.01.02.01.02,081,Principles of Flight — Aeroplanes,MED,N,,3,agent_tasklist.md,0,DRAFT_DONE,"Describe converging and diverging streamlines, and their effect on static pressure and velocity."
081.01.02.01.03,081,Principles of Flight — Aeroplanes,LOW,Y,,3,agent_tasklist.md,0,DRAFT_DONE,Describe upwash and downwash.
081.01.02.02.01,081,Principles of Flight — Aeroplanes,MED,N,,3,agent_tasklist.md,0,DRAFT_DONE,Describe the stagnation point.
081.01.02.02.02,081,Principles of Flight — Aeroplanes,MED,N,,3,agent_tasklist.md,0,DRAFT_DONE,Describe the movement of the stagnation point as the alpha changes.
081.01.02.03.01,081,Principles of Flight — Aeroplanes,MED,N,,3,agent_tasklist.md,0,DRAFT_DONE,Describe pressure distribution and local speeds around an aerofoil including effects of camber and alpha.
081.01.02.04.01,081,Principles of Flight — Aeroplanes,MED,N,,3,agent_tasklist.md,0,DRAFT_DONE,Explain CP and AC.
081.01.02.06.01,081,Principles of Flight — Aeroplanes,LOW,Y,,3,agent_tasklist.md,0,DRAFT_DONE,List two physical phenomena that cause drag.
081.01.02.06.02,081,Principles of Flight — Aeroplanes,MED,N,,3,agent_tasklist.md,0,DRAFT_DONE,Describe skin friction drag.
081.01.02.06.03,081,Principles of Flight — Aeroplanes,MED,N,,3,agent_tasklist.md,0,DRAFT_DONE,Describe form (pressure) drag.
081.01.02.06.04,081,Principles of Flight — Aeroplanes,LOW,Y,,3,agent_tasklist.md,0,DRAFT_DONE,Explain why drag and wake cause loss of energy (momentum).
081.01.02.07.01,081,Principles of Flight — Aeroplanes,MED,N,,3,agent_tasklist.md,0,DRAFT_DONE,Explain the influence of alpha on lift.
081.01.02.09.01,081,Principles of Flight — Aeroplanes,MED,N,,3,agent_tasklist.md,0,DRAFT_DONE,Describe the CL-alpha graph.
081.01.02.09.02,081,Principles of Flight — Aeroplanes,MED,N,,3,agent_tasklist.md,0,DRAFT_DONE,Explain the significant points: point where the curve crosses the horizontal axis (zero lift); point where the curve crosses the vertical axis (alpha equals 0); point where the curve reaches its maximum (CLMAX).
081.01.03.01.01,081,Principles of Flight — Aeroplanes,LOW,Y,,3,agent_tasklist.md,0,DRAFT_DONE,Explain why coefficients are used in general.
081.01.03.02.01,081,Principles of Flight — Aeroplanes,MED,N,,3,agent_tasklist.md,0,DRAFT_DONE,"Explain the lift formula, the factors that affect lift, and perform simple calculations."
081.01.03.02.02,081,Principles of Flight — Aeroplanes,MED,N,,3,agent_tasklist.md,0,DRAFT_DONE,Describe the effect of camber on the CL-alpha graph (symmetrical and positively/negatively cambered aerofoils).
081.01.03.02.03,081,Principles of Flight — Aeroplanes,MED,N,,3,agent_tasklist.md,0,DRAFT_DONE,Describe the typical difference in the CL-alpha graph for fast and slow aerofoil design.
081.01.03.02.04,081,Principles of Flight — Aeroplanes,LOW,Y,,3,agent_tasklist.md,0,DRAFT_DONE,Define ‘CLMAX’ (maximum lift coefficient) and ‘alphaCRIT’ (stalling alpha) on the graph.
081.01.03.02.05,081,Principles of Flight — Aeroplanes,MED,N,,3,agent_tasklist.md,0,DRAFT_DONE,Describe CL and explain the variables that affect it in low subsonic flight.
081.01.03.03.01,081,Principles of Flight — Aeroplanes,MED,N,,3,agent_tasklist.md,0,DRAFT_DONE,Describe the two-dimensional drag formula.
081.01.03.03.02,081,Principles of Flight — Aeroplanes,MED,N,,3,agent_tasklist.md,0,DRAFT_DONE,"Discuss the effect of the shape of a body, cross-sectional area, and surface roughness on the drag coefficient."
081.01.04.01.01,081,Principles of Flight — Aeroplanes,LOW,Y,,3,agent_tasklist.md,0,DRAFT_DONE,"Define ‘angle of attack’ (alpha). Remark: For theoretical knowledge examination purposes, the angle-of-attack definition requires a reference line. This reference line for 3D has been chosen to be the longitudinal axis and for 2D the chord line."
081.01.04.01.02,081,Principles of Flight — Aeroplanes,MED,N,,3,agent_tasklist.md,0,DRAFT_DONE,Explain the difference between the alpha and the attitude of an aeroplane.
081.01.04.02.01,081,Principles of Flight — Aeroplanes,MED,N,,3,agent_tasklist.md,0,DRAFT_DONE,"Describe the general streamline pattern around the wing, tail section, and fuselage."
081.01.04.02.02,081,Principles of Flight — Aeroplanes,MED,N,,3,agent_tasklist.md,0,DRAFT_DONE,Explain and describe the causes of spanwise flow over top and bottom surfaces.
081.01.04.02.03,081,Principles of Flight — Aeroplanes,MED,N,,3,agent_tasklist.md,0,DRAFT_DONE,Describe wing tip vortices and their contribution to downwash behind the wing.
081.01.04.02.04,081,Principles of Flight — Aeroplanes,MED,N,,3,agent_tasklist.md,0,DRAFT_DONE,Explain why wing tip vortices vary with alpha.
081.01.04.02.05,081,Principles of Flight — Aeroplanes,MED,N,,3,agent_tasklist.md,0,DRAFT_DONE,Describe spanwise lift distribution including the effect of wing planform.
081.01.04.02.06,081,Principles of Flight — Aeroplanes,MED,N,,3,agent_tasklist.md,0,DRAFT_DONE,"Describe the causes, distribution and duration of the wake turbulence behind an aeroplane."
081.01.04.02.07,081,Principles of Flight — Aeroplanes,MED,N,,3,agent_tasklist.md,0,DRAFT_DONE,Describe the influence of flap deflection on the wing tip vortex.
081.01.04.02.08,081,Principles of Flight — Aeroplanes,MED,N,,3,agent_tasklist.md,0,DRAFT_DONE,Describe the parameters that influence wake turbulence.
081.01.04.03.01,081,Principles of Flight — Aeroplanes,MED,N,,3,agent_tasklist.md,0,DRAFT_DONE,Explain the factors that cause induced drag.
081.01.04.03.02,081,Principles of Flight — Aeroplanes,MED,N,,3,agent_tasklist.md,0,DRAFT_DONE,Describe the approximate formula for the induced drag coefficient (including variables but excluding constants).
081.01.04.03.03,081,Principles of Flight — Aeroplanes,MED,N,,3,agent_tasklist.md,0,DRAFT_DONE,Describe the relationship between induced drag and total drag in straight and level flight with variable speed.
081.01.04.03.04,081,Principles of Flight — Aeroplanes,MED,N,,3,agent_tasklist.md,0,DRAFT_DONE,Describe the effect of mass on induced drag at a given IAS.
081.01.04.03.05,081,Principles of Flight — Aeroplanes,MED,N,,3,agent_tasklist.md,0,DRAFT_DONE,Describe the means to reduce induced drag: aspect ratio; winglets; tip tanks; wing twist; camber change.
081.01.04.03.06,081,Principles of Flight — Aeroplanes,MED,N,,3,agent_tasklist.md,0,DRAFT_DONE,Describe the influence of lift distribution on induced drag.
081.01.04.03.07,081,Principles of Flight — Aeroplanes,MED,N,,3,agent_tasklist.md,0,DRAFT_DONE,Describe the influence of downwash on the effective airflow.
081.01.04.03.08,081,Principles of Flight — Aeroplanes,MED,N,,3,agent_tasklist.md,0,DRAFT_DONE,Explain induced and effective local alpha.
081.01.04.03.09,081,Principles of Flight — Aeroplanes,MED,N,,3,agent_tasklist.md,0,DRAFT_DONE,Explain the influence of the induced alpha on the direction of the lift vector.
081.01.04.03.10,081,Principles of Flight — Aeroplanes,MED,N,,3,agent_tasklist.md,0,DRAFT_DONE,Explain the relationship between induced drag and: speed; aspect ratio; wing planform; bank angle in a horizontal coordinated turn.
081.01.04.03.11,081,Principles of Flight — Aeroplanes,MED,N,,3,agent_tasklist.md,0,DRAFT_DONE,Explain the induced drag coefficient and its relationship with the lift coefficient and aspect ratio.
081.01.04.03.12,081,Principles of Flight — Aeroplanes,MED,N,,3,agent_tasklist.md,0,DRAFT_DONE,"Explain the influence of induced drag on: the CL-alpha graph, and show the effect on the graph when comparing high- and low-aspect ratio wings; the CL-CD (aeroplane polar), and show the effect on the graph when comparing high- and low-aspect ratio wings; the parabolic aeroplane polar in a graph and as a formula [CD equals CPD plus kCL2], where CD equals coefficient of drag and CPD equals coefficient of parasite drag."
081.01.04.03.13,081,Principles of Flight — Aeroplanes,MED,N,,3,agent_tasklist.md,0,DRAFT_DONE,Describe the CL-CD graph (polar).
081.01.04.03.14,081,Principles of Flight — Aeroplanes,MED,N,,3,agent_tasklist.md,0,DRAFT_DONE,Indicate minimum drag on the graph.
081.01.04.03.15,081,Principles of Flight — Aeroplanes,MED,N,,3,agent_tasklist.md,0,DRAFT_DONE,Explain why the CL-CD ratio is important as a measure of performance.
081.01.05.01.01,081,Principles of Flight — Aeroplanes,LOW,Y,,3,agent_tasklist.md,0,DRAFT_DONE,State that total drag consists of parasite drag and induced drag.
081.01.05.02.01,081,Principles of Flight — Aeroplanes,MED,N,,3,agent_tasklist.md,0,DRAFT_DONE,Describe the types of drag that are included in parasite drag.
081.01.05.02.02,081,Principles of Flight — Aeroplanes,MED,N,,3,agent_tasklist.md,0,DRAFT_DONE,Describe form (pressure) drag and the factors which affect its magnitude.
081.01.05.02.03,081,Principles of Flight — Aeroplanes,MED,N,,3,agent_tasklist.md,0,DRAFT_DONE,Describe interference drag and the factors which affect its magnitude.
081.01.05.02.04,081,Principles of Flight — Aeroplanes,MED,N,,3,agent_tasklist.md,0,DRAFT_DONE,Describe friction drag and the factors which affect its magnitude.
081.01.05.03.01,081,Principles of Flight — Aeroplanes,MED,N,,3,agent_tasklist.md,0,DRAFT_DONE,Describe the relationship between parasite drag and speed.
081.01.05.05.01,081,Principles of Flight — Aeroplanes,MED,N,,3,agent_tasklist.md,0,DRAFT_DONE,Explain the total drag-speed graph and the constituent drag components.
081.01.05.05.02,081,Principles of Flight — Aeroplanes,MED,N,,3,agent_tasklist.md,0,DRAFT_DONE,Indicate the speed for minimum drag.
081.01.05.07.01,081,Principles of Flight — Aeroplanes,MED,N,,3,agent_tasklist.md,0,DRAFT_DONE,Describe the effect of aeroplane gross mass on the graph.
081.01.05.07.02,081,Principles of Flight — Aeroplanes,MED,N,,3,agent_tasklist.md,0,DRAFT_DONE,Describe the effect of pressure altitude on: drag-IAS graph; drag-TAS graph.
081.01.05.07.03,081,Principles of Flight — Aeroplanes,MED,N,,3,agent_tasklist.md,0,DRAFT_DONE,Describe speed stability from the graph.
081.01.05.07.04,081,Principles of Flight — Aeroplanes,MED,N,,3,agent_tasklist.md,0,DRAFT_DONE,"Describe non-stable, neutral, and stable IAS regions."
081.01.05.07.05,081,Principles of Flight — Aeroplanes,MED,N,,3,agent_tasklist.md,0,DRAFT_DONE,Explain what happens to the IAS and drag in the non-stable region if speed suddenly decreases and why this could occur.
081.01.06.01.01,081,Principles of Flight — Aeroplanes,MED,N,,3,agent_tasklist.md,0,DRAFT_DONE,"Explain the influence of ground effect on wing tip vortices, downwash, airflow pattern, lift, and drag."
081.01.06.01.02,081,Principles of Flight — Aeroplanes,MED,N,,3,agent_tasklist.md,0,DRAFT_DONE,Describe the influence of ground effect on induced alpha and the coefficient of induced drag (CDi).
081.01.06.01.03,081,Principles of Flight — Aeroplanes,MED,N,,3,agent_tasklist.md,0,DRAFT_DONE,Explain the effects of entering and leaving ground effect.
081.01.06.02.01,081,Principles of Flight — Aeroplanes,MED,N,,3,agent_tasklist.md,0,DRAFT_DONE,Describe the influence of ground effect on alphaCRIT.
081.01.06.03.01,081,Principles of Flight — Aeroplanes,MED,N,,3,agent_tasklist.md,0,DRAFT_DONE,Describe the influence of ground effect on the effective alpha and CL.
081.01.06.04.01,081,Principles of Flight — Aeroplanes,MED,N,,3,agent_tasklist.md,0,DRAFT_DONE,Describe the influence of ground effect on take-off and landing characteristics and performance of an aeroplane.
081.01.06.04.02,081,Principles of Flight — Aeroplanes,MED,N,,3,agent_tasklist.md,0,DRAFT_DONE,Describe the difference in take-off and landing characteristics of high- and low-wing aeroplanes.
081.01.07.01.01,081,Principles of Flight — Aeroplanes,MED,N,,3,agent_tasklist.md,0,DRAFT_DONE,"Explain the effect on CL during speed increase/decrease in steady, straight, and level flight, and perform simple calculations."
081.01.07.02.01,081,Principles of Flight — Aeroplanes,MED,N,,3,agent_tasklist.md,0,DRAFT_DONE,"Explain, by using a graph, the effect on speed of CL changes at a given weight."
081.01.09.01.01,081,Principles of Flight — Aeroplanes,MED,N,,3,agent_tasklist.md,0,DRAFT_DONE,"From the given relevant diagrams, describe or identify the following types of trailing-edge flaps: split flaps; plain flaps; slotted flaps; Fowler flaps."
081.01.09.01.02,081,Principles of Flight — Aeroplanes,MED,N,,3,agent_tasklist.md,0,DRAFT_DONE,"Describe how the wing’s effective camber increases the CL and CD, and the reasons why this can be beneficial."
081.01.09.01.03,081,Principles of Flight — Aeroplanes,MED,N,,3,agent_tasklist.md,0,DRAFT_DONE,Describe their effect on: the location of CP; pitching moments (due to wing CP movement); stall speed.
081.01.09.01.04,081,Principles of Flight — Aeroplanes,MED,N,,3,agent_tasklist.md,0,DRAFT_DONE,Compare their influence on the CL-alpha graph: indicate the variation in CL at any given alpha; indicate their effect on CLMAX; indicate their effect on critical alpha; indicate their effect on the alpha at a given CL.
081.01.09.01.05,081,Principles of Flight — Aeroplanes,MED,N,,3,agent_tasklist.md,0,DRAFT_DONE,Compare their influence on the CL-CD graph: indicate how the (CL/CD)MAX differs from that of a clean wing.
081.01.09.01.06,081,Principles of Flight — Aeroplanes,MED,N,,3,agent_tasklist.md,0,DRAFT_DONE,Explain the influence of trailing-edge flap deflection on the glide angle.
081.01.09.01.07,081,Principles of Flight — Aeroplanes,MED,N,,3,agent_tasklist.md,0,DRAFT_DONE,Describe flap asymmetry: explain the effect on aeroplane controllability.
081.01.09.01.08,081,Principles of Flight — Aeroplanes,MED,N,,3,agent_tasklist.md,0,DRAFT_DONE,Describe trailing-edge flap effect on take-off and landing: explain the advantages of lower-nose attitudes; explain why take-off and landing speeds/distances are reduced.
081.01.09.01.09,081,Principles of Flight — Aeroplanes,MED,N,,3,agent_tasklist.md,0,DRAFT_DONE,"Explain the effects of flap-setting errors, such as mis-selection and premature/late extension or retraction of flaps, on: take-off and landing distance and speeds; climb and descent performance; stall buffet margins."
081.01.09.02.01,081,Principles of Flight — Aeroplanes,MED,N,,3,agent_tasklist.md,0,DRAFT_DONE,"From the given relevant diagrams, describe or identify the different types of leading-edge high-lift devices: Krueger flaps; variable camber flaps; slats."
081.01.09.02.02,081,Principles of Flight — Aeroplanes,MED,N,,3,agent_tasklist.md,0,DRAFT_DONE,Describe the function of the slot.
081.01.09.02.03,081,Principles of Flight — Aeroplanes,MED,N,,3,agent_tasklist.md,0,DRAFT_DONE,Describe how the wing’s effective camber increases with a leading-edge flap.
081.01.09.02.04,081,Principles of Flight — Aeroplanes,MED,N,,3,agent_tasklist.md,0,DRAFT_DONE,"Explain the effect of leading-edge flaps on the stall speed, also in comparison with trailing-edge flaps."
081.01.09.02.05,081,Principles of Flight — Aeroplanes,MED,N,,3,agent_tasklist.md,0,DRAFT_DONE,"Compare their influence on the CL-alpha graph, compared with trailing-edge flaps and a clean wing: indicate the effect of leading-edge devices on CLMAX; explain how the CL curve differs from that of a clean wing; indicate the effect of leading-edge devices on alphaCRIT."
081.01.09.02.06,081,Principles of Flight — Aeroplanes,MED,N,,3,agent_tasklist.md,0,DRAFT_DONE,Compare their influence on the CL-CD graph.
081.01.09.02.07,081,Principles of Flight — Aeroplanes,MED,N,,3,agent_tasklist.md,0,DRAFT_DONE,Describe slat asymmetry: describe the effect on aeroplane controllability.
081.01.09.02.08,081,Principles of Flight — Aeroplanes,MED,N,,3,agent_tasklist.md,0,DRAFT_DONE,Explain the reasons for using leading-edge high-lift devices on take-off and landing: explain the disadvantage of increased nose-up attitudes; explain why take-off and landing speeds/distances are reduced.
081.01.09.03.01,081,Principles of Flight — Aeroplanes,MED,N,,3,agent_tasklist.md,0,DRAFT_DONE,Explain the purpose of vortex generators.
081.01.09.03.02,081,Principles of Flight — Aeroplanes,MED,N,,3,agent_tasklist.md,0,DRAFT_DONE,Describe the basic operating principle of vortex generators.
081.01.09.03.03,081,Principles of Flight — Aeroplanes,MED,N,,3,agent_tasklist.md,0,DRAFT_DONE,State their advantages and disadvantages.
081.01.10.01.01,081,Principles of Flight — Aeroplanes,MED,N,,3,agent_tasklist.md,0,DRAFT_DONE,Describe the aerodynamic functioning of spoilers: roll spoilers; flight spoilers (speed brakes); ground spoilers (lift dumpers).
081.01.10.01.02,081,Principles of Flight — Aeroplanes,MED,N,,3,agent_tasklist.md,0,DRAFT_DONE,Describe the effect of spoilers on the CL-alpha graph and stall speed.
081.01.10.01.03,081,Principles of Flight — Aeroplanes,MED,N,,3,agent_tasklist.md,0,DRAFT_DONE,Describe the influence of spoilers on the CL-CD graph and lift-drag ratio.
081.01.10.02.01,081,Principles of Flight — Aeroplanes,MED,N,,3,agent_tasklist.md,0,DRAFT_DONE,Describe speed brakes and the reasons for using them in the different phases of flight.
081.01.10.02.02,081,Principles of Flight — Aeroplanes,MED,N,,3,agent_tasklist.md,0,DRAFT_DONE,State their influence on the CL-CD graph and lift-drag ratio.
081.01.10.02.03,081,Principles of Flight — Aeroplanes,MED,N,,3,agent_tasklist.md,0,DRAFT_DONE,Explain how speed brakes increase parasite drag.
081.01.10.02.04,081,Principles of Flight — Aeroplanes,MED,N,,3,agent_tasklist.md,0,DRAFT_DONE,Describe how speed brakes affect the minimum drag speed.
081.01.10.02.05,081,Principles of Flight — Aeroplanes,MED,N,,3,agent_tasklist.md,0,DRAFT_DONE,Describe their effect on rate and angle of descent.
081.01.12.01.01,081,Principles of Flight — Aeroplanes,MED,N,,3,agent_tasklist.md,0,DRAFT_DONE,Describe the locations on an aeroplane where ice build-up will occur during flight.
081.01.12.01.02,081,Principles of Flight — Aeroplanes,MED,N,,3,agent_tasklist.md,0,DRAFT_DONE,Explain the aerodynamic effects of ice and other contaminants on: lift (maximum CL); drag; stall speed; alphaCRIT; stability and controllability.
081.01.12.01.03,081,Principles of Flight — Aeroplanes,MED,N,,3,agent_tasklist.md,0,DRAFT_DONE,Explain the aerodynamic effects of icing during take-off.
081.01.12.02.01,081,Principles of Flight — Aeroplanes,MED,N,,3,agent_tasklist.md,0,DRAFT_DONE,Describe the effect of airframe deformation and modification of an ageing aeroplane on aeroplane performance.
081.01.12.02.02,081,Principles of Flight — Aeroplanes,MED,N,,3,agent_tasklist.md,0,DRAFT_DONE,Explain the effect on boundary layer condition of an ageing aeroplane.
081.02.01.01.01,081,Principles of Flight — Aeroplanes,LOW,Y,,3,agent_tasklist.md,0,DRAFT_DONE,Define ‘speed of sound’.
081.02.01.01.02,081,Principles of Flight — Aeroplanes,MED,N,,3,agent_tasklist.md,0,DRAFT_DONE,Explain the variation of the speed of sound with altitude.
081.02.01.01.03,081,Principles of Flight — Aeroplanes,MED,N,,3,agent_tasklist.md,0,DRAFT_DONE,Explain the influence of temperature on the speed of sound.
081.02.01.02.01,081,Principles of Flight — Aeroplanes,MED,N,,3,agent_tasklist.md,0,DRAFT_DONE,Define ‘Mach number’ as a function of TAS and speed of sound.
081.02.01.03.01,081,Principles of Flight — Aeroplanes,MED,N,,3,agent_tasklist.md,0,DRAFT_DONE,Explain the absence of change of Mach number with varying temperature at constant flight level and calibrated airspeed.
081.02.01.03.02,081,Principles of Flight — Aeroplanes,MED,N,,3,agent_tasklist.md,0,DRAFT_DONE,"Explain the relationship between Mach number, TAS and IAS during climb and descent at constant Mach number or IAS, and explain variation of lift coefficient, alpha, pitch and flight-path angle."
081.02.01.03.03,081,Principles of Flight — Aeroplanes,MED,N,,3,agent_tasklist.md,0,DRAFT_DONE,Explain: risk of exceeding the maximum operation speed (VMO) when descending at constant Mach number; risk of exceeding the maximum operating Mach number (MMO) when climbing at constant IAS; risk of a low-speed stall at high altitude when climbing at a too low Mach number.
081.02.01.04.01,081,Principles of Flight — Aeroplanes,MED,N,,3,agent_tasklist.md,0,DRAFT_DONE,"State that compressibility means that density can change along a streamline, and that this occurs in the high subsonic (from Mach 0.4), transonic, and supersonic flow."
081.02.01.04.02,081,Principles of Flight — Aeroplanes,LOW,Y,,3,agent_tasklist.md,0,DRAFT_DONE,"State that compressibility negatively affects the pressure gradient, leading to an overall reduction of the CL."
081.02.01.04.03,081,Principles of Flight — Aeroplanes,LOW,Y,,3,agent_tasklist.md,0,DRAFT_DONE,State that Mach number is a measure of compressibility.
081.02.01.04.04,081,Principles of Flight — Aeroplanes,MED,N,,3,agent_tasklist.md,0,DRAFT_DONE,Describe that compressibility increases low-speed stall speed and decreases alphaCRIT.
081.02.01.05.01,081,Principles of Flight — Aeroplanes,LOW,Y,,3,agent_tasklist.md,0,DRAFT_DONE,List the subdivision of aerodynamic flow: subsonic flow below compressibility; subsonic flow above compressibility; transonic flow; supersonic flow.
081.02.01.05.02,081,Principles of Flight — Aeroplanes,MED,N,,3,agent_tasklist.md,0,DRAFT_DONE,Describe the characteristics of the flow regimes listed above.
081.02.01.05.03,081,Principles of Flight — Aeroplanes,MED,N,,3,agent_tasklist.md,0,DRAFT_DONE,Explain why some transport aeroplanes cruise at Mach numbers above the critical Mach number (MCRIT).
081.02.02.01.01,081,Principles of Flight — Aeroplanes,LOW,Y,,3,agent_tasklist.md,0,DRAFT_DONE,Define a ‘shock wave’.
081.02.02.02.01,081,Principles of Flight — Aeroplanes,MED,N,,3,agent_tasklist.md,0,DRAFT_DONE,Describe a normal shock wave with respect to changes in: static temperature; static and total pressure; velocity; local speed of sound; Mach number; density.
081.02.02.02.02,081,Principles of Flight — Aeroplanes,MED,N,,3,agent_tasklist.md,0,DRAFT_DONE,Describe a normal shock wave with respect to orientation relative to the wing surface.
081.02.02.02.03,081,Principles of Flight — Aeroplanes,MED,N,,3,agent_tasklist.md,0,DRAFT_DONE,"Explain the influence of increasing Mach number on a normal shock wave, at positive lift, with respect to: strength; position relative to the wing; second shock wave at the lower surface."
081.02.02.02.04,081,Principles of Flight — Aeroplanes,MED,N,,3,agent_tasklist.md,0,DRAFT_DONE,Explain the influence of alpha on shock-wave intensity and shock-wave location at constant Mach number.
081.02.03.01.01,081,Principles of Flight — Aeroplanes,MED,N,,3,agent_tasklist.md,0,DRAFT_DONE,Define ‘MCRIT’.
081.02.03.01.02,081,Principles of Flight — Aeroplanes,MED,N,,3,agent_tasklist.md,0,DRAFT_DONE,"Explain how a change in alpha, aeroplane weight, manoeuvres, and centre-of-gravity (CG) position influences MCRIT."
081.02.03.02.01,081,Principles of Flight — Aeroplanes,MED,N,,3,agent_tasklist.md,0,DRAFT_DONE,Describe the behaviour of CL versus Mach number at constant alpha.
081.02.03.02.02,081,Principles of Flight — Aeroplanes,MED,N,,3,agent_tasklist.md,0,DRAFT_DONE,Explain the consequences of exceeding MCRIT with respect to CL and CLMAX.
081.02.03.02.03,081,Principles of Flight — Aeroplanes,MED,N,,3,agent_tasklist.md,0,DRAFT_DONE,Explain the change in stall indicated airspeed (IAS) with altitude.
081.02.03.02.04,081,Principles of Flight — Aeroplanes,MED,N,,3,agent_tasklist.md,0,DRAFT_DONE,Discuss the effect on alphaCRIT.
081.02.03.02.05,081,Principles of Flight — Aeroplanes,MED,N,,3,agent_tasklist.md,0,DRAFT_DONE,Explain the advantages of exceeding MCRIT in aeroplanes with supercritical aerofoils with respect to: speed versus drag ratio; specific range; optimum altitude.
081.02.03.03.01,081,Principles of Flight — Aeroplanes,MED,N,,3,agent_tasklist.md,0,DRAFT_DONE,Describe wave drag.
081.02.03.03.02,081,Principles of Flight — Aeroplanes,MED,N,,3,agent_tasklist.md,0,DRAFT_DONE,Describe the behaviour of CD versus Mach number at constant alpha.
081.02.03.03.03,081,Principles of Flight — Aeroplanes,MED,N,,3,agent_tasklist.md,0,DRAFT_DONE,Explain the effect of Mach number on the CL-CD graph.
081.02.03.03.04,081,Principles of Flight — Aeroplanes,MED,N,,3,agent_tasklist.md,0,DRAFT_DONE,"Describe the effects and hazards of exceeding MDRAG DIVERGENCE, namely: drag rise; instability; Mach tuck; shock stall."
081.02.03.03.05,081,Principles of Flight — Aeroplanes,MED,N,,3,agent_tasklist.md,0,DRAFT_DONE,State the relation between MCRIT and MDRAG DIVERGENCE.
081.02.03.04.01,081,Principles of Flight — Aeroplanes,MED,N,,3,agent_tasklist.md,0,DRAFT_DONE,Discuss the effect of Mach number on the CP location.
081.02.03.04.02,081,Principles of Flight — Aeroplanes,MED,N,,3,agent_tasklist.md,0,DRAFT_DONE,Describe the overall change in pitching moment above MCRIT and explain the ‘tuck under’ or ‘Mach tuck’ effect.
081.02.03.04.03,081,Principles of Flight — Aeroplanes,LOW,Y,,3,agent_tasklist.md,0,DRAFT_DONE,State the requirement for a Mach trim system to compensate for the effect of the CP movement and ‘tuck under’ effect.
081.02.03.04.04,081,Principles of Flight — Aeroplanes,LOW,Y,,3,agent_tasklist.md,0,DRAFT_DONE,Discuss the aerodynamic functioning of the Mach trim system.
081.02.03.04.05,081,Principles of Flight — Aeroplanes,MED,N,,3,agent_tasklist.md,0,DRAFT_DONE,Discuss the corrective measures if the Mach trim fails.
081.02.03.05.01,081,Principles of Flight — Aeroplanes,MED,N,,3,agent_tasklist.md,0,DRAFT_DONE,Discuss the effects on the effectiveness of control surfaces.
081.02.05.01.01,081,Principles of Flight — Aeroplanes,MED,N,,3,agent_tasklist.md,0,DRAFT_DONE,Explain the influence of the angle of sweep on: MCRIT; effective thickness/chord change or velocity component perpendicular to the quarter chord line.
081.02.05.01.02,081,Principles of Flight — Aeroplanes,MED,N,,3,agent_tasklist.md,0,DRAFT_DONE,Describe the influence of the angle of sweepback at subsonic speed on: CLMAX; efficiency of and requirement for high-lift devices; pitch-up stall behaviour.
081.02.05.01.03,081,Principles of Flight — Aeroplanes,MED,N,,3,agent_tasklist.md,0,DRAFT_DONE,Discuss the effect of wing sweepback on drag.
081.02.05.02.01,081,Principles of Flight — Aeroplanes,MED,N,,3,agent_tasklist.md,0,DRAFT_DONE,Explain the use of thin aerofoils with reduced camber.
081.02.05.02.02,081,Principles of Flight — Aeroplanes,MED,N,,3,agent_tasklist.md,0,DRAFT_DONE,Explain the main purpose of supercritical aerofoils.
081.02.05.02.04,081,Principles of Flight — Aeroplanes,MED,N,,3,agent_tasklist.md,0,DRAFT_DONE,Explain the advantages and disadvantages of supercritical aerofoils for wing design.
081.02.05.03.01,081,Principles of Flight — Aeroplanes,MED,N,,3,agent_tasklist.md,0,DRAFT_DONE,Explain the use of vortex generators as a means to avoid or restrict flow separation caused by the presence of a normal shock wave.
081.03.01.01.01,081,Principles of Flight — Aeroplanes,LOW,Y,,3,agent_tasklist.md,0,DRAFT_DONE,Define the ‘boundary layer’.
081.03.01.01.02,081,Principles of Flight — Aeroplanes,LOW,Y,,3,agent_tasklist.md,0,DRAFT_DONE,Describe the thickness of a typical laminar and turbulent boundary layer.
081.03.01.01.03,081,Principles of Flight — Aeroplanes,MED,N,,3,agent_tasklist.md,0,DRAFT_DONE,"Describe the properties, advantages and disadvantages of the laminar boundary layer."
081.03.01.01.04,081,Principles of Flight — Aeroplanes,MED,N,,3,agent_tasklist.md,0,DRAFT_DONE,"Describe the properties, advantages and disadvantages of the turbulent boundary layer."
081.03.01.01.05,081,Principles of Flight — Aeroplanes,MED,N,,3,agent_tasklist.md,0,DRAFT_DONE,Define the ‘transition point’.
081.03.01.01.06,081,Principles of Flight — Aeroplanes,MED,N,,3,agent_tasklist.md,0,DRAFT_DONE,Explain why the laminar boundary layer separates easier than the turbulent boundary layer does.
081.03.01.01.07,081,Principles of Flight — Aeroplanes,MED,N,,3,agent_tasklist.md,0,DRAFT_DONE,Describe why the airflow over the aft part of a wing slows down as the alpha increases.
081.03.01.01.08,081,Principles of Flight — Aeroplanes,MED,N,,3,agent_tasklist.md,0,DRAFT_DONE,Define the ‘separation point’ and describe its location as a function of alpha.
081.03.01.01.09,081,Principles of Flight — Aeroplanes,LOW,Y,,3,agent_tasklist.md,0,DRAFT_DONE,Define alphaCRIT.
081.03.01.01.10,081,Principles of Flight — Aeroplanes,MED,N,,3,agent_tasklist.md,0,DRAFT_DONE,Describe in straight and level flight the influence of increasing the alpha and the phenomenon that may occur regarding: the forward stagnation point; the pressure distribution; the CP location (straight and swept-back wing); CL; CD and D (drag); the pitching moment (straight and swept-back wing); buffet onset; deterrent buffet for a clean wing at high Mach number; lack of pitch authority; uncommanded pitch down; uncommanded roll.
081.03.01.01.11,081,Principles of Flight — Aeroplanes,MED,N,,3,agent_tasklist.md,0,DRAFT_DONE,Explain what causes the possible natural buffet on the aeroplane in a pre-stall condition.
081.03.01.01.12,081,Principles of Flight — Aeroplanes,MED,N,,3,agent_tasklist.md,0,DRAFT_DONE,Describe the effectiveness of the flight controls in a pre-stall condition.
081.03.01.01.13,081,Principles of Flight — Aeroplanes,MED,N,,3,agent_tasklist.md,0,DRAFT_DONE,Describe and explain the normal post-stall behaviour of a straight-wing aeroplane.
081.03.01.01.14,081,Principles of Flight — Aeroplanes,MED,N,,3,agent_tasklist.md,0,DRAFT_DONE,Describe the effect and dangers of using the controls close to the stall.
081.03.01.01.15,081,Principles of Flight — Aeroplanes,MED,N,,3,agent_tasklist.md,0,DRAFT_DONE,Describe the deterrent buffet.
081.03.01.01.16,081,Principles of Flight — Aeroplanes,MED,N,,3,agent_tasklist.md,0,DRAFT_DONE,Explain the occurrence of the deterrent buffet and why this phenomenon is considered to be a stall limit.
081.03.01.02.01,081,Principles of Flight — Aeroplanes,MED,N,,3,agent_tasklist.md,0,DRAFT_DONE,"Explain VS0, VS1, VSR, and VS1G."
081.03.01.02.02,081,Principles of Flight — Aeroplanes,MED,N,,3,agent_tasklist.md,0,DRAFT_DONE,Solve VS1G from the lift formula given varying CL.
081.03.01.02.03,081,Principles of Flight — Aeroplanes,MED,N,,3,agent_tasklist.md,0,DRAFT_DONE,"Describe and explain the influence of the following parameters on stall speed: CG; thrust component; slipstream; wing loading; mass; wing contamination; angle of sweep; altitude (for compressibility effects, see 081 02 03 02)."
081.03.01.02.04,081,Principles of Flight — Aeroplanes,LOW,Y,,3,agent_tasklist.md,0,DRAFT_DONE,Define the ‘load factor n’.
081.03.01.02.05,081,Principles of Flight — Aeroplanes,MED,N,,3,agent_tasklist.md,0,DRAFT_DONE,Explain why the load factor increases in a turn.
081.03.01.02.06,081,Principles of Flight — Aeroplanes,MED,N,,3,agent_tasklist.md,0,DRAFT_DONE,Explain why the load factor increases in a pull-up and decreases in a push-over manoeuvre.
081.03.01.02.07,081,Principles of Flight — Aeroplanes,MED,N,,3,agent_tasklist.md,0,DRAFT_DONE,Describe and explain the influence of the ‘load factor n’ on stall speed.
081.03.01.02.08,081,Principles of Flight — Aeroplanes,LOW,Y,,3,agent_tasklist.md,0,DRAFT_DONE,"Explain the expression ‘accelerated stall’. Remark: Sometimes, accelerated stall is also erroneously referred to as high-speed stall. This latter expression will not be used for Subject 081."
081.03.01.02.09,081,Principles of Flight — Aeroplanes,MED,N,,3,agent_tasklist.md,0,DRAFT_DONE,Calculate the change of stall speed as a function of the load factor.
081.03.01.02.10,081,Principles of Flight — Aeroplanes,MED,N,,3,agent_tasklist.md,0,DRAFT_DONE,Calculate the increase of stall speed in a horizontal coordinated turn as a function of bank angle.
081.03.01.02.11,081,Principles of Flight — Aeroplanes,MED,N,,3,agent_tasklist.md,0,DRAFT_DONE,Calculate the change of stall speed as a function of the gross mass.
081.03.01.03.01,081,Principles of Flight — Aeroplanes,MED,N,,3,agent_tasklist.md,0,DRAFT_DONE,Explain the initial stall sequence on the following planforms: elliptical; rectangular; moderate and high taper; sweepback or delta.
081.03.01.03.02,081,Principles of Flight — Aeroplanes,MED,N,,3,agent_tasklist.md,0,DRAFT_DONE,Explain the purpose of aerodynamic and geometric twist (washout).
081.03.01.03.04,081,Principles of Flight — Aeroplanes,MED,N,,3,agent_tasklist.md,0,DRAFT_DONE,"Explain the influence of fences, vortilons, saw teeth, vortex generators, and strakes on engine nacelles."
081.03.01.04.01,081,Principles of Flight — Aeroplanes,LOW,Y,,3,agent_tasklist.md,0,DRAFT_DONE,Explain why stall warning is necessary.
081.03.01.04.02,081,Principles of Flight — Aeroplanes,LOW,Y,,3,agent_tasklist.md,0,DRAFT_DONE,Explain when aerodynamic and artificial stall warnings are used.
081.03.01.04.03,081,Principles of Flight — Aeroplanes,MED,N,,3,agent_tasklist.md,0,DRAFT_DONE,Explain why CS-23 and CS-25 require a margin to stall speed for take-off and landing speeds.
081.03.01.04.04,081,Principles of Flight — Aeroplanes,LOW,Y,,3,agent_tasklist.md,0,DRAFT_DONE,Describe: buffet; stall strip; flapper switch (leading-edge stall-warning vane); angle-of-attack vane; angle-of-attack probe; stick shaker.
081.03.01.04.05,081,Principles of Flight — Aeroplanes,MED,N,,3,agent_tasklist.md,0,DRAFT_DONE,Describe the recovery after: stall warning; stall; stick-pusher actuation.
081.03.01.05.02,081,Principles of Flight — Aeroplanes,MED,N,,3,agent_tasklist.md,0,DRAFT_DONE,Explain the difference between power-off and power-on stalls and recovery.
081.03.01.05.03,081,Principles of Flight — Aeroplanes,MED,N,,3,agent_tasklist.md,0,DRAFT_DONE,Describe stall and recovery in a climbing and descending turn.
081.03.01.05.04,081,Principles of Flight — Aeroplanes,MED,N,,3,agent_tasklist.md,0,DRAFT_DONE,Describe the pitch-up effect on a swept wing aeroplane and also an aeroplane with a T-tail.
081.03.01.05.05,081,Principles of Flight — Aeroplanes,MED,N,,3,agent_tasklist.md,0,DRAFT_DONE,Describe super stall or deep stall.
081.03.01.05.06,081,Principles of Flight — Aeroplanes,MED,N,,3,agent_tasklist.md,0,DRAFT_DONE,Describe the philosophy behind the stick-pusher system.
081.03.01.05.07,081,Principles of Flight — Aeroplanes,MED,N,,3,agent_tasklist.md,0,DRAFT_DONE,Describe the factors that can lead to the absence of stall warning and explain the associated risks.
081.03.01.05.08,081,Principles of Flight — Aeroplanes,MED,N,,3,agent_tasklist.md,0,DRAFT_DONE,Describe the indications and explain the consequences of premature stabiliser stall due to ice contamination (negative tail stall).
081.03.01.05.09,081,Principles of Flight — Aeroplanes,MED,N,,3,agent_tasklist.md,0,DRAFT_DONE,Describe when to expect in-flight icing.
081.03.01.05.10,081,Principles of Flight — Aeroplanes,MED,N,,3,agent_tasklist.md,0,DRAFT_DONE,Explain how the effect is changed when retracting/extending lift-augmentation devices.
081.03.01.05.12,081,Principles of Flight — Aeroplanes,MED,N,,3,agent_tasklist.md,0,DRAFT_DONE,Explain the effect of a contaminated wing on the stall speed and alphaCRIT.
081.03.01.05.13,081,Principles of Flight — Aeroplanes,MED,N,,3,agent_tasklist.md,0,DRAFT_DONE,"Explain the hazards associated with airframe contamination when parked and during ground operations in winter conditions, and the aerodynamic effects when attempting a take-off."
081.03.01.05.14,081,Principles of Flight — Aeroplanes,MED,N,,3,agent_tasklist.md,0,DRAFT_DONE,Explain de-icing/anti-icing holdover time and the likely hazards after it has expired.
081.03.01.05.15,081,Principles of Flight — Aeroplanes,MED,N,,3,agent_tasklist.md,0,DRAFT_DONE,"Describe the aerodynamic effects of heavy tropical rain on stall speed and drag, and the appropriate mitigation in such conditions."
081.03.01.06.01,081,Principles of Flight — Aeroplanes,MED,N,,3,agent_tasklist.md,0,DRAFT_DONE,Explain how to avoid spins.
081.03.01.06.02,081,Principles of Flight — Aeroplanes,MED,N,,3,agent_tasklist.md,0,DRAFT_DONE,List the factors that cause a spin to develop.
081.03.01.06.03,081,Principles of Flight — Aeroplanes,MED,N,,3,agent_tasklist.md,0,DRAFT_DONE,"Describe an ‘incipient’ and ‘developed’ spin, recognition and recovery."
081.03.01.06.04,081,Principles of Flight — Aeroplanes,MED,N,,3,agent_tasklist.md,0,DRAFT_DONE,Describe the differences in spin attitude with forward and aft CG.
081.03.02.01.01,081,Principles of Flight — Aeroplanes,MED,N,,3,agent_tasklist.md,0,DRAFT_DONE,"Explain shock-induced separation, and describe its relationship with Mach buffet (high speed buffet) and Mach tuck."
081.03.02.02.01,081,Principles of Flight — Aeroplanes,MED,N,,3,agent_tasklist.md,0,DRAFT_DONE,"Explain the concept of buffet margin, and describe the influence of the following parameters on the concept of buffet margin: alpha; Mach number; pressure altitude; mass; load factor; angle of bank; CG location."
081.03.02.02.02,081,Principles of Flight — Aeroplanes,MED,N,,3,agent_tasklist.md,0,DRAFT_DONE,Explain how the buffet onset boundary chart can be used to determine: manoeuvrability; buffet margin.
081.03.02.02.03,081,Principles of Flight — Aeroplanes,MED,N,,3,agent_tasklist.md,0,DRAFT_DONE,"Describe the consequences of exceeding MMO: light buffet, buffet onset."
081.03.02.02.04,081,Principles of Flight — Aeroplanes,MED,N,,3,agent_tasklist.md,0,DRAFT_DONE,Explain ‘aerodynamic ceiling’ and ‘coffin corner’.
081.03.02.02.05,081,Principles of Flight — Aeroplanes,MED,N,,3,agent_tasklist.md,0,DRAFT_DONE,Explain the concept of the ‘1.3g’ buffet margin altitude.
081.03.02.02.06,081,Principles of Flight — Aeroplanes,MED,N,,3,agent_tasklist.md,0,DRAFT_DONE,"Find (using an example graph): buffet free range; aerodynamic ceiling at a given mass; load factor and bank angle at which buffet occurs at a given mass, Mach number, and pressure altitude."
081.03.02.02.07,081,Principles of Flight — Aeroplanes,MED,N,,3,agent_tasklist.md,0,DRAFT_DONE,Explain why descent increases the buffet free range.
081.03.03.01.01,081,Principles of Flight — Aeroplanes,MED,N,,3,agent_tasklist.md,0,DRAFT_DONE,"Explain why buffet or stall could occur in the following pilot-induced situations, and the methods to mitigate them: inappropriate take-off configuration, detailing the consequences of errors associated with leading-edge devices; steep turns; go-around using take-off/go-around (TOGA) setting (underslung engines)."
081.03.03.01.02,081,Principles of Flight — Aeroplanes,MED,N,,3,agent_tasklist.md,0,DRAFT_DONE,"Explain why buffet or stall could occur in the following environmental conditions at low altitude, and how to mitigate them: thunderstorms; wind shear and microburst; turbulence; wake turbulence; icing conditions."
081.03.03.01.03,081,Principles of Flight — Aeroplanes,MED,N,,3,agent_tasklist.md,0,DRAFT_DONE,"Explain why buffet or stall could occur in the following environmental conditions at high altitude, and how to mitigate them: thunderstorms in the intertropical convergence zone (ITCZ); jet streams; clear-air turbulence."
081.03.03.01.04,081,Principles of Flight — Aeroplanes,MED,N,,3,agent_tasklist.md,0,DRAFT_DONE,"Explain why buffet or stall could occur in the following situations, and how to mitigate them: inappropriate autopilot climb mode; loss of, or unreliable, airspeed indication."
081.03.04.01.01,081,Principles of Flight — Aeroplanes,MED,N,,3,agent_tasklist.md,0,DRAFT_DONE,"Explain why a stalled condition can occur at any airspeed, or attitude or altitude."
081.03.04.01.02,081,Principles of Flight — Aeroplanes,MED,N,,3,agent_tasklist.md,0,DRAFT_DONE,"Explain that a stall may be recognised by continuous stall-warning activation accompanied by at least one of the following: buffet, that can be heavy; lack of pitch authority; uncommanded pitch down and uncommanded roll; inability to arrest the descent rate."
081.03.04.01.03,081,Principles of Flight — Aeroplanes,MED,N,,3,agent_tasklist.md,0,DRAFT_DONE,Explain that ‘stall warning’ means a natural or synthetic indication provided when approaching the stall that may include one or more of the following indications: aerodynamic buffeting; reduced roll stability and aileron effectiveness; visual or aural clues and warnings; reduced elevator (pitch) authority; inability to maintain altitude or arrest a rate of descent; stick-shaker activation.
081.04.01.01.01,081,Principles of Flight — Aeroplanes,MED,N,,3,agent_tasklist.md,0,DRAFT_DONE,"Define ‘static stability’: describe/identify a statically stable, neutral, and unstable condition (positive, neutral, and negative static stability), and explain why aeroplanes are statically stable."
081.04.01.01.02,081,Principles of Flight — Aeroplanes,MED,N,,3,agent_tasklist.md,0,DRAFT_DONE,Explain manoeuvrability.
081.04.01.01.03,081,Principles of Flight — Aeroplanes,MED,N,,3,agent_tasklist.md,0,DRAFT_DONE,Explain the relationship between static stability and manoeuvrability.
081.04.01.01.04,081,Principles of Flight — Aeroplanes,MED,N,,3,agent_tasklist.md,0,DRAFT_DONE,"Define ‘dynamic stability’: describe/identify a dynamically stable, neutral, and unstable motion (positive, neutral, and negative dynamic stability); describe/identify periodic and aperiodic motion."
081.04.01.02.01,081,Principles of Flight — Aeroplanes,LOW,Y,,3,agent_tasklist.md,0,DRAFT_DONE,Explain an equilibrium of forces and moments as the initial condition for static stability.
081.04.01.03.01,081,Principles of Flight — Aeroplanes,LOW,Y,,3,agent_tasklist.md,0,DRAFT_DONE,Identify the forces considered in the equilibrium of forces.
081.04.01.04.01,081,Principles of Flight — Aeroplanes,MED,N,,3,agent_tasklist.md,0,DRAFT_DONE,Identify the moments about all three axes considered in the equilibrium of moments.
081.04.01.04.02,081,Principles of Flight — Aeroplanes,MED,N,,3,agent_tasklist.md,0,DRAFT_DONE,Discuss the effect of sum of moments not being zero.
081.04.03.01.01,081,Principles of Flight — Aeroplanes,LOW,Y,,3,agent_tasklist.md,0,DRAFT_DONE,Explain the stabiliser as the means to satisfy the condition of nullifying the total sum of the moments about the lateral axis.
081.04.03.01.02,081,Principles of Flight — Aeroplanes,MED,N,,3,agent_tasklist.md,0,DRAFT_DONE,Explain the influence of the location of the wing CP relative to the CG on the magnitude and direction of the balancing force on the stabiliser.
081.04.03.01.03,081,Principles of Flight — Aeroplanes,MED,N,,3,agent_tasklist.md,0,DRAFT_DONE,Explain the influence of the indicated airspeed on the magnitude and direction of the balancing force on the stabiliser.
081.04.03.01.04,081,Principles of Flight — Aeroplanes,MED,N,,3,agent_tasklist.md,0,DRAFT_DONE,Explain the use of the elevator deflection or stabiliser angle for the generation of the balancing force and its direction.
081.04.03.01.05,081,Principles of Flight — Aeroplanes,MED,N,,3,agent_tasklist.md,0,DRAFT_DONE,Explain the elevator deflection required to balance thrust change as a function of engine position.
081.04.03.02.01,081,Principles of Flight — Aeroplanes,MED,N,,3,agent_tasklist.md,0,DRAFT_DONE,Discuss the effect of the CG location on pitch manoeuvrability and longitudinal stability.
081.04.03.03.01,081,Principles of Flight — Aeroplanes,LOW,Y,,3,agent_tasklist.md,0,DRAFT_DONE,Define ‘neutral point’.
081.04.03.03.02,081,Principles of Flight — Aeroplanes,LOW,Y,,3,agent_tasklist.md,0,DRAFT_DONE,Explain why the location of the neutral point is only dependent on the aerodynamic design of the aeroplane.
081.04.03.04.01,081,Principles of Flight — Aeroplanes,MED,N,,3,agent_tasklist.md,0,DRAFT_DONE,Describe the location of the neutral point relative to the locations of the aerodynamic centre of the wing and tail.
081.04.03.05.01,081,Principles of Flight — Aeroplanes,MED,N,,3,agent_tasklist.md,0,DRAFT_DONE,Explain the influence of the CG location on the static longitudinal stability of the aeroplane.
081.04.03.05.02,081,Principles of Flight — Aeroplanes,MED,N,,3,agent_tasklist.md,0,DRAFT_DONE,Explain the CG forward and aft limits with respect to: longitudinal control forces; elevator effectiveness; stability.
081.04.03.05.03,081,Principles of Flight — Aeroplanes,MED,N,,3,agent_tasklist.md,0,DRAFT_DONE,Define ‘static margin’.
081.04.03.06.01,081,Principles of Flight — Aeroplanes,LOW,Y,,3,agent_tasklist.md,0,DRAFT_DONE,Describe the Cm-alpha graph with respect to the relationship between the slope of the graph and static stability.
081.04.03.07.01,081,Principles of Flight — Aeroplanes,MED,N,,3,agent_tasklist.md,0,DRAFT_DONE,Explain: the effect on the Cm-alpha graph of a shift of CG in the forward and aft direction; the effect on the Cm-alpha graph when the elevator is moved up or down; the effect on the Cm-alpha graph when the trim is moved; the effect of the wing contribution; the tail contribution.
081.04.03.10.01,081,Principles of Flight — Aeroplanes,MED,N,,3,agent_tasklist.md,0,DRAFT_DONE,Explain how a pilot perceives stable static longitudinal stick force stability regarding changes in: speed; altitude; mass distribution (CG location).
081.04.03.12.01,081,Principles of Flight — Aeroplanes,LOW,Y,,3,agent_tasklist.md,0,DRAFT_DONE,"Define the ‘stick force per g’, and describe that the stick force increases linearly with increase in g."
081.04.03.12.02,081,Principles of Flight — Aeroplanes,MED,N,,3,agent_tasklist.md,0,DRAFT_DONE,Explain why: the stick force per g has a prescribed minimum and maximum value; the stick force per g decreases with pressure altitude.
081.04.03.14.01,081,Principles of Flight — Aeroplanes,MED,N,,3,agent_tasklist.md,0,DRAFT_DONE,Explain the influence on stick force per g of: CG location; trim setting.
081.04.03.16.01,081,Principles of Flight — Aeroplanes,MED,N,,3,agent_tasklist.md,0,DRAFT_DONE,"Describe the phugoid and short-period motion in terms of period, damping, variations (if applicable) in speed, altitude, and alpha."
081.04.03.16.02,081,Principles of Flight — Aeroplanes,MED,N,,3,agent_tasklist.md,0,DRAFT_DONE,Explain why the short-period motion is more hazardous than the phugoid.
081.04.03.16.03,081,Principles of Flight — Aeroplanes,MED,N,,3,agent_tasklist.md,0,DRAFT_DONE,Describe ‘pilot-induced oscillations’.
081.04.03.16.04,081,Principles of Flight — Aeroplanes,MED,N,,3,agent_tasklist.md,0,DRAFT_DONE,Explain the effect of high altitude on dynamic stability.
081.04.03.16.05,081,Principles of Flight — Aeroplanes,MED,N,,3,agent_tasklist.md,0,DRAFT_DONE,Describe the influence of the CG location on the dynamic longitudinal stability of the aeroplane.
081.04.04.01.01,081,Principles of Flight — Aeroplanes,LOW,Y,,3,agent_tasklist.md,0,DRAFT_DONE,Define ‘static directional stability’.
081.04.04.01.02,081,Principles of Flight — Aeroplanes,MED,N,,3,agent_tasklist.md,0,DRAFT_DONE,Explain the effects of static directional stability being too weak or too strong.
081.04.04.02.01,081,Principles of Flight — Aeroplanes,MED,N,,3,agent_tasklist.md,0,DRAFT_DONE,Define ‘sideslip angle’.
081.04.04.02.02,081,Principles of Flight — Aeroplanes,MED,N,,3,agent_tasklist.md,0,DRAFT_DONE,Identify beta as the symbol used for the sideslip angle.
081.04.04.03.01,081,Principles of Flight — Aeroplanes,LOW,Y,,3,agent_tasklist.md,0,DRAFT_DONE,Define the ‘yawing-moment coefficient Cn’.
081.04.04.03.02,081,Principles of Flight — Aeroplanes,LOW,Y,,3,agent_tasklist.md,0,DRAFT_DONE,Define the relationship between Cn and beta for an aeroplane with static directional stability.
081.04.04.04.01,081,Principles of Flight — Aeroplanes,LOW,Y,,3,agent_tasklist.md,0,DRAFT_DONE,"Explain why: Cn depends on beta; Cn equals zero for that beta that provides static equilibrium about the aeroplane’s normal axis; if no asymmetric engine thrust, flight control or loading condition prevails, the equilibrium beta equals zero."
081.04.04.04.02,081,Principles of Flight — Aeroplanes,LOW,Y,,3,agent_tasklist.md,0,DRAFT_DONE,Identify how the slope of the Cn-beta graph is a measure for static directional stability.
081.04.04.04.03,081,Principles of Flight — Aeroplanes,LOW,Y,,3,agent_tasklist.md,0,DRAFT_DONE,Identify how the slope of the Cn-beta graph is affected by altitude.
081.04.04.05.01,081,Principles of Flight — Aeroplanes,MED,N,,3,agent_tasklist.md,0,DRAFT_DONE,Describe how the following aeroplane components contribute to static directional stability: wing; fin; dorsal fin; ventral fin; angle of sweep of the wing; angle of sweep of the fin; fuselage at high alpha; strakes.
081.04.04.05.02,081,Principles of Flight — Aeroplanes,MED,N,,3,agent_tasklist.md,0,DRAFT_DONE,Explain the reduction in static directional stability when the CG moves aft.
081.04.05.01.01,081,Principles of Flight — Aeroplanes,LOW,Y,,3,agent_tasklist.md,0,DRAFT_DONE,Define ‘static lateral stability’.
081.04.05.01.02,081,Principles of Flight — Aeroplanes,MED,N,,3,agent_tasklist.md,0,DRAFT_DONE,Explain the effects of static lateral stability being too weak or too strong.
081.04.05.02.01,081,Principles of Flight — Aeroplanes,LOW,Y,,3,agent_tasklist.md,0,DRAFT_DONE,Define ‘bank angle phi’.
081.04.05.03.01,081,Principles of Flight — Aeroplanes,LOW,Y,,3,agent_tasklist.md,0,DRAFT_DONE,Define the ‘roll-moment coefficient Cl’.
081.04.05.04.01,081,Principles of Flight — Aeroplanes,MED,N,,3,agent_tasklist.md,0,DRAFT_DONE,Explain how without coordination the bank angle (phi) creates sideslip angle (beta).
081.04.05.05.01,081,Principles of Flight — Aeroplanes,LOW,Y,,3,agent_tasklist.md,0,DRAFT_DONE,Describe the Cl-beta graph.
081.04.05.05.02,081,Principles of Flight — Aeroplanes,LOW,Y,,3,agent_tasklist.md,0,DRAFT_DONE,Identify the slope of the Cl-beta graph as a measure for static lateral stability.
081.04.05.05.03,081,Principles of Flight — Aeroplanes,LOW,Y,,3,agent_tasklist.md,0,DRAFT_DONE,Identify how the slope of the Cl-beta graph is affected by altitude.
081.04.05.06.01,081,Principles of Flight — Aeroplanes,MED,N,,3,agent_tasklist.md,0,DRAFT_DONE,"Explain the contribution to the static lateral stability of: dihedral, anhedral; high wing, low wing; sweep angle of the wing; ventral fin; vertical tail."
081.04.06.02.01,081,Principles of Flight — Aeroplanes,MED,N,,3,agent_tasklist.md,0,DRAFT_DONE,Explain how lateral and directional stability are coupled.
081.04.06.02.02,081,Principles of Flight — Aeroplanes,MED,N,,3,agent_tasklist.md,0,DRAFT_DONE,"Explain how high static directional stability and low static lateral stability may cause spiral divergence (unstable spiral dive), and under which conditions the spiral dive mode is neutral or stable."
081.04.06.02.03,081,Principles of Flight — Aeroplanes,MED,N,,3,agent_tasklist.md,0,DRAFT_DONE,"Describe an unstable spiral dive mode with respect to deviations in speed, bank angle, nose low-pitch attitude, and decreasing altitude."
081.04.06.03.01,081,Principles of Flight — Aeroplanes,MED,N,,3,agent_tasklist.md,0,DRAFT_DONE,Describe Dutch roll.
081.04.06.03.02,081,Principles of Flight — Aeroplanes,MED,N,,3,agent_tasklist.md,0,DRAFT_DONE,"Explain: why Dutch roll occurs when the static lateral stability is higher than static directional stability; the conditions for a stable, neutral or unstable Dutch roll motion; the function of the yaw damper; the actions to be taken when the yaw damper is not available."
081.04.06.03.03,081,Principles of Flight — Aeroplanes,MED,N,,3,agent_tasklist.md,0,DRAFT_DONE,"Describe how the asymmetric nature of shock waves on both wings, at high Mach numbers, can lead to Dutch roll."
081.04.06.04.01,081,Principles of Flight — Aeroplanes,MED,N,,3,agent_tasklist.md,0,DRAFT_DONE,Explain that increased pressure altitude reduces dynamic lateral/directional stability.
081.05.01.01.01,081,Principles of Flight — Aeroplanes,LOW,Y,,3,agent_tasklist.md,0,DRAFT_DONE,Define: lateral axis; longitudinal axis; normal axis.
081.05.01.01.02,081,Principles of Flight — Aeroplanes,LOW,Y,,3,agent_tasklist.md,0,DRAFT_DONE,Define: pitch angle; bank angle (PHI); yaw angle.
081.05.01.01.03,081,Principles of Flight — Aeroplanes,MED,N,,3,agent_tasklist.md,0,DRAFT_DONE,Describe the motion about the three axes.
081.05.01.01.04,081,Principles of Flight — Aeroplanes,MED,N,,3,agent_tasklist.md,0,DRAFT_DONE,Name and describe the devices that control these motions.
081.05.01.02.01,081,Principles of Flight — Aeroplanes,MED,N,,3,agent_tasklist.md,0,DRAFT_DONE,State that camber is changed by movement of a control surface and explain the effect.
081.05.01.03.01,081,Principles of Flight — Aeroplanes,LOW,Y,,3,agent_tasklist.md,0,DRAFT_DONE,Explain the influence of local alpha change by movement of a control surface.
081.05.02.01.01,081,Principles of Flight — Aeroplanes,MED,N,,3,agent_tasklist.md,0,DRAFT_DONE,Explain the working principle of the elevator/all-flying tail and describe its function.
081.05.02.02.01,081,Principles of Flight — Aeroplanes,MED,N,,3,agent_tasklist.md,0,DRAFT_DONE,Explain the effect of downwash on the tailplane alpha.
081.05.02.04.01,081,Principles of Flight — Aeroplanes,MED,N,,3,agent_tasklist.md,0,DRAFT_DONE,Explain the relationship between elevator deflection and CG location to produce a given aeroplane response.
081.05.02.04.02,081,Principles of Flight — Aeroplanes,MED,N,,3,agent_tasklist.md,0,DRAFT_DONE,Explain the effect of forward CG limit on pitch control.
081.05.02.05.01,081,Principles of Flight — Aeroplanes,MED,N,,3,agent_tasklist.md,0,DRAFT_DONE,Describe the effect of engine thrust on pitching moments for different engine locations.
081.05.03.01.01,081,Principles of Flight — Aeroplanes,MED,N,,3,agent_tasklist.md,0,DRAFT_DONE,Explain the working principle of the rudder and describe its function. State the relationship between rudder deflection and the moment about the normal axis. Describe the effect of sideslip on the moment about the normal axis.
081.05.03.02.01,081,Principles of Flight — Aeroplanes,MED,N,,3,agent_tasklist.md,0,DRAFT_DONE,Explain why and how rudder deflection is limited on CAT aeroplanes.
081.05.04.01.01,081,Principles of Flight — Aeroplanes,MED,N,,3,agent_tasklist.md,0,DRAFT_DONE,Explain the functioning of ailerons.
081.05.04.01.02,081,Principles of Flight — Aeroplanes,MED,N,,3,agent_tasklist.md,0,DRAFT_DONE,Describe the adverse effects of aileron deflection. (Refer to Subjects 081 05 04 04 and 081 06 01 02)
081.05.04.01.03,081,Principles of Flight — Aeroplanes,MED,N,,3,agent_tasklist.md,0,DRAFT_DONE,Explain why some aeroplanes have inboard and outboard ailerons.
081.05.04.01.04,081,Principles of Flight — Aeroplanes,MED,N,,3,agent_tasklist.md,0,DRAFT_DONE,"State that the outboard ailerons are locked beyond a given speed to prevent: over-control; exceeding structural limitations; aeroelastic phenomena (flutter, divergence and aileron reversal)."
081.05.04.01.05,081,Principles of Flight — Aeroplanes,MED,N,,3,agent_tasklist.md,0,DRAFT_DONE,"Describe the use of aileron deflection in normal flight, flight with sideslip, crosswind landings, horizontal turns, flight with one-engine-inoperative."
081.05.04.01.06,081,Principles of Flight — Aeroplanes,LOW,Y,,3,agent_tasklist.md,0,DRAFT_DONE,Define ‘roll rate’.
081.05.04.01.07,081,Principles of Flight — Aeroplanes,LOW,Y,,3,agent_tasklist.md,0,DRAFT_DONE,List the factors that affect roll rate.
081.05.04.01.08,081,Principles of Flight — Aeroplanes,MED,N,,3,agent_tasklist.md,0,DRAFT_DONE,Describe flaperons and aileron droop.
081.05.04.03.01,081,Principles of Flight — Aeroplanes,MED,N,,3,agent_tasklist.md,0,DRAFT_DONE,Explain how spoilers can be used to control the rolling movement in combination with or instead of the ailerons.
081.05.04.04.01,081,Principles of Flight — Aeroplanes,MED,N,,3,agent_tasklist.md,0,DRAFT_DONE,Explain why the use of ailerons induces adverse yaw.
081.05.04.05.01,081,Principles of Flight — Aeroplanes,MED,N,,3,agent_tasklist.md,0,DRAFT_DONE,Explain how the following reduce adverse yaw: Frise ailerons; differential aileron deflection; rudder aileron cross-coupling; roll spoilers.
081.05.05.01.01,081,Principles of Flight — Aeroplanes,MED,N,,3,agent_tasklist.md,0,DRAFT_DONE,Explain the secondary effect of roll.
081.05.05.01.02,081,Principles of Flight — Aeroplanes,MED,N,,3,agent_tasklist.md,0,DRAFT_DONE,Explain the secondary effect of yaw.
081.05.06.01.01,081,Principles of Flight — Aeroplanes,MED,N,,3,agent_tasklist.md,0,DRAFT_DONE,Describe the purpose of aerodynamic balance.
081.05.06.01.02,081,Principles of Flight — Aeroplanes,MED,N,,3,agent_tasklist.md,0,DRAFT_DONE,Describe the working principle of the horn balance.
081.05.06.01.03,081,Principles of Flight — Aeroplanes,MED,N,,3,agent_tasklist.md,0,DRAFT_DONE,Describe the working principle of the internal balance.
081.05.06.01.04,081,Principles of Flight — Aeroplanes,MED,N,,3,agent_tasklist.md,0,DRAFT_DONE,Describe the working principle and application of: balance tab; anti-balance tab; spring tab; servo tab.
081.05.06.02.01,081,Principles of Flight — Aeroplanes,MED,N,,3,agent_tasklist.md,0,DRAFT_DONE,State the differences between fully powered controls and power-assisted controls.
081.05.06.02.02,081,Principles of Flight — Aeroplanes,MED,N,,3,agent_tasklist.md,0,DRAFT_DONE,Describe power-assisted controls.
081.05.06.02.03,081,Principles of Flight — Aeroplanes,MED,N,,3,agent_tasklist.md,0,DRAFT_DONE,Describe the advantages of artificial feel in fully powered control.
081.05.07.01.01,081,Principles of Flight — Aeroplanes,MED,N,,3,agent_tasklist.md,0,DRAFT_DONE,Explain which parameters may be controlled in level flight with the pitch control law.
081.05.07.01.02,081,Principles of Flight — Aeroplanes,MED,N,,3,agent_tasklist.md,0,DRAFT_DONE,Explain the advantages of using the CG position in the FBW system.
081.05.07.01.03,081,Principles of Flight — Aeroplanes,MED,N,,3,agent_tasklist.md,0,DRAFT_DONE,Explain what type of flight-degraded control laws may be available in case of failure.
081.05.07.01.04,081,Principles of Flight — Aeroplanes,MED,N,,3,agent_tasklist.md,0,DRAFT_DONE,Explain what are hard and soft protections.
081.05.08.01.01,081,Principles of Flight — Aeroplanes,MED,N,,3,agent_tasklist.md,0,DRAFT_DONE,State the reasons for using trimming devices.
081.05.08.01.02,081,Principles of Flight — Aeroplanes,MED,N,,3,agent_tasklist.md,0,DRAFT_DONE,Explain the difference between a trim tab and the various balance tabs.
081.05.08.02.01,081,Principles of Flight — Aeroplanes,MED,N,,3,agent_tasklist.md,0,DRAFT_DONE,Describe the working principle of a trim tab including cockpit indications.
081.05.08.03.01,081,Principles of Flight — Aeroplanes,MED,N,,3,agent_tasklist.md,0,DRAFT_DONE,Describe the working principle of a stabiliser trim including the flight deck indications.
081.05.08.03.02,081,Principles of Flight — Aeroplanes,MED,N,,3,agent_tasklist.md,0,DRAFT_DONE,Explain the advantages and disadvantages of a stabiliser trim compared to a trim tab.
081.05.08.03.03,081,Principles of Flight — Aeroplanes,MED,N,,3,agent_tasklist.md,0,DRAFT_DONE,"Explain the relationship between CG position, take-off trim setting, and stabiliser trim position."
081.05.08.03.04,081,Principles of Flight — Aeroplanes,MED,N,,3,agent_tasklist.md,0,DRAFT_DONE,Explain the effect of errors in the take-off stabiliser trim setting on the rotation characteristics and stick force during take-off rotation.
081.05.08.03.05,081,Principles of Flight — Aeroplanes,MED,N,,3,agent_tasklist.md,0,DRAFT_DONE,Discuss the effects of jammed and runaway stabiliser.
081.05.08.03.06,081,Principles of Flight — Aeroplanes,MED,N,,3,agent_tasklist.md,0,DRAFT_DONE,"Explain the consequences of a jammed stabiliser during take-off, landing, and go-around."
081.06.01.01.01,081,Principles of Flight — Aeroplanes,MED,N,,3,agent_tasklist.md,0,DRAFT_DONE,Describe the phenomenon of flutter and how IAS and mass distribution affects the likelihood of flutter occurrence.
081.06.01.01.02,081,Principles of Flight — Aeroplanes,MED,N,,3,agent_tasklist.md,0,DRAFT_DONE,Describe the use of mass balance to alleviate the flutter problem by adjusting the mass distribution: wing-mounted engines on pylons; control surface mass balance.
081.06.01.01.03,081,Principles of Flight — Aeroplanes,MED,N,,3,agent_tasklist.md,0,DRAFT_DONE,Explain what is the flight envelope free of flutter.
081.06.01.03.01,081,Principles of Flight — Aeroplanes,MED,N,,3,agent_tasklist.md,0,DRAFT_DONE,Describe the reason for flap/landing gear limitations. Define ‘VLO’. Define ‘VLE’.
081.06.01.03.02,081,Principles of Flight — Aeroplanes,MED,N,,3,agent_tasklist.md,0,DRAFT_DONE,Explain why there is a difference between VLO and VLE in the case of some aeroplane types.
081.06.01.03.03,081,Principles of Flight — Aeroplanes,MED,N,,3,agent_tasklist.md,0,DRAFT_DONE,Define ‘VFE’ and describe flap limiting speeds.
081.06.01.03.04,081,Principles of Flight — Aeroplanes,MED,N,,3,agent_tasklist.md,0,DRAFT_DONE,"Describe flap design features, procedures and warnings to prevent overload."
081.06.01.04.01,081,Principles of Flight — Aeroplanes,LOW,Y,,3,agent_tasklist.md,0,DRAFT_DONE,"Define ‘VMO’, ‘VNO’, and ‘VNE’."
081.06.01.04.02,081,Principles of Flight — Aeroplanes,MED,N,,3,agent_tasklist.md,0,DRAFT_DONE,"Explain the significance of VMO, VNO and VNE, and the differences between these airspeeds."
081.06.01.04.03,081,Principles of Flight — Aeroplanes,MED,N,,3,agent_tasklist.md,0,DRAFT_DONE,Explain the hazards of flying at speeds above VNE and VMO.
081.06.01.05.01,081,Principles of Flight — Aeroplanes,MED,N,,3,agent_tasklist.md,0,DRAFT_DONE,Define ‘MMO’ and state its limiting factors.
081.06.02.01.01,081,Principles of Flight — Aeroplanes,MED,N,,3,agent_tasklist.md,0,DRAFT_DONE,Describe the manoeuvring-load diagram.
081.06.02.01.02,081,Principles of Flight — Aeroplanes,MED,N,,3,agent_tasklist.md,0,DRAFT_DONE,"Define limit and ultimate load factor, and explain what can happen if these values are exceeded."
081.06.02.01.03,081,Principles of Flight — Aeroplanes,MED,N,,3,agent_tasklist.md,0,DRAFT_DONE,"Define ‘VA’, ‘VB’, ‘VC’, and ‘VD’."
081.06.02.01.04,081,Principles of Flight — Aeroplanes,MED,N,,3,agent_tasklist.md,0,DRAFT_DONE,"Identify and explain the varying features on the VN diagram: load factor ‘n’; speed scale, equivalent airspeed; equivalent airspeed envelope; 1g stall speed; stall boundary (refer to 081 03 01 02)."
081.06.02.01.05,081,Principles of Flight — Aeroplanes,MED,N,,3,agent_tasklist.md,0,DRAFT_DONE,Describe the relationship between VMO or VNE and VC.
081.06.02.01.06,081,Principles of Flight — Aeroplanes,MED,N,,3,agent_tasklist.md,0,DRAFT_DONE,State all the manoeuvring load-factors limits applicable to CS-23 and CS-25 aeroplanes.
081.06.02.01.07,081,Principles of Flight — Aeroplanes,MED,N,,3,agent_tasklist.md,0,DRAFT_DONE,"Explain the relationship between VA and VS in a formula, and calculate the values."
081.06.02.01.08,081,Principles of Flight — Aeroplanes,MED,N,,3,agent_tasklist.md,0,DRAFT_DONE,"Explain the significance of VA and the adverse consequences of applying full, abrupt nose-up elevator deflection when exceeding VA."
081.06.02.02.01,081,Principles of Flight — Aeroplanes,MED,N,,3,agent_tasklist.md,0,DRAFT_DONE,State the relationship of mass to load-factor limits and accelerated stall speed boundary limit.
081.06.02.02.02,081,Principles of Flight — Aeroplanes,MED,N,,3,agent_tasklist.md,0,DRAFT_DONE,Calculate the change of VA with changing mass.
081.06.02.02.03,081,Principles of Flight — Aeroplanes,MED,N,,3,agent_tasklist.md,0,DRAFT_DONE,Explain why VA loses significance at higher altitude.
081.06.02.02.04,081,Principles of Flight — Aeroplanes,LOW,Y,,3,agent_tasklist.md,0,DRAFT_DONE,Define ‘MC’ and ‘MD’.
081.06.03.01.01,081,Principles of Flight — Aeroplanes,MED,N,,3,agent_tasklist.md,0,DRAFT_DONE,"Recognise a typical gust-load diagram, and state the minimum gust speeds in ft/s, m/s and kt that the aeroplane must be designed to withstand at VB to VC and VD."
081.06.03.01.02,081,Principles of Flight — Aeroplanes,MED,N,,3,agent_tasklist.md,0,DRAFT_DONE,Discuss considerations for the selection of VRA.
081.06.03.01.03,081,Principles of Flight — Aeroplanes,MED,N,,3,agent_tasklist.md,0,DRAFT_DONE,Explain the adverse effects on the aeroplane when flying in turbulence.
081.06.03.02.01,081,Principles of Flight — Aeroplanes,MED,N,,3,agent_tasklist.md,0,DRAFT_DONE,"Describe and explain the relationship between the gust-load factor and the following: lift-curve slope, aspect ratio, angle of sweep, altitude, wing loading, weight, wing area, equivalent airspeed (EAS), and speed of vertical gust. (Note: For examination purposes, the ECQB questions will not be calculation based.)"
081.07.01.01.01,081,Principles of Flight — Aeroplanes,MED,N,,3,agent_tasklist.md,0,DRAFT_DONE,Explain the resolution of aerodynamic force on a propeller blade element into lift and drag or into thrust and torque.
081.07.01.01.02,081,Principles of Flight — Aeroplanes,MED,N,,3,agent_tasklist.md,0,DRAFT_DONE,Describe how propeller thrust and aerodynamic torque vary with IAS.
081.07.01.02.01,081,Principles of Flight — Aeroplanes,MED,N,,3,agent_tasklist.md,0,DRAFT_DONE,"Describe the geometry of a typical propeller blade element at the reference section: blade chord line; propeller rotational velocity vector; true airspeed vector; blade angle of attack; pitch or blade angle; advance or helix angle. Define ‘geometric pitch’, ‘effective pitch’, and ‘propeller slip’. Remark: For theoretical knowledge examination purposes, the following definition is used for geometric pitch: the theoretical distance a propeller would advance in one revolution at zero blade angle of attack."
081.07.01.02.02,081,Principles of Flight — Aeroplanes,MED,N,,3,agent_tasklist.md,0,DRAFT_DONE,Describe how the terms ‘fine pitch’ and ‘coarse pitch’ can be used to express blade angle.
081.07.01.03.01,081,Principles of Flight — Aeroplanes,LOW,Y,,3,agent_tasklist.md,0,DRAFT_DONE,Define ‘blade twist’.
081.07.01.03.02,081,Principles of Flight — Aeroplanes,MED,N,,3,agent_tasklist.md,0,DRAFT_DONE,Explain why blade twist is necessary.
081.07.01.04.01,081,Principles of Flight — Aeroplanes,LOW,Y,,3,agent_tasklist.md,0,DRAFT_DONE,List the different types of propellers: fixed pitch; adjustable pitch or variable pitch (non-governing); variable pitch (governing)/constant speed.
081.07.01.04.02,081,Principles of Flight — Aeroplanes,MED,N,,3,agent_tasklist.md,0,DRAFT_DONE,Discuss the advantages and disadvantages of fixed-pitch and constant-speed propellers.
081.07.01.04.03,081,Principles of Flight — Aeroplanes,MED,N,,3,agent_tasklist.md,0,DRAFT_DONE,Discuss climb and cruise propellers.
081.07.01.04.04,081,Principles of Flight — Aeroplanes,MED,N,,3,agent_tasklist.md,0,DRAFT_DONE,"Explain the relationship between blade angle, blade angle of attack, and airspeed for fixed and variable pitch propellers."
081.07.01.04.05,081,Principles of Flight — Aeroplanes,MED,N,,3,agent_tasklist.md,0,DRAFT_DONE,"Describe and explain the forces that act on a rotating blade element in normal, feathered, windmilling, and reverse operation."
081.07.01.04.06,081,Principles of Flight — Aeroplanes,MED,N,,3,agent_tasklist.md,0,DRAFT_DONE,Explain the effects of changing propeller pitch at constant IAS.
081.07.01.05.01,081,Principles of Flight — Aeroplanes,MED,N,,3,agent_tasklist.md,0,DRAFT_DONE,Define ‘propeller efficiency’.
081.07.01.05.02,081,Principles of Flight — Aeroplanes,MED,N,,3,agent_tasklist.md,0,DRAFT_DONE,Explain and describe the relationship between propeller efficiency and speed (TAS) for different types of propellers.
081.07.01.05.03,081,Principles of Flight — Aeroplanes,MED,N,,3,agent_tasklist.md,0,DRAFT_DONE,Explain the relationship between blade angle and thrust.
081.07.01.06.01,081,Principles of Flight — Aeroplanes,MED,N,,3,agent_tasklist.md,0,DRAFT_DONE,Describe the effects and hazards of ice on a propeller.
081.07.02.01.01,081,Principles of Flight — Aeroplanes,MED,N,,3,agent_tasklist.md,0,DRAFT_DONE,Describe the effects of an inoperative engine on the performance and controllability of an aeroplane: thrust loss/drag increase; influence on yaw moment during asymmetric power.
081.07.02.02.01,081,Principles of Flight — Aeroplanes,MED,N,,3,agent_tasklist.md,0,DRAFT_DONE,"Explain the reasons for feathering a propeller, including the effect on the yaw moment, performance and controllability."
081.07.03.01.01,081,Principles of Flight — Aeroplanes,LOW,Y,,3,agent_tasklist.md,0,DRAFT_DONE,Name the propeller design characteristics that increase power absorption.
081.07.03.02.01,081,Principles of Flight — Aeroplanes,MED,N,,3,agent_tasklist.md,0,DRAFT_DONE,Explain the reasons for restricting propeller diameter.
081.07.03.03.01,081,Principles of Flight — Aeroplanes,LOW,Y,,3,agent_tasklist.md,0,DRAFT_DONE,Define ‘solidity’.
081.07.03.03.02,081,Principles of Flight — Aeroplanes,MED,N,,3,agent_tasklist.md,0,DRAFT_DONE,Describe the advantages and disadvantages of increasing the number of blades.
081.07.03.04.01,081,Principles of Flight — Aeroplanes,LOW,Y,,3,agent_tasklist.md,0,DRAFT_DONE,Describe how propeller noise can be minimised.
081.07.04.01.01,081,Principles of Flight — Aeroplanes,MED,N,,3,agent_tasklist.md,0,DRAFT_DONE,Describe the effects of engine/propeller torque.
081.07.04.01.02,081,Principles of Flight — Aeroplanes,MED,N,,3,agent_tasklist.md,0,DRAFT_DONE,Describe the following methods for counteracting engine/propeller torque: counter-rotating propellers; contra-rotating propellers.
081.07.04.02.01,081,Principles of Flight — Aeroplanes,LOW,Y,,3,agent_tasklist.md,0,DRAFT_DONE,Describe what causes gyroscopic precession.
081.07.04.02.02,081,Principles of Flight — Aeroplanes,LOW,Y,,3,agent_tasklist.md,0,DRAFT_DONE,Describe the effect on the aeroplane due to the gyroscopic effect.
081.07.04.03.01,081,Principles of Flight — Aeroplanes,MED,N,,3,agent_tasklist.md,0,DRAFT_DONE,Describe the possible effects of the rotating propeller slipstream.
081.07.04.04.01,081,Principles of Flight — Aeroplanes,MED,N,,3,agent_tasklist.md,0,DRAFT_DONE,Explain the asymmetric blade effect (also called P factor).
081.07.04.04.02,081,Principles of Flight — Aeroplanes,MED,N,,3,agent_tasklist.md,0,DRAFT_DONE,Explain the influence of direction of rotation on the critical engine on twin-engine aeroplanes.
081.07.04.05.01,081,Principles of Flight — Aeroplanes,MED,N,,3,agent_tasklist.md,0,DRAFT_DONE,"Describe, given direction of propeller rotation, the propeller effects during take-off run, rotation and initial climb, and their consequence on controllability."
081.07.04.05.02,081,Principles of Flight — Aeroplanes,MED,N,,3,agent_tasklist.md,0,DRAFT_DONE,"Describe, given the direction of propeller rotation, the propeller effects during a go-around and their consequence on controllability."
081.07.04.05.03,081,Principles of Flight — Aeroplanes,MED,N,,3,agent_tasklist.md,0,DRAFT_DONE,Explain how propeller effects during go-around can be affected by: high engine performance conditions and their effect on the VMC speeds; loss of the critical engine; crosswind; high flap setting.
081.08.01.01.01,081,Principles of Flight — Aeroplanes,LOW,Y,,3,agent_tasklist.md,0,DRAFT_DONE,"Describe the forces that act on an aeroplane in straight, horizontal, and steady flight."
081.08.01.01.02,081,Principles of Flight — Aeroplanes,LOW,Y,,3,agent_tasklist.md,0,DRAFT_DONE,List the four forces and state where they act on.
081.08.01.01.03,081,Principles of Flight — Aeroplanes,MED,N,,3,agent_tasklist.md,0,DRAFT_DONE,"Explain how the four forces are balanced, including the function of the tailplane."
081.08.01.02.01,081,Principles of Flight — Aeroplanes,LOW,Y,,3,agent_tasklist.md,0,DRAFT_DONE,Define ‘flight-path angle’ (gamma).
081.08.01.02.02,081,Principles of Flight — Aeroplanes,MED,N,,3,agent_tasklist.md,0,DRAFT_DONE,"Describe the relationship between pitch attitude, gamma and alpha for zero-wind and zero-bank conditions."
081.08.01.02.03,081,Principles of Flight — Aeroplanes,LOW,Y,,3,agent_tasklist.md,0,DRAFT_DONE,"Describe the forces that act on an aeroplane in a straight, steady climb."
081.08.01.02.04,081,Principles of Flight — Aeroplanes,MED,N,,3,agent_tasklist.md,0,DRAFT_DONE,Name the forces parallel and perpendicular to the direction of flight. Apply the formula relating to the parallel forces (T equals D plus W sin gamma). Apply the formula relating to the perpendicular forces (L equals W cos gamma).
081.08.01.02.05,081,Principles of Flight — Aeroplanes,MED,N,,3,agent_tasklist.md,0,DRAFT_DONE,Explain why thrust is greater than drag.
081.08.01.02.06,081,Principles of Flight — Aeroplanes,MED,N,,3,agent_tasklist.md,0,DRAFT_DONE,Explain why lift is less than weight.
081.08.01.02.07,081,Principles of Flight — Aeroplanes,MED,N,,3,agent_tasklist.md,0,DRAFT_DONE,"Explain the formula (for small angles) that gives the relationship between gamma, thrust, weight, and lift-drag ratio, and use this formula for simple calculations."
081.08.01.02.08,081,Principles of Flight — Aeroplanes,MED,N,,3,agent_tasklist.md,0,DRAFT_DONE,"Explain how IAS, alpha, and gamma change in a climb performed with constant vertical speed and constant thrust setting."
081.08.01.03.01,081,Principles of Flight — Aeroplanes,LOW,Y,,3,agent_tasklist.md,0,DRAFT_DONE,"Describe the forces that act on an aeroplane in a straight, steady descent."
081.08.01.03.02,081,Principles of Flight — Aeroplanes,MED,N,,3,agent_tasklist.md,0,DRAFT_DONE,Name the forces parallel and perpendicular to the direction of flight. Apply the formula for forces parallel to the direction of flight (T equals D - W sin gamma). Apply the formula relating to the perpendicular forces (L equals W cos gamma).
081.08.01.03.03,081,Principles of Flight — Aeroplanes,MED,N,,3,agent_tasklist.md,0,DRAFT_DONE,Explain why lift is less than weight.
081.08.01.03.04,081,Principles of Flight — Aeroplanes,MED,N,,3,agent_tasklist.md,0,DRAFT_DONE,Explain why thrust is less than drag.
081.08.01.04.01,081,Principles of Flight — Aeroplanes,LOW,Y,,3,agent_tasklist.md,0,DRAFT_DONE,"Describe the forces that act on an aeroplane in a straight, steady glide."
081.08.01.04.02,081,Principles of Flight — Aeroplanes,MED,N,,3,agent_tasklist.md,0,DRAFT_DONE,Name the forces parallel and perpendicular to the direction of flight. Apply the formula for forces parallel to the direction of flight (D equals W sin gamma). Apply the formula for forces perpendicular to the direction of flight (L equals W cos gamma).
081.08.01.04.03,081,Principles of Flight — Aeroplanes,MED,N,,3,agent_tasklist.md,0,DRAFT_DONE,"Describe the relationship between the glide gradient and the lift-drag ratio, and calculate glide range given: initial height; L-D ratio; glide speed and wind speed."
081.08.01.04.04,081,Principles of Flight — Aeroplanes,MED,N,,3,agent_tasklist.md,0,DRAFT_DONE,"Define VMD (speed for minimum drag) and explain the relationship between alpha, VMD and the best lift-drag ratio."
081.08.01.04.05,081,Principles of Flight — Aeroplanes,MED,N,,3,agent_tasklist.md,0,DRAFT_DONE,"Explain the effect of wind component on glide angle, duration, and distance."
081.08.01.04.06,081,Principles of Flight — Aeroplanes,MED,N,,3,agent_tasklist.md,0,DRAFT_DONE,"Explain the effect of mass change on glide angle, duration, and distance, given that the aeroplane remains at either the same airspeed or at VMD."
081.08.01.04.07,081,Principles of Flight — Aeroplanes,MED,N,,3,agent_tasklist.md,0,DRAFT_DONE,Explain the effect of configuration change on glide angle and duration.
081.08.01.04.08,081,Principles of Flight — Aeroplanes,MED,N,,3,agent_tasklist.md,0,DRAFT_DONE,"Describe the relation between TAS, gradient of descent, and rate of descent."
081.08.01.04.09,081,Principles of Flight — Aeroplanes,MED,N,,3,agent_tasklist.md,0,DRAFT_DONE,"Define VMP (speed for minimum power) and describe that the minimum rate of descent in the glide will be at VMP, and explain the relationship of this speed to the optimum speed for minimum glide angle."
081.08.01.04.10,081,Principles of Flight — Aeroplanes,MED,N,,3,agent_tasklist.md,0,DRAFT_DONE,"Discuss when a pilot could elect to fly for minimum glide rate of descent or minimum glide angle, and why speed stability or headwinds/tailwinds may favour a speed that is faster or slower than the optimum airspeed in still air."
081.08.01.05.01,081,Principles of Flight — Aeroplanes,MED,N,,3,agent_tasklist.md,0,DRAFT_DONE,"Describe the forces that act on an aeroplane in a steady, coordinated turn."
081.08.01.05.02,081,Principles of Flight — Aeroplanes,MED,N,,3,agent_tasklist.md,0,DRAFT_DONE,Resolve the forces that act horizontally and vertically during a coordinated turn (tan phi equals V squared over gR).
081.08.01.05.03,081,Principles of Flight — Aeroplanes,MED,N,,3,agent_tasklist.md,0,DRAFT_DONE,"Describe the difference between a coordinated and an uncoordinated turn, and describe how to correct an uncoordinated turn using turn and slip indicator or turn coordinator."
081.08.01.05.04,081,Principles of Flight — Aeroplanes,MED,N,,3,agent_tasklist.md,0,DRAFT_DONE,"Explain why the angle of bank is independent of mass, and that it only depends on TAS and radius of turn."
081.08.01.05.05,081,Principles of Flight — Aeroplanes,MED,N,,3,agent_tasklist.md,0,DRAFT_DONE,Resolve the forces to show that for a given angle of bank the radius of turn is determined solely by airspeed (tan phi equals V squared over gR).
081.08.01.05.06,081,Principles of Flight — Aeroplanes,MED,N,,3,agent_tasklist.md,0,DRAFT_DONE,Calculate the turn radius of a steady turn given TAS and angle of bank.
081.08.01.05.07,081,Principles of Flight — Aeroplanes,MED,N,,3,agent_tasklist.md,0,DRAFT_DONE,Explain the effects of bank angle on: load factor (LF equals 1 over cos phi); alpha; thrust; drag.
081.08.01.05.08,081,Principles of Flight — Aeroplanes,LOW,Y,,3,agent_tasklist.md,0,DRAFT_DONE,Define ‘angular velocity’.
081.08.01.05.09,081,Principles of Flight — Aeroplanes,LOW,Y,,3,agent_tasklist.md,0,DRAFT_DONE,Define ‘rate of turn’ and ‘rate-1 turn’.
081.08.01.05.10,081,Principles of Flight — Aeroplanes,MED,N,,3,agent_tasklist.md,0,DRAFT_DONE,Explain the influence of TAS on rate of turn at a given bank angle.
081.08.01.05.11,081,Principles of Flight — Aeroplanes,MED,N,,3,agent_tasklist.md,0,DRAFT_DONE,Calculate the load factor and stall speed in a turn given angle of bank and 1g stall speed.
081.08.01.05.12,081,Principles of Flight — Aeroplanes,MED,N,,3,agent_tasklist.md,0,DRAFT_DONE,"Explain situations in which turn radius is relevant for safety, such as maximum speed limits on departure or arrival plates, or outbound speed categories on approach plates, and the implications/hazards of exceeding given speeds."
081.08.01.05.13,081,Principles of Flight — Aeroplanes,MED,N,,3,agent_tasklist.md,0,DRAFT_DONE,Describe the hazards of excessive use of rudder to increase the rate of turn in a swept-wing aeroplane.
081.08.02.01.01,081,Principles of Flight — Aeroplanes,MED,N,,3,agent_tasklist.md,0,DRAFT_DONE,"Describe the effects on the aeroplane of asymmetric thrust during flight, for both jet-engined and propeller-driven aeroplanes."
081.08.02.01.02,081,Principles of Flight — Aeroplanes,MED,N,,3,agent_tasklist.md,0,DRAFT_DONE,"Explain critical engine, and explain, for a propeller-driven aeroplane, the effect of the direction of propeller rotation."
081.08.02.01.03,081,Principles of Flight — Aeroplanes,LOW,Y,,3,agent_tasklist.md,0,DRAFT_DONE,"Explain the effect of steady, asymmetric flight on a conventional (ball) slip indicator/turn indicator."
081.08.02.01.04,081,Principles of Flight — Aeroplanes,MED,N,,3,agent_tasklist.md,0,DRAFT_DONE,Explain the effect of a crosswind on asymmetric flight.
081.08.02.02.01,081,Principles of Flight — Aeroplanes,MED,N,,3,agent_tasklist.md,0,DRAFT_DONE,Explain the yaw moments about the CG.
081.08.02.02.02,081,Principles of Flight — Aeroplanes,MED,N,,3,agent_tasklist.md,0,DRAFT_DONE,Explain the change to the yaw moment caused by the effect of air density on thrust.
081.08.02.02.03,081,Principles of Flight — Aeroplanes,MED,N,,3,agent_tasklist.md,0,DRAFT_DONE,Describe the changes to the yaw moment caused by engine distance from CG.
081.08.02.02.04,081,Principles of Flight — Aeroplanes,MED,N,,3,agent_tasklist.md,0,DRAFT_DONE,Describe the methods to achieve directional balance following engine loss.
081.08.02.03.01,081,Principles of Flight — Aeroplanes,MED,N,,3,agent_tasklist.md,0,DRAFT_DONE,Explain: the force on the vertical fin; the fuselage side force due to sideslip (using wing-level method); the use of bank angle to tilt the lift vector (in wing-down method).
081.08.02.03.02,081,Principles of Flight — Aeroplanes,MED,N,,3,agent_tasklist.md,0,DRAFT_DONE,Explain the flight hazards at VMC: alpha; side slip; loads on the fin; alpha on the fin.
081.08.02.03.03,081,Principles of Flight — Aeroplanes,MED,N,,3,agent_tasklist.md,0,DRAFT_DONE,Explain the effect on fin alpha due to sideslip.
081.08.02.04.01,081,Principles of Flight — Aeroplanes,MED,N,,3,agent_tasklist.md,0,DRAFT_DONE,Explain why controllability with one-engine-inoperative is a typical problem arising from the low speeds associated with low aeroplane mass.
081.08.02.08.01,081,Principles of Flight — Aeroplanes,MED,N,,3,agent_tasklist.md,0,DRAFT_DONE,Define ‘VMC’.
081.08.02.08.02,081,Principles of Flight — Aeroplanes,MED,N,,3,agent_tasklist.md,0,DRAFT_DONE,Describe how VMC is determined.
081.08.02.08.03,081,Principles of Flight — Aeroplanes,MED,N,,3,agent_tasklist.md,0,DRAFT_DONE,Explain the influence of the CG location.
081.08.02.09.01,081,Principles of Flight — Aeroplanes,MED,N,,3,agent_tasklist.md,0,DRAFT_DONE,Define ‘VMCL’.
081.08.02.09.02,081,Principles of Flight — Aeroplanes,MED,N,,3,agent_tasklist.md,0,DRAFT_DONE,Describe how VMCL is determined.
081.08.02.09.03,081,Principles of Flight — Aeroplanes,MED,N,,3,agent_tasklist.md,0,DRAFT_DONE,Explain the influence of the CG location.
081.08.02.10.01,081,Principles of Flight — Aeroplanes,MED,N,,3,agent_tasklist.md,0,DRAFT_DONE,Define ‘VMCG’.
081.08.02.10.02,081,Principles of Flight — Aeroplanes,MED,N,,3,agent_tasklist.md,0,DRAFT_DONE,Describe how VMCG is determined.
081.08.02.10.03,081,Principles of Flight — Aeroplanes,MED,N,,3,agent_tasklist.md,0,DRAFT_DONE,Explain the influence of the CG location.
081.08.02.11.01,081,Principles of Flight — Aeroplanes,MED,N,,3,agent_tasklist.md,0,DRAFT_DONE,Describe the influence of density on thrust during asymmetric flight.
081.08.02.11.02,081,Principles of Flight — Aeroplanes,MED,N,,3,agent_tasklist.md,0,DRAFT_DONE,"Explain why VMC, VMCL and VMCG reduce with a reduction in thrust."
081.08.03.01.01,081,Principles of Flight — Aeroplanes,MED,N,,3,agent_tasklist.md,0,DRAFT_DONE,Identify and explain the significant points on a polar curve.
090.01.01.01.01,090,Communications,MED,N,,3,agent_tasklist.md,0,DRAFT_DONE,Define commonly used air traffic services (ATS) terms for stations.
090.01.01.01.02,090,Communications,MED,N,,3,agent_tasklist.md,0,DRAFT_DONE,Define commonly used ATS terms for communication methods.
090.01.01.01.03,090,Communications,MED,N,,3,agent_tasklist.md,0,DRAFT_DONE,Recognise the terms used in conjunction with the approach and holding procedures.
090.01.01.02.01,090,Communications,MED,N,,3,agent_tasklist.md,0,DRAFT_DONE,Define commonly used ATS abbreviations: flight conditions; airspace; services; time; VFR-related terms; IFR-related terms; miscellaneous.
090.01.01.03.01,090,Communications,MED,N,,3,agent_tasklist.md,0,DRAFT_DONE,Define Q-code groups commonly used in RT air-ground communications: pressure settings; directions and bearings.
090.01.01.03.02,090,Communications,MED,N,,3,agent_tasklist.md,0,DRAFT_DONE,State the procedure for obtaining bearing information in flight.
090.01.01.04.01,090,Communications,MED,N,,3,agent_tasklist.md,0,DRAFT_DONE,Identify to which category of messages a type of message belongs and identify the associated priority indicator.
090.02.01.01.01,090,Communications,MED,N,,3,agent_tasklist.md,0,DRAFT_DONE,Know the phonetic alphabet used in RT.
090.02.01.01.02,090,Communications,MED,N,,3,agent_tasklist.md,0,DRAFT_DONE,Identify the circumstances when words should be spelt out.
090.02.01.02.01,090,Communications,MED,N,,3,agent_tasklist.md,0,DRAFT_DONE,"Describe the method of transmission of numbers: pronunciation; single digits, whole hundreds and whole thousands; state how numbers are transmitted in different circumstances."
090.02.01.03.01,090,Communications,MED,N,,3,agent_tasklist.md,0,DRAFT_DONE,"Describe the ways of transmitting time: the standard time reference is the Coordinated Universal Time (UTC); using only minutes, or minutes and hours, when required."
090.02.01.03.02,090,Communications,MED,N,,3,agent_tasklist.md,0,DRAFT_DONE,Describe the different ways in which time is to be transmitted.
090.02.01.04.01,090,Communications,LOW,Y,,3,agent_tasklist.md,0,DRAFT_DONE,Explain the techniques used for making good RT transmissions.
090.02.01.05.01,090,Communications,MED,N,,3,agent_tasklist.md,0,DRAFT_DONE,Define the meaning of standard words and phrases.
090.02.01.05.02,090,Communications,MED,N,,3,agent_tasklist.md,0,DRAFT_DONE,"Recognise, describe and use the correct standard phraseology for each phase of a VFR flight (consider communication with each type of aeronautical station): before taxi; taxi; departure; en route; circuit; final; landing; after landing."
090.02.01.05.03,090,Communications,MED,N,,3,agent_tasklist.md,0,DRAFT_DONE,"Recognise, describe and use the correct standard phraseology for each phase of an IFR flight, including PBN operations (consider communication with each type of aeronautical station): before pushback or taxi; pushback; taxi; departure; en route; approach; final approach; landing; after landing."
090.02.01.05.04,090,Communications,MED,N,,3,agent_tasklist.md,0,DRAFT_DONE,Explain phraseology for the selective calling system (SELCAL) and aircraft communications addressing and reporting system (ACARS).
090.02.01.05.05,090,Communications,MED,N,,3,agent_tasklist.md,0,DRAFT_DONE,Explain traffic alert and collision avoidance system (TCAS) phraseology.
090.02.01.06.01,090,Communications,MED,N,,3,agent_tasklist.md,0,DRAFT_DONE,Name the two parts of the call sign of an aeronautical station.
090.02.01.06.02,090,Communications,MED,N,,3,agent_tasklist.md,0,DRAFT_DONE,Identify the call-sign suffixes for aeronautical stations.
090.02.01.06.03,090,Communications,MED,N,,3,agent_tasklist.md,0,DRAFT_DONE,Explain when the call sign may be omitted or abbreviated to the use of suffix only.
090.02.01.07.01,090,Communications,MED,N,,3,agent_tasklist.md,0,DRAFT_DONE,Describe the three different ways to compose an aircraft call sign.
090.02.01.07.02,090,Communications,MED,N,,3,agent_tasklist.md,0,DRAFT_DONE,Describe the abbreviated forms for aircraft call signs.
090.02.01.07.03,090,Communications,MED,N,,3,agent_tasklist.md,0,DRAFT_DONE,Explain when aircraft call signs may be abbreviated.
090.02.01.07.04,090,Communications,MED,N,,3,agent_tasklist.md,0,DRAFT_DONE,Explain when the suffix ‘HEAVY’ or ‘SUPER’ is used with an aircraft call sign.
090.02.01.07.05,090,Communications,MED,N,,3,agent_tasklist.md,0,DRAFT_DONE,Explain the use of the phrase ‘Change your call sign to…’.
090.02.01.07.06,090,Communications,MED,N,,3,agent_tasklist.md,0,DRAFT_DONE,Explain the use of the phrase ‘Revert to flight plan call sign’.
090.02.01.08.01,090,Communications,MED,N,,3,agent_tasklist.md,0,DRAFT_DONE,Describe the procedure for transfer of communication: by ground station; by aircraft.
090.02.01.09.01,090,Communications,MED,N,,3,agent_tasklist.md,0,DRAFT_DONE,Explain how to test radio transmission and reception.
090.02.01.09.02,090,Communications,MED,N,,3,agent_tasklist.md,0,DRAFT_DONE,State the readability scale and explain its meaning.
090.02.01.10.01,090,Communications,MED,N,,3,agent_tasklist.md,0,DRAFT_DONE,Describe the requirement to read back ATC route clearances.
090.02.01.10.02,090,Communications,MED,N,,3,agent_tasklist.md,0,DRAFT_DONE,Describe the requirement to read back clearances related to the runway in use.
090.02.01.10.03,090,Communications,MED,N,,3,agent_tasklist.md,0,DRAFT_DONE,Describe the requirement to read back other clearances including conditional clearances.
090.02.01.10.04,090,Communications,MED,N,,3,agent_tasklist.md,0,DRAFT_DONE,"Describe the requirement to read back other data such as runway, secondary surveillance radar (SSR) codes, etc."
090.02.01.11.01,090,Communications,MED,N,,3,agent_tasklist.md,0,DRAFT_DONE,Use the correct phraseology for an aircraft receiving a radar service: radar identification; radar vectoring; traffic information and avoidance; SSR procedures.
090.02.01.12.01,090,Communications,MED,N,,3,agent_tasklist.md,0,DRAFT_DONE,Use the correct term to describe vertical position in relation to: flight level (standard pressure setting); altitude (metres/feet on QNH); height (metres/feet on QFE).
090.02.01.13.01,090,Communications,MED,N,,3,agent_tasklist.md,0,DRAFT_DONE,List the different types of messages of the controller–pilot data link communications (CPDLC) function and give examples of data link messages.
090.02.01.13.02,090,Communications,MED,N,,3,agent_tasklist.md,0,DRAFT_DONE,Describe a notification phase (LOG ON) and state its purpose.
090.02.01.13.03,090,Communications,MED,N,,3,agent_tasklist.md,0,DRAFT_DONE,Explain the phrases to be used: when voice communication is used to correct a CPDLC message; in case of single CPDLC message failure; when CPDLC has failed; when reverting from CPDLC to voice communication.
090.03.01.01.01,090,Communications,MED,N,,3,agent_tasklist.md,0,DRAFT_DONE,"List the contents of aerodrome weather reports and state units of measurement used for each item: wind direction and speed; variation of wind direction and speed; visibility; present weather; cloud amount and type (including the definition of cloud and visibility OK (CAVOK); air temperature and dew point; pressure values (QNH, QFE); supplementary information (aerodrome warnings, landing runway, runway conditions, restrictions, obstructions, wind-shear warnings, etc.)."
090.03.01.02.01,090,Communications,MED,N,,3,agent_tasklist.md,0,DRAFT_DONE,"List the sources (VOLMET and ATIS units) of weather information available for aircraft in flight, and describe situation(s) in which a pilot would normally obtain each."
090.03.01.02.02,090,Communications,LOW,Y,,3,agent_tasklist.md,0,DRAFT_DONE,"Explain the meaning of the acronyms ‘D-ATIS’, ‘ATIS’, and ‘VOLMET’."
090.03.01.02.03,090,Communications,MED,N,,3,agent_tasklist.md,0,DRAFT_DONE,Explain and demonstrate how to decode ATIS messages.
090.03.01.02.04,090,Communications,MED,N,,3,agent_tasklist.md,0,DRAFT_DONE,Explain and demonstrate how to decode D-ATIS messages.
090.04.01.01.01,090,Communications,MED,N,,3,agent_tasklist.md,0,DRAFT_DONE,State the action to be taken in case of communication failure on a controlled VFR flight.
090.04.01.01.02,090,Communications,MED,N,,3,agent_tasklist.md,0,DRAFT_DONE,Identify the frequencies to be used in an attempt to establish communication.
090.04.01.01.03,090,Communications,MED,N,,3,agent_tasklist.md,0,DRAFT_DONE,State the additional information that should be transmitted in the event of receiver failure.
090.04.01.01.04,090,Communications,MED,N,,3,agent_tasklist.md,0,DRAFT_DONE,Identify the SSR code that may be used to indicate communication failure.
090.04.01.01.05,090,Communications,MED,N,,3,agent_tasklist.md,0,DRAFT_DONE,Explain the action to be taken by a pilot that experiences a communication failure in the aerodrome traffic pattern at controlled aerodromes.
090.04.01.01.06,090,Communications,MED,N,,3,agent_tasklist.md,0,DRAFT_DONE,Describe the action to be taken in case of communication failure on an IFR flight.
090.04.01.01.07,090,Communications,MED,N,,3,agent_tasklist.md,0,DRAFT_DONE,Describe the action to be taken in case of communication failure on an IFR flight when flying in visual meteorological conditions (VMC) and the flight will be terminated in VMC.
090.04.01.01.08,090,Communications,MED,N,,3,agent_tasklist.md,0,DRAFT_DONE,Describe the action to be taken in case of communication failure on an IFR flight when flying in instrument meteorological conditions (IMC).
090.04.01.01.09,090,Communications,MED,N,,3,agent_tasklist.md,0,DRAFT_DONE,Explain the causes and possible safety impacts of a blocked frequency.
090.05.01.01.01,090,Communications,MED,N,,3,agent_tasklist.md,0,DRAFT_DONE,State the DISTRESS signal(s) and DISTRESS procedure(s).
090.05.01.01.02,090,Communications,MED,N,,3,agent_tasklist.md,0,DRAFT_DONE,Define ‘DISTRESS’.
090.05.01.01.03,090,Communications,MED,N,,3,agent_tasklist.md,0,DRAFT_DONE,Identify the frequencies that should be used by aircraft in DISTRESS.
090.05.01.01.04,090,Communications,MED,N,,3,agent_tasklist.md,0,DRAFT_DONE,"Specify the emergency SSR codes that may be used by aircraft, and the meaning of the codes."
090.05.01.01.05,090,Communications,MED,N,,3,agent_tasklist.md,0,DRAFT_DONE,Describe the action to be taken by the station which receives a DISTRESS message.
090.05.01.01.06,090,Communications,MED,N,,3,agent_tasklist.md,0,DRAFT_DONE,Describe the action to be taken by all other stations when a DISTRESS procedure is in progress.
090.05.01.01.07,090,Communications,MED,N,,3,agent_tasklist.md,0,DRAFT_DONE,List the correctly sequenced elements of a DISTRESS signal/message and describe the message content.
090.05.01.01.08,090,Communications,MED,N,,3,agent_tasklist.md,0,DRAFT_DONE,Describe the use of discrete frequencies (DEF) in case of distress or urgency.
090.05.01.01.09,090,Communications,MED,N,,3,agent_tasklist.md,0,DRAFT_DONE,State that DISTRESS messages take priority over all other messages.
090.05.01.02.01,090,Communications,MED,N,,3,agent_tasklist.md,0,DRAFT_DONE,State the URGENCY signal(s) and URGENCY procedure(s).
090.05.01.02.02,090,Communications,MED,N,,3,agent_tasklist.md,0,DRAFT_DONE,Define ‘URGENCY’.
090.05.01.02.03,090,Communications,MED,N,,3,agent_tasklist.md,0,DRAFT_DONE,Identify the frequencies that should be used by aircraft in URGENCY.
090.05.01.02.04,090,Communications,MED,N,,3,agent_tasklist.md,0,DRAFT_DONE,Describe the action to be taken by the station which receives an URGENCY message.
090.05.01.02.05,090,Communications,MED,N,,3,agent_tasklist.md,0,DRAFT_DONE,Describe the action to be taken by all other stations when an URGENCY procedure is in progress.
090.05.01.02.06,090,Communications,MED,N,,3,agent_tasklist.md,0,DRAFT_DONE,List the correctly sequenced elements of an URGENCY signal/message and describe the message content.
090.05.01.02.07,090,Communications,MED,N,,3,agent_tasklist.md,0,DRAFT_DONE,State that URGENCY messages take priority over all other messages except DISTRESS.
090.06.01.01.01,090,Communications,MED,N,,3,agent_tasklist.md,0,DRAFT_DONE,Describe the radio-frequency spectrum with particular reference to VHF.
090.06.01.01.02,090,Communications,MED,N,,3,agent_tasklist.md,0,DRAFT_DONE,Describe the radio-frequency spectrum of the bands into which the radio-frequency spectrum is divided.
090.06.01.01.03,090,Communications,MED,N,,3,agent_tasklist.md,0,DRAFT_DONE,Identify the frequency range of the VHF band.
090.06.01.01.04,090,Communications,MED,N,,3,agent_tasklist.md,0,DRAFT_DONE,State the band normally used for aeronautical mobile service (AMS) voice communication.
090.06.01.01.05,090,Communications,MED,N,,3,agent_tasklist.md,0,DRAFT_DONE,State the frequency separation allocated between consecutive VHF frequencies.
090.06.01.01.06,090,Communications,MED,N,,3,agent_tasklist.md,0,DRAFT_DONE,List the factors which reduce the effective range and quality of VHF radio transmissions.
090.07.01.01.01,090,Communications,MED,N,,3,agent_tasklist.md,0,DRAFT_DONE,Explain when aircraft routine meteorological observations should be made.
090.07.01.01.02,090,Communications,MED,N,,3,agent_tasklist.md,0,DRAFT_DONE,Explain when aircraft special meteorological observations should be made.
090.07.01.02.01,090,Communications,LOW,Y,,3,agent_tasklist.md,0,DRAFT_DONE,Describe and list Morse code.
090.07.01.02.02,090,Communications,MED,N,,3,agent_tasklist.md,0,DRAFT_DONE,"Find the Morse code identifiers of radio navigation aids (VHF omnidirectional radio range (VOR), distance-measuring equipment (DME), non-directional radio beacon (NDB), instrument landing system (ILS)) using aeronautical charts."